AÑO,MES,"NOMBRE DEL
APARCAMIENTO","CÓDIDO
PAR",TIPO,"NUM
PLAZAS","CÓDIGO
DISTRITO",DISTRITO,"Días
Cálculo","Vehículos
día (media)",Ocupación (%),"Ocupación
9h-21h (%)"
2019,1,ALMAGRO,5000,ROT,437,7,CHAMBERI,31,73,0.16699999999999998,0.263
2019,2,ALMAGRO,5000,ROT,437,7,CHAMBERI,28,85,0.196,0.299
2019,3,ALMAGRO,5000,ROT,437,7,CHAMBERI,31,88,0.20199999999999999,0.306
2019,4,ALMAGRO,5000,ROT,437,7,CHAMBERI,30,65,0.15,0.23600000000000002
2019,5,ALMAGRO,5000,ROT,437,7,CHAMBERI,31,84,0.192,0.28800000000000003
2019,6,ALMAGRO,5000,ROT,437,7,CHAMBERI,30,99,0.228,0.363
2019,7,ALMAGRO,5000,ROT,437,7,CHAMBERI,31,69,0.157,0.23600000000000002
2019,8,ALMAGRO,5000,ROT,437,7,CHAMBERI,31,51,0.11800000000000001,0.166
2019,9,ALMAGRO,5000,ROT,437,7,CHAMBERI,30,79,0.18100000000000002,0.266
2019,10,ALMAGRO,5000,ROT,437,7,CHAMBERI,31,85,0.195,0.301
2019,11,ALMAGRO,5000,ROT,437,7,CHAMBERI,30,73,0.16699999999999998,0.26899999999999996
2019,12,ALMAGRO,5000,ROT,437,7,CHAMBERI,31,75,0.172,0.25
2019,1,ARQUITECTO RIBERA (BARCELÓ),111,MIX,318,1,CENTRO,31,160,0.502,0.659
2019,2,ARQUITECTO RIBERA (BARCELÓ),111,MIX,318,1,CENTRO,28,172,0.541,0.72
2019,3,ARQUITECTO RIBERA (BARCELÓ),111,MIX,318,1,CENTRO,31,168,0.529,0.7020000000000001
2019,4,ARQUITECTO RIBERA (BARCELÓ),111,MIX,318,1,CENTRO,30,147,0.461,0.603
2019,5,ARQUITECTO RIBERA (BARCELÓ),111,MIX,318,1,CENTRO,31,150,0.47200000000000003,0.613
2019,6,ARQUITECTO RIBERA (BARCELÓ),111,MIX,318,1,CENTRO,30,160,0.504,0.664
2019,7,ARQUITECTO RIBERA (BARCELÓ),111,MIX,318,1,CENTRO,31,190,0.596,0.752
2019,8,ARQUITECTO RIBERA (BARCELÓ),111,MIX,318,1,CENTRO,31,121,0.382,0.46299999999999997
2019,9,ARQUITECTO RIBERA (BARCELÓ),111,MIX,318,1,CENTRO,30,150,0.47100000000000003,0.611
2019,10,ARQUITECTO RIBERA (BARCELÓ),111,MIX,318,1,CENTRO,31,169,0.53,0.6970000000000001
2019,11,ARQUITECTO RIBERA (BARCELÓ),111,MIX,318,1,CENTRO,30,174,0.5479999999999999,0.7170000000000001
2019,12,ARQUITECTO RIBERA (BARCELÓ),111,MIX,318,1,CENTRO,31,173,0.544,0.6920000000000001
2019,1,AVENIDA AMÉRICA (intercambiador),519,MIX,261,5,CHAMARTIN,31,138,0.529,0.634
2019,2,AVENIDA AMÉRICA (intercambiador),519,MIX,261,5,CHAMARTIN,28,143,0.546,0.657
2019,3,AVENIDA AMÉRICA (intercambiador),519,MIX,261,5,CHAMARTIN,31,138,0.53,0.637
2019,4,AVENIDA AMÉRICA (intercambiador),519,MIX,261,5,CHAMARTIN,30,129,0.495,0.599
2019,5,AVENIDA AMÉRICA (intercambiador),519,MIX,261,5,CHAMARTIN,31,124,0.475,0.57
2019,6,AVENIDA AMÉRICA (intercambiador),519,MIX,261,5,CHAMARTIN,30,124,0.474,0.57
2019,7,AVENIDA AMÉRICA (intercambiador),519,MIX,261,5,CHAMARTIN,31,110,0.42100000000000004,0.524
2019,8,AVENIDA AMÉRICA (intercambiador),519,MIX,261,5,CHAMARTIN,31,92,0.354,0.423
2019,9,AVENIDA AMÉRICA (intercambiador),519,MIX,261,5,CHAMARTIN,30,118,0.45399999999999996,0.5479999999999999
2019,10,AVENIDA AMÉRICA (intercambiador),519,MIX,261,5,CHAMARTIN,31,130,0.49700000000000005,0.607
2019,11,AVENIDA AMÉRICA (intercambiador),519,MIX,261,5,CHAMARTIN,30,125,0.479,0.588
2019,12,AVENIDA AMÉRICA (intercambiador),519,MIX,261,5,CHAMARTIN,31,121,0.46299999999999997,0.563
2019,1,AVENIDA DE PORTUGAL,1022,MIX,428,10,LATINA,31,65,0.152,0.196
2019,2,AVENIDA DE PORTUGAL,1022,MIX,428,10,LATINA,28,78,0.18100000000000002,0.23600000000000002
2019,3,AVENIDA DE PORTUGAL,1022,MIX,428,10,LATINA,31,91,0.212,0.267
2019,4,AVENIDA DE PORTUGAL,1022,MIX,428,10,LATINA,30,92,0.21600000000000003,0.265
2019,5,AVENIDA DE PORTUGAL,1022,MIX,428,10,LATINA,31,71,0.16699999999999998,0.21899999999999997
2019,6,AVENIDA DE PORTUGAL,1022,MIX,428,10,LATINA,30,74,0.174,0.217
2019,7,AVENIDA DE PORTUGAL,1022,MIX,428,10,LATINA,31,37,0.087,0.115
2019,8,AVENIDA DE PORTUGAL,1022,MIX,428,10,LATINA,31,29,0.068,0.08
2019,9,AVENIDA DE PORTUGAL,1022,MIX,428,10,LATINA,30,40,0.09300000000000001,0.127
2019,10,AVENIDA DE PORTUGAL,1022,MIX,428,10,LATINA,31,54,0.126,0.163
2019,11,AVENIDA DE PORTUGAL,1022,MIX,428,10,LATINA,30,74,0.17300000000000001,0.196
2019,12,AVENIDA DE PORTUGAL,1022,MIX,428,10,LATINA,31,70,0.16399999999999998,0.188
2019,1,BRASIL,602,MIX,226,6,TETUAN,31,5,0.021,0.037000000000000005
2019,2,BRASIL,602,MIX,226,6,TETUAN,28,4,0.019,0.032
2019,3,BRASIL,602,MIX,226,6,TETUAN,31,4,0.017,0.031
2019,4,BRASIL,602,MIX,226,6,TETUAN,30,3,0.013999999999999999,0.024
2019,5,BRASIL,602,MIX,226,6,TETUAN,31,3,0.013999999999999999,0.025
2019,6,BRASIL,602,MIX,226,6,TETUAN,30,3,0.013999999999999999,0.025
2019,7,BRASIL,602,MIX,226,6,TETUAN,31,2,0.01,0.019
2019,8,BRASIL,602,MIX,226,6,TETUAN,30,1,0.005,0.01
2019,9,BRASIL,602,MIX,226,6,TETUAN,30,3,0.013999999999999999,0.024
2019,10,BRASIL,602,MIX,226,6,TETUAN,31,4,0.018000000000000002,0.031
2019,11,BRASIL,602,MIX,226,6,TETUAN,30,4,0.02,0.032
2019,12,BRASIL,602,MIX,226,6,TETUAN,31,4,0.018000000000000002,0.028999999999999998
2019,1,CASINO DE LA REINA,122,MIX,131,1,CENTRO,31,105,0.804,0.833
2019,2,CASINO DE LA REINA,122,MIX,131,1,CENTRO,28,108,0.823,0.866
2019,3,CASINO DE LA REINA,122,MIX,131,1,CENTRO,31,111,0.847,0.894
2019,4,CASINO DE LA REINA,122,MIX,131,1,CENTRO,30,106,0.807,0.838
2019,5,CASINO DE LA REINA,122,MIX,131,1,CENTRO,31,102,0.7809999999999999,0.825
2019,6,CASINO DE LA REINA,122,MIX,131,1,CENTRO,30,100,0.765,0.8059999999999999
2019,7,CASINO DE LA REINA,122,MIX,131,1,CENTRO,31,87,0.6659999999999999,0.706
2019,8,CASINO DE LA REINA,122,MIX,131,1,CENTRO,31,81,0.618,0.649
2019,9,CASINO DE LA REINA,122,MIX,131,1,CENTRO,30,100,0.763,0.825
2019,10,CASINO DE LA REINA,122,MIX,131,1,CENTRO,31,103,0.784,0.8440000000000001
2019,11,CASINO DE LA REINA,122,MIX,131,1,CENTRO,30,101,0.77,0.831
2019,12,CASINO DE LA REINA,122,MIX,131,1,CENTRO,31,102,0.775,0.841
2019,1,CONDESA DE GAVIA,607,MIX,146,6,TETUAN,14,2,0.012,0.024
2019,2,CONDESA DE GAVIA,607,MIX,146,6,TETUAN,15,2,0.012,0.025
2019,3,CONDESA DE GAVIA,607,MIX,146,6,TETUAN,26,2,0.011000000000000001,0.022000000000000002
2019,4,CONDESA DE GAVIA,607,MIX,146,6,TETUAN,24,2,0.01,0.021
2019,5,CONDESA DE GAVIA,607,MIX,146,6,TETUAN,24,2,0.012,0.024
2019,6,CONDESA DE GAVIA,607,MIX,146,6,TETUAN,25,2,0.011000000000000001,0.023
2019,7,CONDESA DE GAVIA,607,MIX,146,6,TETUAN,27,1,0.008,0.016
2019,8,CONDESA DE GAVIA,607,MIX,146,6,TETUAN,25,1,0.006,0.013000000000000001
2019,9,CONDESA DE GAVIA,607,MIX,146,6,TETUAN,25,2,0.013000000000000001,0.026000000000000002
2019,10,CONDESA DE GAVIA,607,MIX,146,6,TETUAN,26,2,0.013000000000000001,0.026000000000000002
2019,11,CONDESA DE GAVIA,607,MIX,146,6,TETUAN,24,2,0.016,0.031
2019,12,CONDESA DE GAVIA,607,MIX,146,6,TETUAN,24,3,0.021,0.042
2019,1,CORAZÓN DE MARÍA II,511,MIX,327,5,CHAMARTIN,31,4,0.011000000000000001,0.022000000000000002
2019,2,CORAZÓN DE MARÍA II,511,MIX,327,5,CHAMARTIN,28,4,0.011000000000000001,0.021
2019,3,CORAZÓN DE MARÍA II,511,MIX,327,5,CHAMARTIN,31,3,0.009000000000000001,0.018000000000000002
2019,4,CORAZÓN DE MARÍA II,511,MIX,327,5,CHAMARTIN,30,3,0.008,0.016
2019,5,CORAZÓN DE MARÍA II,511,MIX,327,5,CHAMARTIN,31,3,0.009000000000000001,0.018000000000000002
2019,6,CORAZÓN DE MARÍA II,511,MIX,327,5,CHAMARTIN,29,3,0.009000000000000001,0.018000000000000002
2019,7,CORAZÓN DE MARÍA II,511,MIX,327,5,CHAMARTIN,31,2,0.006999999999999999,0.013999999999999999
2019,8,CORAZÓN DE MARÍA II,511,MIX,327,5,CHAMARTIN,29,1,0.002,0.004
2019,9,CORAZÓN DE MARÍA II,511,MIX,327,5,CHAMARTIN,30,3,0.008,0.016
2019,10,CORAZÓN DE MARÍA II,511,MIX,327,5,CHAMARTIN,31,3,0.009000000000000001,0.018000000000000002
2019,11,CORAZÓN DE MARÍA II,511,MIX,327,5,CHAMARTIN,30,3,0.008,0.016
2019,12,CORAZÓN DE MARÍA II,511,MIX,327,5,CHAMARTIN,31,3,0.008,0.016
2019,1,CORONA BOREAL,911,MIX,125,9,MONCLOA-ARAVACA,31,7,0.057,0.113
2019,2,CORONA BOREAL,911,MIX,125,9,MONCLOA-ARAVACA,28,7,0.055999999999999994,0.11199999999999999
2019,3,CORONA BOREAL,911,MIX,125,9,MONCLOA-ARAVACA,31,8,0.062,0.124
2019,4,CORONA BOREAL,911,MIX,125,9,MONCLOA-ARAVACA,29,8,0.063,0.126
2019,5,CORONA BOREAL,911,MIX,125,9,MONCLOA-ARAVACA,31,9,0.07,0.139
2019,6,CORONA BOREAL,911,MIX,125,9,MONCLOA-ARAVACA,30,8,0.065,0.129
2019,7,CORONA BOREAL,911,MIX,125,9,MONCLOA-ARAVACA,31,7,0.057,0.11199999999999999
2019,8,CORONA BOREAL,911,MIX,125,9,MONCLOA-ARAVACA,31,2,0.017,0.033
2019,9,CORONA BOREAL,911,MIX,125,9,MONCLOA-ARAVACA,30,8,0.063,0.125
2019,10,CORONA BOREAL,911,MIX,125,9,MONCLOA-ARAVACA,31,8,0.066,0.131
2019,11,CORONA BOREAL,911,MIX,125,9,MONCLOA-ARAVACA,30,8,0.063,0.126
2019,12,CORONA BOREAL,911,MIX,125,9,MONCLOA-ARAVACA,31,7,0.057999999999999996,0.115
2019,1,DAOÍZ Y VELARDE,319,MIX,235,3,RETIRO,31,100,0.42700000000000005,0.5479999999999999
2019,2,DAOÍZ Y VELARDE,319,MIX,235,3,RETIRO,28,114,0.485,0.626
2019,3,DAOÍZ Y VELARDE,319,MIX,235,3,RETIRO,31,105,0.446,0.5720000000000001
2019,4,DAOÍZ Y VELARDE,319,MIX,235,3,RETIRO,30,100,0.42700000000000005,0.534
2019,5,DAOÍZ Y VELARDE,319,MIX,235,3,RETIRO,31,107,0.45399999999999996,0.573
2019,6,DAOÍZ Y VELARDE,319,MIX,235,3,RETIRO,30,104,0.445,0.555
2019,7,DAOÍZ Y VELARDE,319,MIX,235,3,RETIRO,31,106,0.451,0.56
2019,8,DAOÍZ Y VELARDE,319,MIX,235,3,RETIRO,31,80,0.341,0.39
2019,9,DAOÍZ Y VELARDE,319,MIX,235,3,RETIRO,30,102,0.433,0.545
2019,10,DAOÍZ Y VELARDE,319,MIX,235,3,RETIRO,31,102,0.435,0.557
2019,11,DAOÍZ Y VELARDE,319,MIX,235,3,RETIRO,30,108,0.45799999999999996,0.588
2019,12,DAOÍZ Y VELARDE,319,MIX,235,3,RETIRO,31,118,0.501,0.613
2019,1,DESCALZAS,5003,ROT,400,1,CENTRO,31,85,0.213,0.292
2019,2,DESCALZAS,5003,ROT,400,1,CENTRO,28,84,0.209,0.276
2019,3,DESCALZAS,5003,ROT,400,1,CENTRO,31,81,0.203,0.266
2019,4,DESCALZAS,5003,ROT,400,1,CENTRO,30,84,0.21,0.276
2019,5,DESCALZAS,5003,ROT,400,1,CENTRO,31,77,0.192,0.256
2019,6,DESCALZAS,5003,ROT,400,1,CENTRO,30,83,0.207,0.27
2019,7,DESCALZAS,5003,ROT,400,1,CENTRO,31,80,0.2,0.257
2019,8,DESCALZAS,5003,ROT,400,1,CENTRO,31,90,0.225,0.27699999999999997
2019,9,DESCALZAS,5003,ROT,400,1,CENTRO,30,95,0.23800000000000002,0.312
2019,10,DESCALZAS,5003,ROT,400,1,CENTRO,31,99,0.24600000000000002,0.33799999999999997
2019,11,DESCALZAS,5003,ROT,400,1,CENTRO,30,118,0.294,0.39799999999999996
2019,12,DESCALZAS,5003,ROT,400,1,CENTRO,31,162,0.40399999999999997,0.552
2019,1,DÍAZ PORLIER,416,MIX,203,4,SALAMANCA,31,122,0.602,0.792
2019,2,DÍAZ PORLIER,416,MIX,203,4,SALAMANCA,28,121,0.594,0.778
2019,3,DÍAZ PORLIER,416,MIX,203,4,SALAMANCA,31,114,0.563,0.745
2019,4,DÍAZ PORLIER,416,MIX,203,4,SALAMANCA,30,101,0.499,0.674
2019,5,DÍAZ PORLIER,416,MIX,203,4,SALAMANCA,31,102,0.5,0.6659999999999999
2019,6,DÍAZ PORLIER,416,MIX,203,4,SALAMANCA,30,101,0.499,0.67
2019,7,DÍAZ PORLIER,416,MIX,203,4,SALAMANCA,31,84,0.414,0.569
2019,8,DÍAZ PORLIER,416,MIX,203,4,SALAMANCA,31,44,0.21899999999999997,0.287
2019,9,DÍAZ PORLIER,416,MIX,203,4,SALAMANCA,30,96,0.47200000000000003,0.634
2019,10,DÍAZ PORLIER,416,MIX,203,4,SALAMANCA,31,116,0.569,0.777
2019,11,DÍAZ PORLIER,416,MIX,203,4,SALAMANCA,30,118,0.583,0.794
2019,12,DÍAZ PORLIER,416,MIX,203,4,SALAMANCA,31,107,0.526,0.6940000000000001
2019,1,ENCUENTRO,1419,MIX,90,14,MORATALAZ,31,0,0.005,0.005
2019,2,ENCUENTRO,1419,MIX,90,14,MORATALAZ,28,0,0.005,0.005
2019,3,ENCUENTRO,1419,MIX,90,14,MORATALAZ,31,0,0.005,0.006
2019,4,ENCUENTRO,1419,MIX,90,14,MORATALAZ,30,0,0.005,0.005
2019,5,ENCUENTRO,1419,MIX,90,14,MORATALAZ,31,0,0.005,0.006
2019,6,ENCUENTRO,1419,MIX,90,14,MORATALAZ,30,1,0.006,0.006999999999999999
2019,7,ENCUENTRO,1419,MIX,90,14,MORATALAZ,31,0,0.004,0.005
2019,8,ENCUENTRO,1419,MIX,90,14,MORATALAZ,31,0,0.002,0.003
2019,9,ENCUENTRO,1419,MIX,90,14,MORATALAZ,30,0,0.005,0.005
2019,10,ENCUENTRO,1419,MIX,90,14,MORATALAZ,31,1,0.006,0.006999999999999999
2019,11,ENCUENTRO,1419,MIX,90,14,MORATALAZ,30,1,0.006,0.006999999999999999
2019,12,ENCUENTRO,1419,MIX,90,14,MORATALAZ,31,1,0.006999999999999999,0.008
2019,1,FELIPE II,422,MIX,1175,4,SALAMANCA,31,128,0.109,0.2
2019,2,FELIPE II,422,MIX,1175,4,SALAMANCA,28,105,0.08900000000000001,0.16399999999999998
2019,3,FELIPE II,422,MIX,1175,4,SALAMANCA,31,97,0.083,0.152
2019,4,FELIPE II,422,MIX,1175,4,SALAMANCA,30,95,0.081,0.145
2019,5,FELIPE II,422,MIX,1175,4,SALAMANCA,31,102,0.087,0.155
2019,6,FELIPE II,422,MIX,1175,4,SALAMANCA,30,107,0.091,0.16
2019,7,FELIPE II,422,MIX,1175,4,SALAMANCA,31,102,0.087,0.158
2019,8,FELIPE II,422,MIX,1175,4,SALAMANCA,31,67,0.057,0.10400000000000001
2019,9,FELIPE II,422,MIX,1175,4,SALAMANCA,30,93,0.079,0.14400000000000002
2019,10,FELIPE II,422,MIX,1175,4,SALAMANCA,31,97,0.083,0.15
2019,11,FELIPE II,422,MIX,1175,4,SALAMANCA,30,108,0.092,0.16699999999999998
2019,12,FELIPE II,422,MIX,1175,4,SALAMANCA,31,130,0.111,0.19899999999999998
2019,1,FERNÁNDEZ SHAW,5005,MIX,243,3,RETIRO,31,94,0.389,0.581
2019,2,FERNÁNDEZ SHAW,5005,MIX,243,3,RETIRO,28,95,0.389,0.604
2019,3,FERNÁNDEZ SHAW,5005,MIX,243,3,RETIRO,31,92,0.37799999999999995,0.573
2019,4,FERNÁNDEZ SHAW,5005,MIX,243,3,RETIRO,30,83,0.342,0.516
2019,5,FERNÁNDEZ SHAW,5005,MIX,243,3,RETIRO,31,83,0.34299999999999997,0.521
2019,6,FERNÁNDEZ SHAW,5005,MIX,243,3,RETIRO,30,84,0.344,0.523
2019,7,FERNÁNDEZ SHAW,5005,MIX,243,3,RETIRO,31,80,0.32899999999999996,0.486
2019,8,FERNÁNDEZ SHAW,5005,MIX,243,3,RETIRO,31,66,0.271,0.363
2019,9,FERNÁNDEZ SHAW,5005,MIX,243,3,RETIRO,30,97,0.4,0.599
2019,10,FERNÁNDEZ SHAW,5005,MIX,243,3,RETIRO,31,96,0.39399999999999996,0.612
2019,11,FERNÁNDEZ SHAW,5005,MIX,243,3,RETIRO,30,94,0.386,0.593
2019,12,FERNÁNDEZ SHAW,5005,MIX,243,3,RETIRO,31,90,0.37,0.529
2019,1,HERNANI,617,MIX,115,6,TETUAN,31,58,0.501,0.8440000000000001
2019,2,HERNANI,617,MIX,115,6,TETUAN,28,54,0.47100000000000003,0.8
2019,3,HERNANI,617,MIX,115,6,TETUAN,31,49,0.426,0.715
2019,4,HERNANI,617,MIX,115,6,TETUAN,30,45,0.392,0.669
2019,5,HERNANI,617,MIX,115,6,TETUAN,31,48,0.41600000000000004,0.71
2019,6,HERNANI,617,MIX,115,6,TETUAN,30,52,0.449,0.757
2019,7,HERNANI,617,MIX,115,6,TETUAN,31,49,0.425,0.736
2019,8,HERNANI,617,MIX,115,6,TETUAN,31,21,0.18100000000000002,0.311
2019,9,HERNANI,617,MIX,115,6,TETUAN,30,48,0.419,0.711
2019,10,HERNANI,617,MIX,115,6,TETUAN,31,57,0.49200000000000005,0.815
2019,11,HERNANI,617,MIX,115,6,TETUAN,30,56,0.489,0.7809999999999999
2019,12,HERNANI,617,MIX,115,6,TETUAN,31,56,0.488,0.772
2019,1,JACINTO BENAVENTE,110,MIX,276,1,CENTRO,31,100,0.361,0.499
2019,2,JACINTO BENAVENTE,110,MIX,276,1,CENTRO,28,110,0.4,0.53
2019,3,JACINTO BENAVENTE,110,MIX,276,1,CENTRO,31,112,0.40700000000000003,0.542
2019,4,JACINTO BENAVENTE,110,MIX,276,1,CENTRO,30,120,0.434,0.535
2019,5,JACINTO BENAVENTE,110,MIX,276,1,CENTRO,31,112,0.40700000000000003,0.534
2019,6,JACINTO BENAVENTE,110,MIX,276,1,CENTRO,30,125,0.451,0.556
2019,7,JACINTO BENAVENTE,110,MIX,276,1,CENTRO,8,92,0.33299999999999996,0.418
2019,8,JACINTO BENAVENTE,110,MIX,276,1,CENTRO,31,142,0.513,0.588
2019,9,JACINTO BENAVENTE,110,MIX,276,1,CENTRO,28,164,0.596,0.6709999999999999
2019,10,JACINTO BENAVENTE,110,MIX,276,1,CENTRO,31,139,0.504,0.486
2019,11,JACINTO BENAVENTE,110,MIX,276,1,CENTRO,30,103,0.375,0.33
2019,12,JACINTO BENAVENTE,110,MIX,276,1,CENTRO,31,140,0.509,0.56
2019,1,JOSÉ CASTÁN TOBEÑAS,604,MIX,226,6,TETUAN,31,41,0.183,0.295
2019,2,JOSÉ CASTÁN TOBEÑAS,604,MIX,226,6,TETUAN,28,45,0.19899999999999998,0.315
2019,3,JOSÉ CASTÁN TOBEÑAS,604,MIX,226,6,TETUAN,31,40,0.177,0.285
2019,4,JOSÉ CASTÁN TOBEÑAS,604,MIX,226,6,TETUAN,30,36,0.159,0.257
2019,5,JOSÉ CASTÁN TOBEÑAS,604,MIX,226,6,TETUAN,31,36,0.159,0.263
2019,6,JOSÉ CASTÁN TOBEÑAS,604,MIX,226,6,TETUAN,30,35,0.155,0.255
2019,7,JOSÉ CASTÁN TOBEÑAS,604,MIX,226,6,TETUAN,31,28,0.124,0.21100000000000002
2019,8,JOSÉ CASTÁN TOBEÑAS,604,MIX,226,6,TETUAN,31,15,0.064,0.092
2019,9,JOSÉ CASTÁN TOBEÑAS,604,MIX,226,6,TETUAN,30,34,0.152,0.253
2019,10,JOSÉ CASTÁN TOBEÑAS,604,MIX,226,6,TETUAN,31,42,0.187,0.306
2019,11,JOSÉ CASTÁN TOBEÑAS,604,MIX,226,6,TETUAN,30,48,0.21100000000000002,0.327
2019,12,JOSÉ CASTÁN TOBEÑAS,604,MIX,226,6,TETUAN,31,47,0.20600000000000002,0.304
2019,1,LUNA TUDESCOS,5006,ROT,481,1,CENTRO,31,137,0.284,0.37799999999999995
2019,2,LUNA TUDESCOS,5006,ROT,481,1,CENTRO,28,140,0.29100000000000004,0.387
2019,3,LUNA TUDESCOS,5006,ROT,481,1,CENTRO,31,144,0.3,0.39
2019,4,LUNA TUDESCOS,5006,ROT,481,1,CENTRO,30,152,0.316,0.408
2019,5,LUNA TUDESCOS,5006,ROT,481,1,CENTRO,31,156,0.324,0.41600000000000004
2019,6,LUNA TUDESCOS,5006,ROT,481,1,CENTRO,30,158,0.32899999999999996,0.424
2019,7,LUNA TUDESCOS,5006,ROT,481,1,CENTRO,31,161,0.33399999999999996,0.418
2019,8,LUNA TUDESCOS,5006,ROT,481,1,CENTRO,31,166,0.344,0.41
2019,9,LUNA TUDESCOS,5006,ROT,481,1,CENTRO,30,147,0.305,0.39
2019,10,LUNA TUDESCOS,5006,ROT,481,1,CENTRO,31,180,0.375,0.489
2019,11,LUNA TUDESCOS,5006,ROT,481,1,CENTRO,30,184,0.38299999999999995,0.496
2019,12,LUNA TUDESCOS,5006,ROT,481,1,CENTRO,31,199,0.414,0.534
2019,1,MARQUÉS DE SALAMANCA,420,MIX,356,4,SALAMANCA,31,62,0.175,0.259
2019,2,MARQUÉS DE SALAMANCA,420,MIX,356,4,SALAMANCA,28,72,0.201,0.287
2019,3,MARQUÉS DE SALAMANCA,420,MIX,356,4,SALAMANCA,31,79,0.222,0.302
2019,4,MARQUÉS DE SALAMANCA,420,MIX,356,4,SALAMANCA,30,60,0.168,0.237
2019,5,MARQUÉS DE SALAMANCA,420,MIX,356,4,SALAMANCA,31,77,0.217,0.295
2019,6,MARQUÉS DE SALAMANCA,420,MIX,356,4,SALAMANCA,30,89,0.249,0.36
2019,7,MARQUÉS DE SALAMANCA,420,MIX,356,4,SALAMANCA,31,44,0.125,0.188
2019,8,MARQUÉS DE SALAMANCA,420,MIX,356,4,SALAMANCA,31,46,0.129,0.171
2019,9,MARQUÉS DE SALAMANCA,420,MIX,356,4,SALAMANCA,30,108,0.304,0.384
2019,10,MARQUÉS DE SALAMANCA,420,MIX,356,4,SALAMANCA,31,79,0.221,0.309
2019,11,MARQUÉS DE SALAMANCA,420,MIX,356,4,SALAMANCA,30,82,0.23,0.314
2019,12,MARQUÉS DE SALAMANCA,420,MIX,356,4,SALAMANCA,31,58,0.162,0.23399999999999999
2019,1,MARQUÉS DE URQUIJO,5007,ROT,428,9,MONCLOA-ARAVACA,31,53,0.125,0.21100000000000002
2019,2,MARQUÉS DE URQUIJO,5007,ROT,428,9,MONCLOA-ARAVACA,28,53,0.12300000000000001,0.20600000000000002
2019,3,MARQUÉS DE URQUIJO,5007,ROT,428,9,MONCLOA-ARAVACA,31,49,0.115,0.191
2019,4,MARQUÉS DE URQUIJO,5007,ROT,428,9,MONCLOA-ARAVACA,30,49,0.11599999999999999,0.188
2019,5,MARQUÉS DE URQUIJO,5007,ROT,428,9,MONCLOA-ARAVACA,31,51,0.11900000000000001,0.195
2019,6,MARQUÉS DE URQUIJO,5007,ROT,428,9,MONCLOA-ARAVACA,30,40,0.094,0.159
2019,7,MARQUÉS DE URQUIJO,5007,ROT,428,9,MONCLOA-ARAVACA,31,33,0.076,0.134
2019,8,MARQUÉS DE URQUIJO,5007,ROT,428,9,MONCLOA-ARAVACA,30,12,0.027999999999999997,0.048
2019,9,MARQUÉS DE URQUIJO,5007,ROT,428,9,MONCLOA-ARAVACA,30,37,0.086,0.14800000000000002
2019,10,MARQUÉS DE URQUIJO,5007,ROT,428,9,MONCLOA-ARAVACA,31,40,0.09300000000000001,0.163
2019,11,MARQUÉS DE URQUIJO,5007,ROT,428,9,MONCLOA-ARAVACA,30,49,0.114,0.185
2019,12,MARQUÉS DE URQUIJO,5007,ROT,428,9,MONCLOA-ARAVACA,31,47,0.109,0.175
2019,1,MIGUEL YUSTE,2005,MIX,168,20,SAN BLAS-CANILLEJAS,21,5,0.027999999999999997,0.03
2019,2,MIGUEL YUSTE,2005,MIX,168,20,SAN BLAS-CANILLEJAS,20,5,0.028999999999999998,0.031
2019,3,MIGUEL YUSTE,2005,MIX,168,20,SAN BLAS-CANILLEJAS,21,5,0.027999999999999997,0.03
2019,4,MIGUEL YUSTE,2005,MIX,168,20,SAN BLAS-CANILLEJAS,20,4,0.026000000000000002,0.027999999999999997
2019,5,MIGUEL YUSTE,2005,MIX,168,20,SAN BLAS-CANILLEJAS,19,5,0.028999999999999998,0.03
2019,6,MIGUEL YUSTE,2005,MIX,168,20,SAN BLAS-CANILLEJAS,20,6,0.036000000000000004,0.043
2019,7,MIGUEL YUSTE,2005,MIX,168,20,SAN BLAS-CANILLEJAS,23,4,0.024,0.021
2019,8,MIGUEL YUSTE,2005,MIX,168,20,SAN BLAS-CANILLEJAS,21,2,0.013999999999999999,0.01
2019,9,MIGUEL YUSTE,2005,MIX,168,20,SAN BLAS-CANILLEJAS,21,5,0.027999999999999997,0.027000000000000003
2019,10,MIGUEL YUSTE,2005,MIX,168,20,SAN BLAS-CANILLEJAS,23,5,0.032,0.036000000000000004
2019,11,MIGUEL YUSTE,2005,MIX,168,20,SAN BLAS-CANILLEJAS,20,5,0.03,0.03
2019,12,MIGUEL YUSTE,2005,MIX,168,20,SAN BLAS-CANILLEJAS,16,4,0.025,0.024
2019,1,MONTALBÁN,5009,MIX,276,3,RETIRO,31,93,0.336,0.529
2019,2,MONTALBÁN,5009,MIX,276,3,RETIRO,28,98,0.355,0.5579999999999999
2019,3,MONTALBÁN,5009,MIX,276,3,RETIRO,31,106,0.386,0.5870000000000001
2019,4,MONTALBÁN,5009,MIX,276,3,RETIRO,30,97,0.35100000000000003,0.522
2019,5,MONTALBÁN,5009,MIX,276,3,RETIRO,31,98,0.354,0.528
2019,6,MONTALBÁN,5009,MIX,276,3,RETIRO,30,55,0.2,0.297
2019,7,MONTALBÁN,5009,MIX,276,3,RETIRO,31,47,0.172,0.256
2019,8,MONTALBÁN,5009,MIX,276,3,RETIRO,31,33,0.12,0.17
2019,9,MONTALBÁN,5009,MIX,276,3,RETIRO,30,48,0.174,0.267
2019,10,MONTALBÁN,5009,MIX,276,3,RETIRO,31,51,0.185,0.29
2019,11,MONTALBÁN,5009,MIX,276,3,RETIRO,30,55,0.19899999999999998,0.299
2019,12,MONTALBÁN,5009,MIX,276,3,RETIRO,31,57,0.20600000000000002,0.29600000000000004
2019,1,MOSTENSES,5010,ROT,362,1,CENTRO,31,169,0.46799999999999997,0.575
2019,2,MOSTENSES,5010,ROT,362,1,CENTRO,28,165,0.455,0.563
2019,3,MOSTENSES,5010,ROT,362,1,CENTRO,31,168,0.46299999999999997,0.561
2019,4,MOSTENSES,5010,ROT,362,1,CENTRO,30,181,0.499,0.597
2019,5,MOSTENSES,5010,ROT,362,1,CENTRO,31,160,0.441,0.535
2019,6,MOSTENSES,5010,ROT,362,1,CENTRO,30,165,0.456,0.5529999999999999
2019,7,MOSTENSES,5010,ROT,362,1,CENTRO,31,174,0.48100000000000004,0.5720000000000001
2019,8,MOSTENSES,5010,ROT,362,1,CENTRO,31,184,0.51,0.5770000000000001
2019,9,MOSTENSES,5010,ROT,362,1,CENTRO,30,186,0.514,0.611
2019,10,MOSTENSES,5010,ROT,362,1,CENTRO,31,190,0.524,0.639
2019,11,MOSTENSES,5010,ROT,362,1,CENTRO,30,199,0.55,0.667
2019,12,MOSTENSES,5010,ROT,362,1,CENTRO,31,228,0.631,0.757
2019,1,MUSEO DE LA CIUDAD,5011,ROT,149,5,CHAMARTIN,31,4,0.027999999999999997,0.053
2019,2,MUSEO DE LA CIUDAD,5011,ROT,149,5,CHAMARTIN,28,4,0.025,0.05
2019,3,MUSEO DE LA CIUDAD,5011,ROT,149,5,CHAMARTIN,31,3,0.021,0.040999999999999995
2019,4,MUSEO DE LA CIUDAD,5011,ROT,149,5,CHAMARTIN,30,3,0.02,0.039
2019,5,MUSEO DE LA CIUDAD,5011,ROT,149,5,CHAMARTIN,31,3,0.02,0.039
2019,6,MUSEO DE LA CIUDAD,5011,ROT,149,5,CHAMARTIN,30,3,0.017,0.033
2019,7,MUSEO DE LA CIUDAD,5011,ROT,149,5,CHAMARTIN,31,2,0.011000000000000001,0.022000000000000002
2019,8,MUSEO DE LA CIUDAD,5011,ROT,149,5,CHAMARTIN,30,0,0.003,0.006
2019,9,MUSEO DE LA CIUDAD,5011,ROT,149,5,CHAMARTIN,30,2,0.013000000000000001,0.026000000000000002
2019,10,MUSEO DE LA CIUDAD,5011,ROT,149,5,CHAMARTIN,31,3,0.02,0.039
2019,11,MUSEO DE LA CIUDAD,5011,ROT,149,5,CHAMARTIN,30,3,0.021,0.040999999999999995
2019,12,MUSEO DE LA CIUDAD,5011,ROT,149,5,CHAMARTIN,31,3,0.02,0.038
2019,1,OLAVIDE,5012,ROT,350,7,CHAMBERI,31,243,0.6940000000000001,0.75
2019,2,OLAVIDE,5012,ROT,350,7,CHAMBERI,28,246,0.703,0.7659999999999999
2019,3,OLAVIDE,5012,ROT,350,7,CHAMBERI,31,259,0.74,0.8440000000000001
2019,1,ORENSE,610,MIX,129,6,TETUAN,31,14,0.105,0.13
2019,2,ORENSE,610,MIX,129,6,TETUAN,28,12,0.09699999999999999,0.111
2019,3,ORENSE,610,MIX,129,6,TETUAN,31,15,0.11800000000000001,0.14
2019,4,ORENSE,610,MIX,129,6,TETUAN,30,15,0.11699999999999999,0.142
2019,5,ORENSE,610,MIX,129,6,TETUAN,31,11,0.084,0.11199999999999999
2019,6,ORENSE,610,MIX,129,6,TETUAN,30,13,0.10300000000000001,0.138
2019,7,ORENSE,610,MIX,129,6,TETUAN,31,13,0.099,0.11800000000000001
2019,8,ORENSE,610,MIX,129,6,TETUAN,31,14,0.105,0.128
2019,9,ORENSE,610,MIX,129,6,TETUAN,30,8,0.065,0.083
2019,10,ORENSE,610,MIX,129,6,TETUAN,31,8,0.062,0.08800000000000001
2019,11,ORENSE,610,MIX,129,6,TETUAN,30,19,0.146,0.16399999999999998
2019,12,ORENSE,610,MIX,129,6,TETUAN,31,8,0.064,0.083
2019,1,ORIENTE,107,MIX,212,1,CENTRO,31,30,0.142,0.264
2019,2,ORIENTE,107,MIX,212,1,CENTRO,28,31,0.14800000000000002,0.26899999999999996
2019,3,ORIENTE,107,MIX,212,1,CENTRO,31,30,0.141,0.258
2019,4,ORIENTE,107,MIX,212,1,CENTRO,30,30,0.14300000000000002,0.265
2019,5,ORIENTE,107,MIX,212,1,CENTRO,30,32,0.15,0.273
2019,6,ORIENTE,107,MIX,212,1,CENTRO,30,30,0.14300000000000002,0.259
2019,7,ORIENTE,107,MIX,212,1,CENTRO,31,28,0.133,0.23800000000000002
2019,8,ORIENTE,107,MIX,212,1,CENTRO,31,11,0.05,0.081
2019,9,ORIENTE,107,MIX,212,1,CENTRO,30,16,0.076,0.134
2019,10,ORIENTE,107,MIX,212,1,CENTRO,31,19,0.08800000000000001,0.157
2019,11,ORIENTE,107,MIX,212,1,CENTRO,30,21,0.099,0.179
2019,12,ORIENTE,107,MIX,212,1,CENTRO,31,25,0.11699999999999999,0.21100000000000002
2019,1,PEDRO ZEROLO,101,MIX,113,1,CENTRO,31,59,0.522,0.664
2019,2,PEDRO ZEROLO,101,MIX,113,1,CENTRO,28,65,0.5720000000000001,0.7070000000000001
2019,3,PEDRO ZEROLO,101,MIX,113,1,CENTRO,31,76,0.6759999999999999,0.816
2019,4,PEDRO ZEROLO,101,MIX,113,1,CENTRO,30,71,0.625,0.773
2019,5,PEDRO ZEROLO,101,MIX,113,1,CENTRO,31,65,0.5720000000000001,0.711
2019,6,PEDRO ZEROLO,101,MIX,113,1,CENTRO,30,67,0.594,0.746
2019,7,PEDRO ZEROLO,101,MIX,113,1,CENTRO,4,69,0.613,0.7120000000000001
2019,8,PEDRO ZEROLO,101,MIX,113,1,CENTRO,2,38,0.336,0.368
2019,1,PLAZA DE COLÓN,5001,ROT,612,4,SALAMANCA,31,241,0.39399999999999996,0.575
2019,2,PLAZA DE COLÓN,5001,ROT,612,4,SALAMANCA,28,272,0.444,0.6509999999999999
2019,3,PLAZA DE COLÓN,5001,ROT,612,4,SALAMANCA,31,262,0.429,0.632
2019,4,PLAZA DE COLÓN,5001,ROT,612,4,SALAMANCA,30,240,0.392,0.58
2019,5,PLAZA DE COLÓN,5001,ROT,612,4,SALAMANCA,31,251,0.41,0.601
2019,6,PLAZA DE COLÓN,5001,ROT,612,4,SALAMANCA,30,271,0.44299999999999995,0.639
2019,7,PLAZA DE COLÓN,5001,ROT,612,4,SALAMANCA,31,262,0.42700000000000005,0.616
2019,8,PLAZA DE COLÓN,5001,ROT,612,4,SALAMANCA,31,178,0.29100000000000004,0.359
2019,9,PLAZA DE COLÓN,5001,ROT,612,4,SALAMANCA,30,268,0.43799999999999994,0.638
2019,10,PLAZA DE COLÓN,5001,ROT,612,4,SALAMANCA,31,297,0.485,0.7170000000000001
2019,11,PLAZA DE COLÓN,5001,ROT,612,4,SALAMANCA,30,312,0.51,0.728
2019,12,PLAZA DE COLÓN,5001,ROT,612,4,SALAMANCA,31,301,0.491,0.696
2019,1,PLAZA DE ESPAÑA,5004,MIX,694,9,MONCLOA-ARAVACA,31,266,0.384,0.503
2019,2,PLAZA DE ESPAÑA,5004,MIX,694,9,MONCLOA-ARAVACA,28,272,0.391,0.513
2019,3,PLAZA DE ESPAÑA,5004,MIX,694,9,MONCLOA-ARAVACA,31,288,0.415,0.501
2019,4,PLAZA DE ESPAÑA,5004,MIX,694,9,MONCLOA-ARAVACA,30,278,0.4,0.499
2019,5,PLAZA DE ESPAÑA,5004,MIX,694,9,MONCLOA-ARAVACA,31,274,0.39399999999999996,0.51
2019,6,PLAZA DE ESPAÑA,5004,MIX,694,9,MONCLOA-ARAVACA,30,289,0.41600000000000004,0.514
2019,7,PLAZA DE ESPAÑA,5004,MIX,694,9,MONCLOA-ARAVACA,31,281,0.405,0.467
2019,8,PLAZA DE ESPAÑA,5004,MIX,694,9,MONCLOA-ARAVACA,31,274,0.395,0.442
2019,9,PLAZA DE ESPAÑA,5004,MIX,694,9,MONCLOA-ARAVACA,30,326,0.47,0.573
2019,10,PLAZA DE ESPAÑA,5004,MIX,694,9,MONCLOA-ARAVACA,31,335,0.483,0.601
2019,11,PLAZA DE ESPAÑA,5004,MIX,694,9,MONCLOA-ARAVACA,30,346,0.499,0.627
2019,12,PLAZA DE ESPAÑA,5004,MIX,694,9,MONCLOA-ARAVACA,31,353,0.508,0.638
2019,1,PLAZA DE LAS CORTES,5002,ROT,480,1,CENTRO,31,197,0.41100000000000003,0.621
2019,2,PLAZA DE LAS CORTES,5002,ROT,480,1,CENTRO,28,246,0.513,0.762
2019,3,PLAZA DE LAS CORTES,5002,ROT,480,1,CENTRO,31,217,0.452,0.675
2019,4,PLAZA DE LAS CORTES,5002,ROT,480,1,CENTRO,30,213,0.444,0.652
2019,5,PLAZA DE LAS CORTES,5002,ROT,480,1,CENTRO,31,217,0.45299999999999996,0.6729999999999999
2019,6,PLAZA DE LAS CORTES,5002,ROT,480,1,CENTRO,30,222,0.462,0.685
2019,7,PLAZA DE LAS CORTES,5002,ROT,480,1,CENTRO,31,188,0.392,0.594
2019,8,PLAZA DE LAS CORTES,5002,ROT,480,1,CENTRO,31,155,0.322,0.436
2019,9,PLAZA DE LAS CORTES,5002,ROT,480,1,CENTRO,30,222,0.462,0.6920000000000001
2019,10,PLAZA DE LAS CORTES,5002,ROT,480,1,CENTRO,31,227,0.47200000000000003,0.715
2019,11,PLAZA DE LAS CORTES,5002,ROT,480,1,CENTRO,30,258,0.5379999999999999,0.7979999999999999
2019,12,PLAZA DE LAS CORTES,5002,ROT,480,1,CENTRO,31,257,0.535,0.7759999999999999
2019,1,PLAZA DEL CARMEN,113,ROT,442,1,CENTRO,31,135,0.305,0.405
2019,2,PLAZA DEL CARMEN,113,ROT,442,1,CENTRO,28,135,0.306,0.41
2019,3,PLAZA DEL CARMEN,113,ROT,442,1,CENTRO,31,135,0.306,0.405
2019,4,PLAZA DEL CARMEN,113,ROT,442,1,CENTRO,30,146,0.331,0.429
2019,5,PLAZA DEL CARMEN,113,ROT,442,1,CENTRO,31,137,0.31,0.414
2019,6,PLAZA DEL CARMEN,113,ROT,442,1,CENTRO,30,132,0.299,0.40299999999999997
2019,7,PLAZA DEL CARMEN,113,ROT,442,1,CENTRO,31,127,0.287,0.387
2019,8,PLAZA DEL CARMEN,113,ROT,442,1,CENTRO,31,147,0.332,0.40700000000000003
2019,9,PLAZA DEL CARMEN,113,ROT,442,1,CENTRO,30,158,0.358,0.47
2019,10,PLAZA DEL CARMEN,113,ROT,442,1,CENTRO,31,163,0.37,0.491
2019,11,PLAZA DEL CARMEN,113,ROT,442,1,CENTRO,30,166,0.375,0.5
2019,12,PLAZA DEL CARMEN,113,ROT,442,1,CENTRO,26,200,0.45299999999999996,0.591
2019,1,PLAZA DEL REY,5014,ROT,155,1,CENTRO,31,6,0.040999999999999995,0.07400000000000001
2019,2,PLAZA DEL REY,5014,ROT,155,1,CENTRO,28,7,0.047,0.084
2019,3,PLAZA DEL REY,5014,ROT,155,1,CENTRO,31,7,0.042,0.076
2019,4,PLAZA DEL REY,5014,ROT,155,1,CENTRO,30,7,0.044000000000000004,0.079
2019,5,PLAZA DEL REY,5014,ROT,155,1,CENTRO,31,7,0.043,0.077
2019,6,PLAZA DEL REY,5014,ROT,155,1,CENTRO,30,7,0.042,0.075
2019,7,PLAZA DEL REY,5014,ROT,155,1,CENTRO,31,6,0.037000000000000005,0.066
2019,8,PLAZA DEL REY,5014,ROT,155,1,CENTRO,31,4,0.025,0.043
2019,9,PLAZA DEL REY,5014,ROT,155,1,CENTRO,30,6,0.042,0.07400000000000001
2019,10,PLAZA DEL REY,5014,ROT,155,1,CENTRO,31,7,0.046,0.08199999999999999
2019,11,PLAZA DEL REY,5014,ROT,155,1,CENTRO,30,8,0.053,0.09300000000000001
2019,12,PLAZA DEL REY,5014,ROT,155,1,CENTRO,31,8,0.053,0.091
2019,1,PLAZA MAYOR,5008,MIX,690,1,CENTRO,31,134,0.19399999999999998,0.29100000000000004
2019,2,PLAZA MAYOR,5008,MIX,690,1,CENTRO,28,298,0.431,0.523
2019,3,PLAZA MAYOR,5008,MIX,690,1,CENTRO,31,283,0.41100000000000003,0.493
2019,4,PLAZA MAYOR,5008,MIX,690,1,CENTRO,30,358,0.519,0.612
2019,5,PLAZA MAYOR,5008,MIX,690,1,CENTRO,31,272,0.39399999999999996,0.47700000000000004
2019,6,PLAZA MAYOR,5008,MIX,690,1,CENTRO,30,318,0.461,0.545
2019,7,PLAZA MAYOR,5008,MIX,690,1,CENTRO,27,360,0.521,0.594
2019,8,PLAZA MAYOR,5008,MIX,690,1,CENTRO,31,318,0.46,0.523
2019,9,PLAZA MAYOR,5008,MIX,690,1,CENTRO,30,403,0.585,0.672
2019,10,PLAZA MAYOR,5008,MIX,690,1,CENTRO,31,494,0.716,0.818
2019,11,PLAZA MAYOR,5008,MIX,690,1,CENTRO,30,436,0.632,0.72
2019,12,PLAZA MAYOR,5008,MIX,690,1,CENTRO,22,362,0.524,0.61
2019,1,PRESIDENTE CARMONA,618,MIX,127,6,TETUAN,31,50,0.391,0.359
2019,2,PRESIDENTE CARMONA,618,MIX,127,6,TETUAN,28,49,0.387,0.354
2019,3,PRESIDENTE CARMONA,618,MIX,127,6,TETUAN,31,49,0.382,0.34600000000000003
2019,4,PRESIDENTE CARMONA,618,MIX,127,6,TETUAN,30,48,0.382,0.345
2019,5,PRESIDENTE CARMONA,618,MIX,127,6,TETUAN,31,49,0.38299999999999995,0.349
2019,6,PRESIDENTE CARMONA,618,MIX,127,6,TETUAN,30,48,0.382,0.345
2019,7,PRESIDENTE CARMONA,618,MIX,127,6,TETUAN,31,48,0.38,0.345
2019,8,PRESIDENTE CARMONA,618,MIX,127,6,TETUAN,31,46,0.365,0.316
2019,9,PRESIDENTE CARMONA,618,MIX,127,6,TETUAN,30,48,0.379,0.341
2019,10,PRESIDENTE CARMONA,618,MIX,127,6,TETUAN,31,49,0.386,0.35200000000000004
2019,11,PRESIDENTE CARMONA,618,MIX,127,6,TETUAN,30,49,0.387,0.35
2019,12,PRESIDENTE CARMONA,618,MIX,127,6,TETUAN,31,47,0.371,0.348
2019,1,PRíNCIPE DE VERGARA (AUDITORIO),5015,ROT,366,5,CHAMARTIN,31,9,0.024,0.044000000000000004
2019,2,PRíNCIPE DE VERGARA (AUDITORIO),5015,ROT,366,5,CHAMARTIN,28,8,0.022000000000000002,0.042
2019,3,PRíNCIPE DE VERGARA (AUDITORIO),5015,ROT,366,5,CHAMARTIN,31,7,0.019,0.035
2019,4,PRíNCIPE DE VERGARA (AUDITORIO),5015,ROT,366,5,CHAMARTIN,30,6,0.016,0.03
2019,5,PRíNCIPE DE VERGARA (AUDITORIO),5015,ROT,366,5,CHAMARTIN,31,6,0.017,0.032
2019,6,PRíNCIPE DE VERGARA (AUDITORIO),5015,ROT,366,5,CHAMARTIN,30,5,0.013999999999999999,0.027000000000000003
2019,7,PRíNCIPE DE VERGARA (AUDITORIO),5015,ROT,366,5,CHAMARTIN,31,2,0.005,0.01
2019,8,PRíNCIPE DE VERGARA (AUDITORIO),5015,ROT,366,5,CHAMARTIN,31,0,0.001,0.002
2019,9,PRíNCIPE DE VERGARA (AUDITORIO),5015,ROT,366,5,CHAMARTIN,30,3,0.008,0.016
2019,10,PRíNCIPE DE VERGARA (AUDITORIO),5015,ROT,366,5,CHAMARTIN,31,7,0.019,0.035
2019,11,PRíNCIPE DE VERGARA (AUDITORIO),5015,ROT,366,5,CHAMARTIN,29,8,0.022000000000000002,0.04
2019,12,PRíNCIPE DE VERGARA (AUDITORIO),5015,ROT,366,5,CHAMARTIN,31,8,0.022000000000000002,0.04
2019,1,PUERTA DE TOLEDO,5016,ROT,240,1,CENTRO,29,7,0.03,0.036000000000000004
2019,2,PUERTA DE TOLEDO,5016,ROT,240,1,CENTRO,22,26,0.10800000000000001,0.132
2019,3,PUERTA DE TOLEDO,5016,ROT,240,1,CENTRO,31,83,0.344,0.42200000000000004
2019,4,PUERTA DE TOLEDO,5016,ROT,240,1,CENTRO,29,51,0.21100000000000002,0.255
2019,5,PUERTA DE TOLEDO,5016,ROT,240,1,CENTRO,31,57,0.237,0.287
2019,6,PUERTA DE TOLEDO,5016,ROT,240,1,CENTRO,30,66,0.275,0.33299999999999996
2019,7,PUERTA DE TOLEDO,5016,ROT,240,1,CENTRO,31,75,0.313,0.379
2019,8,PUERTA DE TOLEDO,5016,ROT,240,1,CENTRO,31,82,0.341,0.41200000000000003
2019,9,PUERTA DE TOLEDO,5016,ROT,240,1,CENTRO,24,87,0.364,0.44299999999999995
2019,10,PUERTA DE TOLEDO,5016,ROT,240,1,CENTRO,29,95,0.39399999999999996,0.478
2019,11,PUERTA DE TOLEDO,5016,ROT,240,1,CENTRO,30,120,0.502,0.608
2019,12,PUERTA DE TOLEDO,5016,ROT,240,1,CENTRO,31,130,0.5429999999999999,0.659
2019,1,RECOLETOS,421,MIX,281,4,SALAMANCA,31,62,0.222,0.298
2019,2,RECOLETOS,421,MIX,281,4,SALAMANCA,28,65,0.231,0.312
2019,3,RECOLETOS,421,MIX,281,4,SALAMANCA,31,51,0.183,0.263
2019,4,RECOLETOS,421,MIX,281,4,SALAMANCA,30,42,0.151,0.221
2019,5,RECOLETOS,421,MIX,281,4,SALAMANCA,31,52,0.185,0.271
2019,6,RECOLETOS,421,MIX,281,4,SALAMANCA,30,83,0.29600000000000004,0.45799999999999996
2019,7,RECOLETOS,421,MIX,281,4,SALAMANCA,31,49,0.175,0.22699999999999998
2019,8,RECOLETOS,421,MIX,281,4,SALAMANCA,31,69,0.244,0.327
2019,9,RECOLETOS,421,MIX,281,4,SALAMANCA,30,46,0.16399999999999998,0.24
2019,10,RECOLETOS,421,MIX,281,4,SALAMANCA,31,60,0.213,0.285
2019,11,RECOLETOS,421,MIX,281,4,SALAMANCA,30,60,0.212,0.297
2019,12,RECOLETOS,421,MIX,281,4,SALAMANCA,31,80,0.284,0.377
2019,1,REPÚBLICA DOMINICANA,512,MIX,209,5,CHAMARTIN,31,14,0.068,0.12
2019,2,REPÚBLICA DOMINICANA,512,MIX,209,5,CHAMARTIN,28,16,0.07400000000000001,0.132
2019,3,REPÚBLICA DOMINICANA,512,MIX,209,5,CHAMARTIN,31,14,0.065,0.114
2019,4,REPÚBLICA DOMINICANA,512,MIX,209,5,CHAMARTIN,30,12,0.057,0.10300000000000001
2019,5,REPÚBLICA DOMINICANA,512,MIX,209,5,CHAMARTIN,31,14,0.069,0.12300000000000001
2019,6,REPÚBLICA DOMINICANA,512,MIX,209,5,CHAMARTIN,30,6,0.03,0.05
2019,7,REPÚBLICA DOMINICANA,512,MIX,209,5,CHAMARTIN,31,18,0.087,0.129
2019,8,REPÚBLICA DOMINICANA,512,MIX,209,5,CHAMARTIN,31,10,0.046,0.061
2019,9,REPÚBLICA DOMINICANA,512,MIX,209,5,CHAMARTIN,30,21,0.102,0.145
2019,10,REPÚBLICA DOMINICANA,512,MIX,209,5,CHAMARTIN,31,22,0.106,0.157
2019,11,REPÚBLICA DOMINICANA,512,MIX,209,5,CHAMARTIN,30,22,0.10300000000000001,0.149
2019,12,REPÚBLICA DOMINICANA,512,MIX,209,5,CHAMARTIN,31,23,0.109,0.154
2019,1,REYES MAGOS,311,MIX,356,3,RETIRO,31,5,0.013999999999999999,0.001
2019,2,REYES MAGOS,311,MIX,356,3,RETIRO,28,4,0.012,0.001
2019,3,REYES MAGOS,311,MIX,356,3,RETIRO,31,4,0.013000000000000001,0.001
2019,4,REYES MAGOS,311,MIX,356,3,RETIRO,30,4,0.011000000000000001,0.001
2019,5,REYES MAGOS,311,MIX,356,3,RETIRO,31,4,0.011000000000000001,0.001
2019,6,REYES MAGOS,311,MIX,356,3,RETIRO,30,6,0.017,0.001
2019,7,REYES MAGOS,311,MIX,356,3,RETIRO,31,3,0.009000000000000001,0.001
2019,8,REYES MAGOS,311,MIX,356,3,RETIRO,31,1,0.004,0.0
2019,9,REYES MAGOS,311,MIX,356,3,RETIRO,30,3,0.009000000000000001,0.001
2019,10,REYES MAGOS,311,MIX,356,3,RETIRO,31,4,0.012,0.001
2019,11,REYES MAGOS,311,MIX,356,3,RETIRO,30,4,0.011000000000000001,0.001
2019,12,REYES MAGOS,311,MIX,356,3,RETIRO,31,4,0.011000000000000001,0.001
2019,1,SAN CAYETANO,427,MIX,222,4,SALAMANCA,31,13,0.057,0.099
2019,2,SAN CAYETANO,427,MIX,222,4,SALAMANCA,28,11,0.051,0.08900000000000001
2019,3,SAN CAYETANO,427,MIX,222,4,SALAMANCA,31,12,0.054000000000000006,0.092
2019,4,SAN CAYETANO,427,MIX,222,4,SALAMANCA,30,11,0.05,0.087
2019,5,SAN CAYETANO,427,MIX,222,4,SALAMANCA,31,17,0.075,0.125
2019,6,SAN CAYETANO,427,MIX,222,4,SALAMANCA,30,23,0.102,0.153
2019,7,SAN CAYETANO,427,MIX,222,4,SALAMANCA,31,10,0.043,0.075
2019,8,SAN CAYETANO,427,MIX,222,4,SALAMANCA,31,5,0.02,0.03
2019,9,SAN CAYETANO,427,MIX,222,4,SALAMANCA,30,12,0.055999999999999994,0.095
2019,10,SAN CAYETANO,427,MIX,222,4,SALAMANCA,31,16,0.071,0.122
2019,11,SAN CAYETANO,427,MIX,222,4,SALAMANCA,30,16,0.07200000000000001,0.113
2019,12,SAN CAYETANO,427,MIX,222,4,SALAMANCA,31,14,0.063,0.096
2019,1,SAN GERMÁN II,613,MIX,419,6,TETUAN,31,29,0.07,0.10400000000000001
2019,2,SAN GERMÁN II,613,MIX,419,6,TETUAN,28,27,0.064,0.095
2019,3,SAN GERMÁN II,613,MIX,419,6,TETUAN,31,30,0.07,0.09300000000000001
2019,4,SAN GERMÁN II,613,MIX,419,6,TETUAN,30,22,0.053,0.08199999999999999
2019,5,SAN GERMÁN II,613,MIX,419,6,TETUAN,31,22,0.052000000000000005,0.083
2019,6,SAN GERMÁN II,613,MIX,419,6,TETUAN,30,23,0.055,0.081
2019,7,SAN GERMÁN II,613,MIX,419,6,TETUAN,31,19,0.045,0.071
2019,8,SAN GERMÁN II,613,MIX,419,6,TETUAN,31,10,0.024,0.035
2019,9,SAN GERMÁN II,613,MIX,419,6,TETUAN,30,25,0.059000000000000004,0.085
2019,10,SAN GERMÁN II,613,MIX,419,6,TETUAN,31,31,0.075,0.107
2019,11,SAN GERMÁN II,613,MIX,419,6,TETUAN,30,50,0.12,0.131
2019,12,SAN GERMÁN II,613,MIX,419,6,TETUAN,31,38,0.091,0.115
2019,1,SÁNCHEZ BUSTILLO,104,MIX,132,1,CENTRO,31,13,0.099,0.165
2019,2,SÁNCHEZ BUSTILLO,104,MIX,132,1,CENTRO,28,15,0.115,0.19
2019,3,SÁNCHEZ BUSTILLO,104,MIX,132,1,CENTRO,31,15,0.113,0.18600000000000003
2019,4,SÁNCHEZ BUSTILLO,104,MIX,132,1,CENTRO,30,14,0.107,0.171
2019,5,SÁNCHEZ BUSTILLO,104,MIX,132,1,CENTRO,31,14,0.109,0.17600000000000002
2019,6,SÁNCHEZ BUSTILLO,104,MIX,132,1,CENTRO,30,16,0.121,0.195
2019,7,SÁNCHEZ BUSTILLO,104,MIX,132,1,CENTRO,31,13,0.098,0.153
2019,8,SÁNCHEZ BUSTILLO,104,MIX,132,1,CENTRO,31,9,0.07,0.096
2019,9,SÁNCHEZ BUSTILLO,104,MIX,132,1,CENTRO,30,16,0.121,0.185
2019,10,SÁNCHEZ BUSTILLO,104,MIX,132,1,CENTRO,31,18,0.13699999999999998,0.215
2019,11,SÁNCHEZ BUSTILLO,104,MIX,132,1,CENTRO,30,20,0.151,0.22699999999999998
2019,12,SÁNCHEZ BUSTILLO,104,MIX,132,1,CENTRO,31,18,0.139,0.21
2019,1,SANTA ANA,5018,ROT,320,1,CENTRO,31,138,0.431,0.523
2019,2,SANTA ANA,5018,ROT,320,1,CENTRO,28,137,0.429,0.527
2019,3,SANTA ANA,5018,ROT,320,1,CENTRO,31,139,0.436,0.531
2019,4,SANTA ANA,5018,ROT,320,1,CENTRO,30,134,0.41700000000000004,0.49700000000000005
2019,5,SANTA ANA,5018,ROT,320,1,CENTRO,31,135,0.42200000000000004,0.56
2019,6,SANTA ANA,5018,ROT,320,1,CENTRO,30,149,0.466,0.555
2019,7,SANTA ANA,5018,ROT,320,1,CENTRO,31,132,0.41200000000000003,0.494
2019,8,SANTA ANA,5018,ROT,320,1,CENTRO,31,136,0.424,0.47100000000000003
2019,9,SANTA ANA,5018,ROT,320,1,CENTRO,30,145,0.45299999999999996,0.5379999999999999
2019,10,SANTA ANA,5018,ROT,320,1,CENTRO,31,136,0.426,0.507
2019,11,SANTA ANA,5018,ROT,320,1,CENTRO,30,147,0.46,0.565
2019,12,SANTA ANA,5018,ROT,320,1,CENTRO,26,178,0.556,0.684
2019,1,SERRANO I,432,MIX,307,4,SALAMANCA,31,60,0.19699999999999998,0.319
2019,2,SERRANO I,432,MIX,307,4,SALAMANCA,28,56,0.182,0.302
2019,3,SERRANO I,432,MIX,307,4,SALAMANCA,31,46,0.15,0.259
2019,4,SERRANO I,432,MIX,307,4,SALAMANCA,30,47,0.153,0.25
2019,5,SERRANO I,432,MIX,307,4,SALAMANCA,31,47,0.154,0.255
2019,6,SERRANO I,432,MIX,307,4,SALAMANCA,30,46,0.151,0.252
2019,7,SERRANO I,432,MIX,307,4,SALAMANCA,31,44,0.14400000000000002,0.237
2019,8,SERRANO I,432,MIX,307,4,SALAMANCA,30,20,0.065,0.098
2019,9,SERRANO I,432,MIX,307,4,SALAMANCA,30,49,0.161,0.264
2019,10,SERRANO I,432,MIX,307,4,SALAMANCA,31,54,0.17600000000000002,0.301
2019,11,SERRANO I,432,MIX,307,4,SALAMANCA,30,53,0.172,0.29100000000000004
2019,12,SERRANO I,432,MIX,307,4,SALAMANCA,31,54,0.177,0.28
2019,1,SERRANO II,433,MIX,379,4,SALAMANCA,31,87,0.23,0.376
2019,2,SERRANO II,433,MIX,379,4,SALAMANCA,28,85,0.22399999999999998,0.363
2019,3,SERRANO II,433,MIX,379,4,SALAMANCA,31,73,0.192,0.32799999999999996
2019,4,SERRANO II,433,MIX,379,4,SALAMANCA,30,75,0.19899999999999998,0.317
2019,5,SERRANO II,433,MIX,379,4,SALAMANCA,31,77,0.204,0.337
2019,6,SERRANO II,433,MIX,379,4,SALAMANCA,30,80,0.212,0.348
2019,7,SERRANO II,433,MIX,379,4,SALAMANCA,31,77,0.204,0.33799999999999997
2019,8,SERRANO II,433,MIX,379,4,SALAMANCA,30,32,0.084,0.139
2019,9,SERRANO II,433,MIX,379,4,SALAMANCA,30,78,0.205,0.33299999999999996
2019,10,SERRANO II,433,MIX,379,4,SALAMANCA,31,89,0.23399999999999999,0.384
2019,11,SERRANO II,433,MIX,379,4,SALAMANCA,30,94,0.247,0.401
2019,12,SERRANO II,433,MIX,379,4,SALAMANCA,31,107,0.28300000000000003,0.43700000000000006
2019,1,SERRANO III,434,MIX,261,4,SALAMANCA,31,81,0.31,0.516
2019,2,SERRANO III,434,MIX,261,4,SALAMANCA,28,88,0.33799999999999997,0.561
2019,3,SERRANO III,434,MIX,261,4,SALAMANCA,31,91,0.349,0.579
2019,4,SERRANO III,434,MIX,261,4,SALAMANCA,30,85,0.326,0.52
2019,5,SERRANO III,434,MIX,261,4,SALAMANCA,31,47,0.18100000000000002,0.299
2019,6,SERRANO III,434,MIX,261,4,SALAMANCA,30,92,0.353,0.5579999999999999
2019,7,SERRANO III,434,MIX,261,4,SALAMANCA,31,72,0.27399999999999997,0.426
2019,8,SERRANO III,434,MIX,261,4,SALAMANCA,30,36,0.139,0.21100000000000002
2019,9,SERRANO III,434,MIX,261,4,SALAMANCA,30,82,0.312,0.5
2019,10,SERRANO III,434,MIX,261,4,SALAMANCA,31,94,0.36,0.579
2019,11,SERRANO III,434,MIX,261,4,SALAMANCA,30,101,0.386,0.602
2019,12,SERRANO III,434,MIX,261,4,SALAMANCA,31,110,0.42,0.623
2019,1,SEVILLA,114,MIX,238,1,CENTRO,31,58,0.244,0.39899999999999997
2019,2,SEVILLA,114,MIX,238,1,CENTRO,28,68,0.28600000000000003,0.462
2019,3,SEVILLA,114,MIX,238,1,CENTRO,31,60,0.251,0.408
2019,4,SEVILLA,114,MIX,238,1,CENTRO,30,55,0.23199999999999998,0.37799999999999995
2019,5,SEVILLA,114,MIX,238,1,CENTRO,31,56,0.23399999999999999,0.38
2019,6,SEVILLA,114,MIX,238,1,CENTRO,30,57,0.24,0.379
2019,7,SEVILLA,114,MIX,238,1,CENTRO,31,54,0.228,0.359
2019,8,SEVILLA,114,MIX,238,1,CENTRO,31,41,0.172,0.267
2019,9,SEVILLA,114,MIX,238,1,CENTRO,30,61,0.257,0.415
2019,10,SEVILLA,114,MIX,238,1,CENTRO,31,72,0.304,0.494
2019,11,SEVILLA,114,MIX,238,1,CENTRO,30,80,0.335,0.542
2019,12,SEVILLA,114,MIX,238,1,CENTRO,31,61,0.256,0.42100000000000004
2019,1,VELÁZQUEZ AYALA,424,MIX,443,4,SALAMANCA,31,178,0.402,0.602
2019,2,VELÁZQUEZ AYALA,424,MIX,443,4,SALAMANCA,28,184,0.41600000000000004,0.615
2019,3,VELÁZQUEZ AYALA,424,MIX,443,4,SALAMANCA,31,179,0.40299999999999997,0.596
2019,4,VELÁZQUEZ AYALA,424,MIX,443,4,SALAMANCA,30,166,0.376,0.564
2019,5,VELÁZQUEZ AYALA,424,MIX,443,4,SALAMANCA,31,167,0.37799999999999995,0.56
2019,6,VELÁZQUEZ AYALA,424,MIX,443,4,SALAMANCA,30,176,0.397,0.59
2019,7,VELÁZQUEZ AYALA,424,MIX,443,4,SALAMANCA,31,154,0.349,0.532
2019,8,VELÁZQUEZ AYALA,424,MIX,443,4,SALAMANCA,31,79,0.17800000000000002,0.252
2019,9,VELÁZQUEZ AYALA,424,MIX,443,4,SALAMANCA,30,164,0.37,0.5579999999999999
2019,10,VELÁZQUEZ AYALA,424,MIX,443,4,SALAMANCA,31,176,0.397,0.607
2019,11,VELÁZQUEZ AYALA,424,MIX,443,4,SALAMANCA,30,189,0.426,0.634
2019,12,VELÁZQUEZ AYALA,424,MIX,443,4,SALAMANCA,31,168,0.379,0.556
2019,1,VELÁZQUEZ JORGE JUAN,423,MIX,548,4,SALAMANCA,31,210,0.38299999999999995,0.541
2019,2,VELÁZQUEZ JORGE JUAN,423,MIX,548,4,SALAMANCA,28,226,0.413,0.573
2019,3,VELÁZQUEZ JORGE JUAN,423,MIX,548,4,SALAMANCA,31,204,0.373,0.529
2019,4,VELÁZQUEZ JORGE JUAN,423,MIX,548,4,SALAMANCA,30,156,0.285,0.41600000000000004
2019,5,VELÁZQUEZ JORGE JUAN,423,MIX,548,4,SALAMANCA,31,173,0.317,0.461
2019,6,VELÁZQUEZ JORGE JUAN,423,MIX,548,4,SALAMANCA,30,207,0.37799999999999995,0.536
2019,7,VELÁZQUEZ JORGE JUAN,423,MIX,548,4,SALAMANCA,31,143,0.26,0.38
2019,8,VELÁZQUEZ JORGE JUAN,423,MIX,548,4,SALAMANCA,31,66,0.12,0.16
2019,9,VELÁZQUEZ JORGE JUAN,423,MIX,548,4,SALAMANCA,30,174,0.318,0.45
2019,10,VELÁZQUEZ JORGE JUAN,423,MIX,548,4,SALAMANCA,31,172,0.314,0.47
2019,11,VELÁZQUEZ JORGE JUAN,423,MIX,548,4,SALAMANCA,30,182,0.332,0.47100000000000003
2019,12,VELÁZQUEZ JORGE JUAN,423,MIX,548,4,SALAMANCA,31,220,0.402,0.541
2019,1,VELÁZQUEZ JUAN BRAVO,5019,ROT,368,4,SALAMANCA,31,104,0.284,0.426
2019,2,VELÁZQUEZ JUAN BRAVO,5019,ROT,368,4,SALAMANCA,28,112,0.304,0.456
2019,3,VELÁZQUEZ JUAN BRAVO,5019,ROT,368,4,SALAMANCA,31,102,0.276,0.41600000000000004
2019,4,VELÁZQUEZ JUAN BRAVO,5019,ROT,368,4,SALAMANCA,30,91,0.24600000000000002,0.37
2019,5,VELÁZQUEZ JUAN BRAVO,5019,ROT,368,4,SALAMANCA,31,95,0.257,0.381
2019,6,VELÁZQUEZ JUAN BRAVO,5019,ROT,368,4,SALAMANCA,30,92,0.249,0.371
2019,7,VELÁZQUEZ JUAN BRAVO,5019,ROT,368,4,SALAMANCA,31,77,0.209,0.321
2019,8,VELÁZQUEZ JUAN BRAVO,5019,ROT,368,4,SALAMANCA,31,42,0.114,0.11199999999999999
2019,9,VELÁZQUEZ JUAN BRAVO,5019,ROT,368,4,SALAMANCA,30,101,0.275,0.42700000000000005
2019,10,VELÁZQUEZ JUAN BRAVO,5019,ROT,368,4,SALAMANCA,31,121,0.33,0.517
2019,11,VELÁZQUEZ JUAN BRAVO,5019,ROT,368,4,SALAMANCA,30,117,0.318,0.495
2019,12,VELÁZQUEZ JUAN BRAVO,5019,ROT,368,4,SALAMANCA,31,105,0.28600000000000003,0.423
2019,1,VERDAGUER Y GARCÍA,1524,MIX,83,15,CIUDAD LINEAL,31,23,0.281,0.47200000000000003
2019,2,VERDAGUER Y GARCÍA,1524,MIX,83,15,CIUDAD LINEAL,28,23,0.27399999999999997,0.43700000000000006
2019,3,VERDAGUER Y GARCÍA,1524,MIX,83,15,CIUDAD LINEAL,31,19,0.235,0.389
2019,4,VERDAGUER Y GARCÍA,1524,MIX,83,15,CIUDAD LINEAL,30,14,0.171,0.272
2019,5,VERDAGUER Y GARCÍA,1524,MIX,83,15,CIUDAD LINEAL,31,18,0.215,0.33
2019,6,VERDAGUER Y GARCÍA,1524,MIX,83,15,CIUDAD LINEAL,30,18,0.214,0.331
2019,7,VERDAGUER Y GARCÍA,1524,MIX,83,15,CIUDAD LINEAL,31,14,0.168,0.263
2019,8,VERDAGUER Y GARCÍA,1524,MIX,83,15,CIUDAD LINEAL,30,6,0.078,0.129
2019,9,VERDAGUER Y GARCÍA,1524,MIX,83,15,CIUDAD LINEAL,30,15,0.177,0.29100000000000004
2019,10,VERDAGUER Y GARCÍA,1524,MIX,83,15,CIUDAD LINEAL,31,18,0.215,0.355
2019,11,VERDAGUER Y GARCÍA,1524,MIX,83,15,CIUDAD LINEAL,30,17,0.20800000000000002,0.349
2019,12,VERDAGUER Y GARCÍA,1524,MIX,83,15,CIUDAD LINEAL,31,16,0.187,0.315
2019,1,VILLA DE PARíS,5020,ROT,169,1,CENTRO,31,36,0.212,0.305
2019,2,VILLA DE PARíS,5020,ROT,169,1,CENTRO,28,48,0.282,0.414
2019,3,VILLA DE PARíS,5020,ROT,169,1,CENTRO,31,41,0.244,0.348
2019,4,VILLA DE PARíS,5020,ROT,169,1,CENTRO,30,40,0.235,0.32799999999999996
2019,5,VILLA DE PARíS,5020,ROT,169,1,CENTRO,31,46,0.273,0.396
2019,6,VILLA DE PARíS,5020,ROT,169,1,CENTRO,30,48,0.28300000000000003,0.414
2019,7,VILLA DE PARíS,5020,ROT,169,1,CENTRO,31,52,0.308,0.405
2019,8,VILLA DE PARíS,5020,ROT,169,1,CENTRO,31,20,0.11900000000000001,0.172
2019,9,VILLA DE PARíS,5020,ROT,169,1,CENTRO,30,37,0.218,0.305
2019,10,VILLA DE PARíS,5020,ROT,169,1,CENTRO,31,47,0.276,0.38299999999999995
2019,11,VILLA DE PARíS,5020,ROT,169,1,CENTRO,30,51,0.303,0.4
2019,12,VILLA DE PARíS,5020,ROT,169,1,CENTRO,31,49,0.28800000000000003,0.37
2020,1,ALMAGRO,5000,ROT,437,7,CHAMBERI,31,76,0.174,0.26899999999999996
2020,2,ALMAGRO,5000,ROT,437,7,CHAMBERI,29,70,0.161,0.26
2020,3,ALMAGRO,5000,ROT,437,7,CHAMBERI,31,45,0.10300000000000001,0.147
2020,4,ALMAGRO,5000,ROT,437,7,CHAMBERI,30,60,0.138,0.152
2020,5,ALMAGRO,5000,ROT,437,7,CHAMBERI,31,105,0.24,0.284
2020,6,ALMAGRO,5000,ROT,437,7,CHAMBERI,30,49,0.11199999999999999,0.16399999999999998
2020,7,ALMAGRO,5000,ROT,437,7,CHAMBERI,31,54,0.125,0.17800000000000002
2020,8,ALMAGRO,5000,ROT,437,7,CHAMBERI,31,25,0.055999999999999994,0.07400000000000001
2020,9,ALMAGRO,5000,ROT,437,7,CHAMBERI,30,53,0.121,0.184
2020,10,ALMAGRO,5000,ROT,437,7,CHAMBERI,31,64,0.14800000000000002,0.21
2020,11,ALMAGRO,5000,ROT,437,7,CHAMBERI,30,71,0.162,0.23800000000000002
2020,12,ALMAGRO,5000,ROT,437,7,CHAMBERI,31,76,0.174,0.245
2020,1,ARQUITECTO RIBERA (BARCELÓ),111,MIX,318,1,CENTRO,31,166,0.522,0.684
2020,2,ARQUITECTO RIBERA (BARCELÓ),111,MIX,318,1,CENTRO,29,180,0.565,0.7490000000000001
2020,3,ARQUITECTO RIBERA (BARCELÓ),111,MIX,318,1,CENTRO,31,97,0.304,0.395
2020,4,ARQUITECTO RIBERA (BARCELÓ),111,MIX,318,1,CENTRO,30,53,0.165,0.18899999999999997
2020,5,ARQUITECTO RIBERA (BARCELÓ),111,MIX,318,1,CENTRO,31,104,0.327,0.402
2020,6,ARQUITECTO RIBERA (BARCELÓ),111,MIX,318,1,CENTRO,30,140,0.44,0.574
2020,7,ARQUITECTO RIBERA (BARCELÓ),111,MIX,318,1,CENTRO,31,106,0.33399999999999996,0.46399999999999997
2020,8,ARQUITECTO RIBERA (BARCELÓ),111,MIX,318,1,CENTRO,31,59,0.185,0.263
2020,9,ARQUITECTO RIBERA (BARCELÓ),111,MIX,318,1,CENTRO,30,123,0.387,0.562
2020,10,ARQUITECTO RIBERA (BARCELÓ),111,MIX,318,1,CENTRO,31,111,0.35,0.515
2020,11,ARQUITECTO RIBERA (BARCELÓ),111,MIX,318,1,CENTRO,30,137,0.43200000000000005,0.631
2020,12,ARQUITECTO RIBERA (BARCELÓ),111,MIX,318,1,CENTRO,31,158,0.498,0.713
2020,1,AVENIDA AMÉRICA (intercambiador),519,MIX,261,5,CHAMARTIN,31,124,0.47600000000000003,0.578
2020,2,AVENIDA AMÉRICA (intercambiador),519,MIX,261,5,CHAMARTIN,29,127,0.486,0.584
2020,3,AVENIDA AMÉRICA (intercambiador),519,MIX,261,5,CHAMARTIN,31,103,0.395,0.455
2020,4,AVENIDA AMÉRICA (intercambiador),519,MIX,261,5,CHAMARTIN,30,104,0.39799999999999996,0.436
2020,5,AVENIDA AMÉRICA (intercambiador),519,MIX,261,5,CHAMARTIN,31,100,0.38299999999999995,0.423
2020,6,AVENIDA AMÉRICA (intercambiador),519,MIX,261,5,CHAMARTIN,30,96,0.36700000000000005,0.419
2020,7,AVENIDA AMÉRICA (intercambiador),519,MIX,261,5,CHAMARTIN,31,115,0.44,0.525
2020,8,AVENIDA AMÉRICA (intercambiador),519,MIX,261,5,CHAMARTIN,31,79,0.303,0.36
2020,9,AVENIDA AMÉRICA (intercambiador),519,MIX,261,5,CHAMARTIN,30,104,0.39899999999999997,0.47600000000000003
2020,10,AVENIDA AMÉRICA (intercambiador),519,MIX,261,5,CHAMARTIN,31,103,0.396,0.47100000000000003
2020,11,AVENIDA AMÉRICA (intercambiador),519,MIX,261,5,CHAMARTIN,30,110,0.42200000000000004,0.499
2020,12,AVENIDA AMÉRICA (intercambiador),519,MIX,261,5,CHAMARTIN,31,109,0.419,0.5
2020,1,AVENIDA DE PORTUGAL,1022,MIX,428,10,LATINA,31,53,0.124,0.157
2020,2,AVENIDA DE PORTUGAL,1022,MIX,428,10,LATINA,29,34,0.08,0.11800000000000001
2020,3,AVENIDA DE PORTUGAL,1022,MIX,428,10,LATINA,31,17,0.040999999999999995,0.06
2020,4,AVENIDA DE PORTUGAL,1022,MIX,428,10,LATINA,30,5,0.012,0.018000000000000002
2020,5,AVENIDA DE PORTUGAL,1022,MIX,428,10,LATINA,31,17,0.040999999999999995,0.047
2020,6,AVENIDA DE PORTUGAL,1022,MIX,428,10,LATINA,30,26,0.061,0.08
2020,7,AVENIDA DE PORTUGAL,1022,MIX,428,10,LATINA,31,23,0.054000000000000006,0.068
2020,8,AVENIDA DE PORTUGAL,1022,MIX,428,10,LATINA,31,17,0.039,0.046
2020,9,AVENIDA DE PORTUGAL,1022,MIX,428,10,LATINA,30,33,0.078,0.102
2020,10,AVENIDA DE PORTUGAL,1022,MIX,428,10,LATINA,31,47,0.109,0.142
2020,11,AVENIDA DE PORTUGAL,1022,MIX,428,10,LATINA,30,67,0.157,0.19399999999999998
2020,12,AVENIDA DE PORTUGAL,1022,MIX,428,10,LATINA,31,82,0.192,0.243
2020,1,BRASIL,602,MIX,237,6,TETUAN,31,4,0.015,0.026000000000000002
2020,2,BRASIL,602,MIX,237,6,TETUAN,29,5,0.019,0.033
2020,3,BRASIL,602,MIX,237,6,TETUAN,26,2,0.008,0.013999999999999999
2020,4,BRASIL,602,MIX,237,6,TETUAN,17,0,0.001,0.001
2020,5,BRASIL,602,MIX,237,6,TETUAN,27,1,0.004,0.008
2020,6,BRASIL,602,MIX,237,6,TETUAN,30,2,0.009000000000000001,0.016
2020,7,BRASIL,602,MIX,237,6,TETUAN,31,3,0.013000000000000001,0.023
2020,8,BRASIL,602,MIX,237,6,TETUAN,31,2,0.006999999999999999,0.013000000000000001
2020,9,BRASIL,602,MIX,237,6,TETUAN,30,3,0.013000000000000001,0.023
2020,10,BRASIL,602,MIX,237,6,TETUAN,31,3,0.012,0.022000000000000002
2020,11,BRASIL,602,MIX,237,6,TETUAN,30,3,0.013000000000000001,0.022000000000000002
2020,12,BRASIL,602,MIX,237,6,TETUAN,31,4,0.016,0.027999999999999997
2020,1,CASINO DE LA REINA,122,MIX,131,1,CENTRO,31,102,0.777,0.851
2020,2,CASINO DE LA REINA,122,MIX,131,1,CENTRO,29,105,0.804,0.871
2020,3,CASINO DE LA REINA,122,MIX,131,1,CENTRO,31,97,0.7390000000000001,0.794
2020,4,CASINO DE LA REINA,122,MIX,131,1,CENTRO,30,90,0.684,0.733
2020,5,CASINO DE LA REINA,122,MIX,131,1,CENTRO,31,87,0.6679999999999999,0.723
2020,6,CASINO DE LA REINA,122,MIX,131,1,CENTRO,30,92,0.7,0.7559999999999999
2020,7,CASINO DE LA REINA,122,MIX,131,1,CENTRO,31,82,0.624,0.6779999999999999
2020,8,CASINO DE LA REINA,122,MIX,131,1,CENTRO,31,71,0.539,0.5820000000000001
2020,9,CASINO DE LA REINA,122,MIX,131,1,CENTRO,30,94,0.721,0.7909999999999999
2020,10,CASINO DE LA REINA,122,MIX,131,1,CENTRO,31,105,0.8009999999999999,0.872
2020,11,CASINO DE LA REINA,122,MIX,131,1,CENTRO,30,111,0.845,0.9259999999999999
2020,12,CASINO DE LA REINA,122,MIX,131,1,CENTRO,31,104,0.794,0.879
2020,1,CONDESA DE GAVIA,607,MIX,146,6,TETUAN,25,2,0.013000000000000001,0.026000000000000002
2020,2,CONDESA DE GAVIA,607,MIX,146,6,TETUAN,25,2,0.013999999999999999,0.027999999999999997
2020,3,CONDESA DE GAVIA,607,MIX,146,6,TETUAN,25,1,0.005,0.011000000000000001
2020,4,CONDESA DE GAVIA,607,MIX,146,6,TETUAN,23,0,0.001,0.003
2020,5,CONDESA DE GAVIA,607,MIX,146,6,TETUAN,23,1,0.005,0.011000000000000001
2020,6,CONDESA DE GAVIA,607,MIX,146,6,TETUAN,26,1,0.008,0.016
2020,7,CONDESA DE GAVIA,607,MIX,146,6,TETUAN,27,1,0.008,0.015
2020,8,CONDESA DE GAVIA,607,MIX,146,6,TETUAN,13,1,0.005,0.009000000000000001
2020,9,CONDESA DE GAVIA,607,MIX,146,6,TETUAN,22,2,0.011000000000000001,0.022000000000000002
2020,10,CONDESA DE GAVIA,607,MIX,146,6,TETUAN,26,2,0.013000000000000001,0.025
2020,11,CONDESA DE GAVIA,607,MIX,146,6,TETUAN,23,2,0.013000000000000001,0.025
2020,12,CONDESA DE GAVIA,607,MIX,146,6,TETUAN,24,4,0.025,0.051
2020,1,CORAZÓN DE MARÍA II,511,MIX,327,5,CHAMARTIN,31,3,0.009000000000000001,0.018000000000000002
2020,2,CORAZÓN DE MARÍA II,511,MIX,327,5,CHAMARTIN,29,3,0.01,0.019
2020,3,CORAZÓN DE MARÍA II,511,MIX,327,5,CHAMARTIN,25,2,0.005,0.009000000000000001
2020,4,CORAZÓN DE MARÍA II,511,MIX,327,5,CHAMARTIN,22,0,0.0,0.001
2020,5,CORAZÓN DE MARÍA II,511,MIX,327,5,CHAMARTIN,25,1,0.002,0.005
2020,6,CORAZÓN DE MARÍA II,511,MIX,327,5,CHAMARTIN,30,2,0.006,0.011000000000000001
2020,7,CORAZÓN DE MARÍA II,511,MIX,327,5,CHAMARTIN,31,2,0.006999999999999999,0.013000000000000001
2020,8,CORAZÓN DE MARÍA II,511,MIX,327,5,CHAMARTIN,31,1,0.003,0.006
2020,9,CORAZÓN DE MARÍA II,511,MIX,327,5,CHAMARTIN,30,3,0.008,0.016
2020,10,CORAZÓN DE MARÍA II,511,MIX,327,5,CHAMARTIN,31,2,0.006999999999999999,0.013000000000000001
2020,11,CORAZÓN DE MARÍA II,511,MIX,327,5,CHAMARTIN,30,3,0.009000000000000001,0.017
2020,12,CORAZÓN DE MARÍA II,511,MIX,327,5,CHAMARTIN,31,3,0.01,0.019
2020,1,CORONA BOREAL,911,MIX,125,9,MONCLOA-ARAVACA,31,7,0.057,0.113
2020,2,CORONA BOREAL,911,MIX,125,9,MONCLOA-ARAVACA,29,7,0.057,0.113
2020,3,CORONA BOREAL,911,MIX,125,9,MONCLOA-ARAVACA,29,3,0.027000000000000003,0.053
2020,4,CORONA BOREAL,911,MIX,125,9,MONCLOA-ARAVACA,26,1,0.006999999999999999,0.013000000000000001
2020,5,CORONA BOREAL,911,MIX,125,9,MONCLOA-ARAVACA,29,4,0.027999999999999997,0.057
2020,6,CORONA BOREAL,911,MIX,125,9,MONCLOA-ARAVACA,30,7,0.057,0.115
2020,7,CORONA BOREAL,911,MIX,125,9,MONCLOA-ARAVACA,30,6,0.049,0.098
2020,8,CORONA BOREAL,911,MIX,125,9,MONCLOA-ARAVACA,30,2,0.015,0.03
2020,9,CORONA BOREAL,911,MIX,125,9,MONCLOA-ARAVACA,30,7,0.057,0.114
2020,10,CORONA BOREAL,911,MIX,125,9,MONCLOA-ARAVACA,31,7,0.052000000000000005,0.105
2020,11,CORONA BOREAL,911,MIX,125,9,MONCLOA-ARAVACA,30,6,0.051,0.102
2020,12,CORONA BOREAL,911,MIX,125,9,MONCLOA-ARAVACA,31,7,0.06,0.11900000000000001
2020,1,DAOÍZ Y VELARDE,319,MIX,235,3,RETIRO,31,104,0.442,0.537
2020,2,DAOÍZ Y VELARDE,319,MIX,235,3,RETIRO,29,114,0.484,0.613
2020,3,DAOÍZ Y VELARDE,319,MIX,235,3,RETIRO,31,52,0.22,0.264
2020,4,DAOÍZ Y VELARDE,319,MIX,235,3,RETIRO,30,26,0.11199999999999999,0.12300000000000001
2020,5,DAOÍZ Y VELARDE,319,MIX,235,3,RETIRO,31,44,0.18899999999999997,0.218
2020,6,DAOÍZ Y VELARDE,319,MIX,235,3,RETIRO,30,57,0.24100000000000002,0.303
2020,7,DAOÍZ Y VELARDE,319,MIX,235,3,RETIRO,31,44,0.187,0.251
2020,8,DAOÍZ Y VELARDE,319,MIX,235,3,RETIRO,31,35,0.151,0.188
2020,9,DAOÍZ Y VELARDE,319,MIX,235,3,RETIRO,30,66,0.28,0.36200000000000004
2020,10,DAOÍZ Y VELARDE,319,MIX,235,3,RETIRO,31,84,0.358,0.45
2020,11,DAOÍZ Y VELARDE,319,MIX,235,3,RETIRO,30,99,0.42,0.514
2020,12,DAOÍZ Y VELARDE,319,MIX,235,3,RETIRO,31,124,0.526,0.628
2020,1,DESCALZAS,5003,ROT,400,1,CENTRO,31,98,0.245,0.331
2020,2,DESCALZAS,5003,ROT,400,1,CENTRO,29,95,0.237,0.315
2020,3,DESCALZAS,5003,ROT,400,1,CENTRO,31,42,0.105,0.142
2020,4,DESCALZAS,5003,ROT,400,1,CENTRO,30,48,0.12,0.136
2020,5,DESCALZAS,5003,ROT,400,1,CENTRO,31,48,0.12,0.151
2020,6,DESCALZAS,5003,ROT,400,1,CENTRO,30,47,0.11800000000000001,0.183
2020,7,DESCALZAS,5003,ROT,400,1,CENTRO,31,62,0.154,0.217
2020,8,DESCALZAS,5003,ROT,400,1,CENTRO,31,43,0.10800000000000001,0.153
2020,9,DESCALZAS,5003,ROT,400,1,CENTRO,30,55,0.136,0.207
2020,10,DESCALZAS,5003,ROT,400,1,CENTRO,31,54,0.134,0.209
2020,11,DESCALZAS,5003,ROT,400,1,CENTRO,30,73,0.183,0.284
2020,12,DESCALZAS,5003,ROT,400,1,CENTRO,31,88,0.221,0.35
2020,1,DÍAZ PORLIER,416,MIX,203,4,SALAMANCA,31,113,0.555,0.757
2020,2,DÍAZ PORLIER,416,MIX,203,4,SALAMANCA,29,123,0.606,0.8240000000000001
2020,3,DÍAZ PORLIER,416,MIX,203,4,SALAMANCA,31,69,0.33899999999999997,0.43700000000000006
2020,4,DÍAZ PORLIER,416,MIX,203,4,SALAMANCA,30,53,0.262,0.341
2020,5,DÍAZ PORLIER,416,MIX,203,4,SALAMANCA,31,63,0.313,0.43700000000000006
2020,6,DÍAZ PORLIER,416,MIX,203,4,SALAMANCA,30,86,0.42100000000000004,0.626
2020,7,DÍAZ PORLIER,416,MIX,203,4,SALAMANCA,31,88,0.43200000000000005,0.61
2020,8,DÍAZ PORLIER,416,MIX,203,4,SALAMANCA,31,54,0.264,0.361
2020,9,DÍAZ PORLIER,416,MIX,203,4,SALAMANCA,30,97,0.478,0.6629999999999999
2020,10,DÍAZ PORLIER,416,MIX,203,4,SALAMANCA,31,98,0.484,0.684
2020,11,DÍAZ PORLIER,416,MIX,203,4,SALAMANCA,30,109,0.5379999999999999,0.7509999999999999
2020,12,DÍAZ PORLIER,416,MIX,203,4,SALAMANCA,31,107,0.526,0.731
2020,1,ENCUENTRO,1419,MIX,90,14,MORATALAZ,31,1,0.006999999999999999,0.006999999999999999
2020,2,ENCUENTRO,1419,MIX,90,14,MORATALAZ,29,1,0.006,0.006
2020,3,ENCUENTRO,1419,MIX,90,14,MORATALAZ,31,0,0.004,0.004
2020,4,ENCUENTRO,1419,MIX,90,14,MORATALAZ,30,0,0.001,0.002
2020,5,ENCUENTRO,1419,MIX,90,14,MORATALAZ,31,0,0.004,0.005
2020,6,ENCUENTRO,1419,MIX,90,14,MORATALAZ,30,0,0.004,0.005
2020,7,ENCUENTRO,1419,MIX,90,14,MORATALAZ,31,0,0.004,0.005
2020,8,ENCUENTRO,1419,MIX,90,14,MORATALAZ,31,0,0.004,0.005
2020,9,ENCUENTRO,1419,MIX,90,14,MORATALAZ,30,0,0.004,0.004
2020,10,ENCUENTRO,1419,MIX,90,14,MORATALAZ,31,0,0.003,0.004
2020,11,ENCUENTRO,1419,MIX,90,14,MORATALAZ,30,0,0.004,0.005
2020,12,ENCUENTRO,1419,MIX,90,14,MORATALAZ,31,0,0.005,0.006999999999999999
2020,1,FELIPE II,422,MIX,1175,4,SALAMANCA,31,124,0.106,0.195
2020,2,FELIPE II,422,MIX,1175,4,SALAMANCA,29,96,0.08199999999999999,0.149
2020,3,FELIPE II,422,MIX,1175,4,SALAMANCA,31,46,0.039,0.073
2020,4,FELIPE II,422,MIX,1175,4,SALAMANCA,30,21,0.018000000000000002,0.034
2020,5,FELIPE II,422,MIX,1175,4,SALAMANCA,31,29,0.025,0.046
2020,6,FELIPE II,422,MIX,1175,4,SALAMANCA,30,76,0.065,0.121
2020,7,FELIPE II,422,MIX,1175,4,SALAMANCA,31,82,0.07,0.128
2020,8,FELIPE II,422,MIX,1175,4,SALAMANCA,31,54,0.046,0.084
2020,9,FELIPE II,422,MIX,1175,4,SALAMANCA,30,77,0.066,0.122
2020,10,FELIPE II,422,MIX,1175,4,SALAMANCA,31,80,0.068,0.128
2020,11,FELIPE II,422,MIX,1175,4,SALAMANCA,30,93,0.079,0.15
2020,12,FELIPE II,422,MIX,1175,4,SALAMANCA,31,119,0.10099999999999999,0.193
2020,1,FERNÁNDEZ SHAW,5005,MIX,243,3,RETIRO,31,91,0.374,0.578
2020,2,FERNÁNDEZ SHAW,5005,MIX,243,3,RETIRO,29,97,0.39899999999999997,0.62
2020,3,FERNÁNDEZ SHAW,5005,MIX,243,3,RETIRO,31,55,0.228,0.311
2020,4,FERNÁNDEZ SHAW,5005,MIX,243,3,RETIRO,30,33,0.13699999999999998,0.15
2020,5,FERNÁNDEZ SHAW,5005,MIX,243,3,RETIRO,29,35,0.146,0.166
2020,6,FERNÁNDEZ SHAW,5005,MIX,243,3,RETIRO,30,38,0.154,0.19399999999999998
2020,7,FERNÁNDEZ SHAW,5005,MIX,243,3,RETIRO,30,48,0.19899999999999998,0.248
2020,8,FERNÁNDEZ SHAW,5005,MIX,243,3,RETIRO,14,67,0.275,0.317
2020,9,FERNÁNDEZ SHAW,5005,MIX,243,3,RETIRO,30,41,0.17,0.215
2020,10,FERNÁNDEZ SHAW,5005,MIX,243,3,RETIRO,31,41,0.168,0.21600000000000003
2020,11,FERNÁNDEZ SHAW,5005,MIX,243,3,RETIRO,30,43,0.17600000000000002,0.22699999999999998
2020,12,FERNÁNDEZ SHAW,5005,MIX,243,3,RETIRO,31,39,0.161,0.204
2020,1,FUENCARRAL,714,MIX,290,7,CHAMBERI,31,129,0.444,0.5670000000000001
2020,2,FUENCARRAL,714,MIX,290,7,CHAMBERI,29,118,0.406,0.525
2020,3,FUENCARRAL,714,MIX,290,7,CHAMBERI,31,73,0.253,0.316
2020,4,FUENCARRAL,714,MIX,290,7,CHAMBERI,30,56,0.19399999999999998,0.215
2020,5,FUENCARRAL,714,MIX,290,7,CHAMBERI,31,44,0.151,0.20600000000000002
2020,6,FUENCARRAL,714,MIX,290,7,CHAMBERI,30,67,0.23199999999999998,0.337
2020,7,FUENCARRAL,714,MIX,290,7,CHAMBERI,31,82,0.28300000000000003,0.384
2020,8,FUENCARRAL,714,MIX,290,7,CHAMBERI,31,43,0.14800000000000002,0.2
2020,9,FUENCARRAL,714,MIX,290,7,CHAMBERI,30,103,0.355,0.45399999999999996
2020,10,FUENCARRAL,714,MIX,290,7,CHAMBERI,31,61,0.209,0.305
2020,11,FUENCARRAL,714,MIX,290,7,CHAMBERI,30,81,0.27899999999999997,0.38799999999999996
2020,12,FUENCARRAL,714,MIX,290,7,CHAMBERI,31,94,0.32299999999999995,0.45
2020,1,HERNANI,617,MIX,115,6,TETUAN,31,57,0.498,0.8290000000000001
2020,2,HERNANI,617,MIX,115,6,TETUAN,29,56,0.489,0.7909999999999999
2020,3,HERNANI,617,MIX,115,6,TETUAN,28,23,0.204,0.34
2020,4,HERNANI,617,MIX,115,6,TETUAN,24,2,0.017,0.034
2020,5,HERNANI,617,MIX,115,6,TETUAN,28,12,0.102,0.19699999999999998
2020,6,HERNANI,617,MIX,115,6,TETUAN,30,39,0.335,0.591
2020,7,HERNANI,617,MIX,115,6,TETUAN,31,39,0.342,0.594
2020,8,HERNANI,617,MIX,115,6,TETUAN,31,16,0.135,0.23800000000000002
2020,9,HERNANI,617,MIX,115,6,TETUAN,30,49,0.428,0.69
2020,10,HERNANI,617,MIX,115,6,TETUAN,31,40,0.35200000000000004,0.628
2020,11,HERNANI,617,MIX,115,6,TETUAN,30,47,0.406,0.7070000000000001
2020,12,HERNANI,617,MIX,115,6,TETUAN,31,56,0.491,0.856
2020,1,JACINTO BENAVENTE,110,MIX,276,1,CENTRO,31,157,0.569,0.682
2020,2,JACINTO BENAVENTE,110,MIX,276,1,CENTRO,29,151,0.546,0.648
2020,3,JACINTO BENAVENTE,110,MIX,276,1,CENTRO,31,73,0.265,0.324
2020,4,JACINTO BENAVENTE,110,MIX,276,1,CENTRO,30,37,0.133,0.14800000000000002
2020,5,JACINTO BENAVENTE,110,MIX,276,1,CENTRO,31,36,0.131,0.17
2020,6,JACINTO BENAVENTE,110,MIX,276,1,CENTRO,30,55,0.198,0.293
2020,7,JACINTO BENAVENTE,110,MIX,276,1,CENTRO,31,71,0.257,0.354
2020,8,JACINTO BENAVENTE,110,MIX,276,1,CENTRO,31,120,0.435,0.532
2020,9,JACINTO BENAVENTE,110,MIX,276,1,CENTRO,30,81,0.292,0.39799999999999996
2020,10,JACINTO BENAVENTE,110,MIX,276,1,CENTRO,26,67,0.244,0.35
2020,11,JACINTO BENAVENTE,110,MIX,276,1,CENTRO,30,98,0.35700000000000004,0.518
2020,12,JACINTO BENAVENTE,110,MIX,276,1,CENTRO,31,137,0.498,0.6970000000000001
2020,1,JOSÉ CASTÁN TOBEÑAS,604,MIX,226,6,TETUAN,31,42,0.187,0.303
2020,2,JOSÉ CASTÁN TOBEÑAS,604,MIX,226,6,TETUAN,29,45,0.201,0.326
2020,3,JOSÉ CASTÁN TOBEÑAS,604,MIX,226,6,TETUAN,31,24,0.10400000000000001,0.157
2020,4,JOSÉ CASTÁN TOBEÑAS,604,MIX,226,6,TETUAN,30,11,0.048,0.052000000000000005
2020,5,JOSÉ CASTÁN TOBEÑAS,604,MIX,226,6,TETUAN,31,11,0.05,0.06
2020,6,JOSÉ CASTÁN TOBEÑAS,604,MIX,226,6,TETUAN,30,26,0.115,0.175
2020,7,JOSÉ CASTÁN TOBEÑAS,604,MIX,226,6,TETUAN,31,27,0.121,0.19899999999999998
2020,8,JOSÉ CASTÁN TOBEÑAS,604,MIX,226,6,TETUAN,31,13,0.057,0.081
2020,9,JOSÉ CASTÁN TOBEÑAS,604,MIX,226,6,TETUAN,30,33,0.147,0.24600000000000002
2020,10,JOSÉ CASTÁN TOBEÑAS,604,MIX,226,6,TETUAN,31,34,0.15,0.255
2020,11,JOSÉ CASTÁN TOBEÑAS,604,MIX,226,6,TETUAN,30,35,0.157,0.266
2020,12,JOSÉ CASTÁN TOBEÑAS,604,MIX,226,6,TETUAN,31,31,0.136,0.23199999999999998
2020,1,LUNA TUDESCOS,5006,ROT,481,1,CENTRO,31,222,0.462,0.575
2020,2,LUNA TUDESCOS,5006,ROT,481,1,CENTRO,29,229,0.47600000000000003,0.5870000000000001
2020,3,LUNA TUDESCOS,5006,ROT,481,1,CENTRO,31,190,0.395,0.46399999999999997
2020,4,LUNA TUDESCOS,5006,ROT,481,1,CENTRO,30,94,0.195,0.225
2020,5,LUNA TUDESCOS,5006,ROT,481,1,CENTRO,31,124,0.258,0.313
2020,6,LUNA TUDESCOS,5006,ROT,481,1,CENTRO,30,235,0.489,0.604
2020,7,LUNA TUDESCOS,5006,ROT,481,1,CENTRO,31,253,0.526,0.635
2020,8,LUNA TUDESCOS,5006,ROT,481,1,CENTRO,31,245,0.509,0.597
2020,9,LUNA TUDESCOS,5006,ROT,481,1,CENTRO,30,272,0.565,0.698
2020,10,LUNA TUDESCOS,5006,ROT,481,1,CENTRO,31,269,0.5589999999999999,0.696
2020,11,LUNA TUDESCOS,5006,ROT,481,1,CENTRO,30,200,0.41700000000000004,0.555
2020,12,LUNA TUDESCOS,5006,ROT,481,1,CENTRO,31,167,0.34600000000000003,0.48200000000000004
2020,1,MARQUÉS DE SALAMANCA,420,MIX,356,4,SALAMANCA,31,56,0.158,0.23
2020,2,MARQUÉS DE SALAMANCA,420,MIX,356,4,SALAMANCA,29,112,0.315,0.39899999999999997
2020,3,MARQUÉS DE SALAMANCA,420,MIX,356,4,SALAMANCA,31,68,0.192,0.23199999999999998
2020,4,MARQUÉS DE SALAMANCA,420,MIX,356,4,SALAMANCA,30,42,0.11699999999999999,0.128
2020,5,MARQUÉS DE SALAMANCA,420,MIX,356,4,SALAMANCA,31,39,0.111,0.14
2020,6,MARQUÉS DE SALAMANCA,420,MIX,356,4,SALAMANCA,30,46,0.13,0.185
2020,7,MARQUÉS DE SALAMANCA,420,MIX,356,4,SALAMANCA,31,54,0.15,0.204
2020,8,MARQUÉS DE SALAMANCA,420,MIX,356,4,SALAMANCA,31,17,0.047,0.064
2020,9,MARQUÉS DE SALAMANCA,420,MIX,356,4,SALAMANCA,30,44,0.124,0.177
2020,10,MARQUÉS DE SALAMANCA,420,MIX,356,4,SALAMANCA,31,67,0.18899999999999997,0.24600000000000002
2020,11,MARQUÉS DE SALAMANCA,420,MIX,356,4,SALAMANCA,30,95,0.268,0.342
2020,12,MARQUÉS DE SALAMANCA,420,MIX,356,4,SALAMANCA,31,81,0.228,0.29600000000000004
2020,1,MARQUÉS DE URQUIJO,5007,ROT,428,9,MONCLOA-ARAVACA,31,55,0.128,0.213
2020,2,MARQUÉS DE URQUIJO,5007,ROT,428,9,MONCLOA-ARAVACA,29,59,0.139,0.23199999999999998
2020,3,MARQUÉS DE URQUIJO,5007,ROT,428,9,MONCLOA-ARAVACA,27,27,0.064,0.10300000000000001
2020,4,MARQUÉS DE URQUIJO,5007,ROT,428,9,MONCLOA-ARAVACA,26,1,0.003,0.006
2020,5,MARQUÉS DE URQUIJO,5007,ROT,428,9,MONCLOA-ARAVACA,29,11,0.026000000000000002,0.051
2020,6,MARQUÉS DE URQUIJO,5007,ROT,428,9,MONCLOA-ARAVACA,30,31,0.07200000000000001,0.124
2020,7,MARQUÉS DE URQUIJO,5007,ROT,428,9,MONCLOA-ARAVACA,31,31,0.07200000000000001,0.124
2020,8,MARQUÉS DE URQUIJO,5007,ROT,428,9,MONCLOA-ARAVACA,31,12,0.028999999999999998,0.05
2020,9,MARQUÉS DE URQUIJO,5007,ROT,428,9,MONCLOA-ARAVACA,30,38,0.08800000000000001,0.152
2020,10,MARQUÉS DE URQUIJO,5007,ROT,428,9,MONCLOA-ARAVACA,31,32,0.076,0.135
2020,11,MARQUÉS DE URQUIJO,5007,ROT,428,9,MONCLOA-ARAVACA,30,39,0.092,0.162
2020,12,MARQUÉS DE URQUIJO,5007,ROT,428,9,MONCLOA-ARAVACA,31,49,0.113,0.18899999999999997
2020,1,MIGUEL YUSTE,2005,MIX,236,20,SAN BLAS-CANILLEJAS,21,5,0.02,0.031
2020,2,MIGUEL YUSTE,2005,MIX,236,20,SAN BLAS-CANILLEJAS,20,5,0.022000000000000002,0.035
2020,3,MIGUEL YUSTE,2005,MIX,236,20,SAN BLAS-CANILLEJAS,13,3,0.013000000000000001,0.018000000000000002
2020,1,MONTALBÁN,5009,MIX,276,3,RETIRO,31,49,0.17600000000000002,0.27
2020,2,MONTALBÁN,5009,MIX,276,3,RETIRO,29,55,0.201,0.305
2020,3,MONTALBÁN,5009,MIX,276,3,RETIRO,31,21,0.076,0.122
2020,4,MONTALBÁN,5009,MIX,276,3,RETIRO,30,20,0.073,0.08199999999999999
2020,5,MONTALBÁN,5009,MIX,276,3,RETIRO,31,12,0.044000000000000004,0.068
2020,6,MONTALBÁN,5009,MIX,276,3,RETIRO,30,30,0.11,0.16899999999999998
2020,7,MONTALBÁN,5009,MIX,276,3,RETIRO,31,31,0.11199999999999999,0.17800000000000002
2020,8,MONTALBÁN,5009,MIX,276,3,RETIRO,31,19,0.07,0.107
2020,9,MONTALBÁN,5009,MIX,276,3,RETIRO,30,34,0.12300000000000001,0.204
2020,10,MONTALBÁN,5009,MIX,276,3,RETIRO,31,41,0.14800000000000002,0.24
2020,11,MONTALBÁN,5009,MIX,276,3,RETIRO,30,51,0.184,0.292
2020,12,MONTALBÁN,5009,MIX,276,3,RETIRO,31,54,0.19399999999999998,0.306
2020,1,MOSTENSES,5010,ROT,362,1,CENTRO,31,190,0.525,0.639
2020,2,MOSTENSES,5010,ROT,362,1,CENTRO,29,182,0.502,0.615
2020,3,MOSTENSES,5010,ROT,362,1,CENTRO,31,102,0.281,0.348
2020,4,MOSTENSES,5010,ROT,362,1,CENTRO,30,62,0.171,0.201
2020,5,MOSTENSES,5010,ROT,362,1,CENTRO,31,49,0.134,0.17600000000000002
2020,6,MOSTENSES,5010,ROT,362,1,CENTRO,30,82,0.225,0.315
2020,7,MOSTENSES,5010,ROT,362,1,CENTRO,31,98,0.272,0.366
2020,8,MOSTENSES,5010,ROT,362,1,CENTRO,31,97,0.26899999999999996,0.342
2020,9,MOSTENSES,5010,ROT,362,1,CENTRO,30,103,0.284,0.384
2020,10,MOSTENSES,5010,ROT,362,1,CENTRO,31,107,0.294,0.40299999999999997
2020,11,MOSTENSES,5010,ROT,362,1,CENTRO,30,74,0.205,0.312
2020,12,MOSTENSES,5010,ROT,362,1,CENTRO,31,70,0.19399999999999998,0.299
2020,1,MUSEO DE LA CIUDAD,5011,ROT,149,5,CHAMARTIN,31,3,0.022000000000000002,0.044000000000000004
2020,2,MUSEO DE LA CIUDAD,5011,ROT,149,5,CHAMARTIN,29,4,0.025,0.047
2020,3,MUSEO DE LA CIUDAD,5011,ROT,149,5,CHAMARTIN,26,2,0.011000000000000001,0.021
2020,4,MUSEO DE LA CIUDAD,5011,ROT,149,5,CHAMARTIN,22,0,0.001,0.002
2020,5,MUSEO DE LA CIUDAD,5011,ROT,149,5,CHAMARTIN,26,1,0.006999999999999999,0.013999999999999999
2020,6,MUSEO DE LA CIUDAD,5011,ROT,149,5,CHAMARTIN,29,2,0.011000000000000001,0.02
2020,7,MUSEO DE LA CIUDAD,5011,ROT,149,5,CHAMARTIN,31,2,0.012,0.024
2020,8,MUSEO DE LA CIUDAD,5011,ROT,149,5,CHAMARTIN,29,1,0.005,0.009000000000000001
2020,9,MUSEO DE LA CIUDAD,5011,ROT,149,5,CHAMARTIN,30,2,0.013000000000000001,0.025
2020,10,MUSEO DE LA CIUDAD,5011,ROT,149,5,CHAMARTIN,31,2,0.013000000000000001,0.024
2020,11,MUSEO DE LA CIUDAD,5011,ROT,149,5,CHAMARTIN,30,2,0.013000000000000001,0.025
2020,12,MUSEO DE LA CIUDAD,5011,ROT,149,5,CHAMARTIN,31,3,0.017,0.033
2020,1,OLAVIDE,5012,ROT,375,7,CHAMBERI,31,58,0.154,0.20800000000000002
2020,2,OLAVIDE,5012,ROT,375,7,CHAMBERI,29,64,0.171,0.22399999999999998
2020,3,OLAVIDE,5012,ROT,375,7,CHAMBERI,31,30,0.081,0.107
2020,4,OLAVIDE,5012,ROT,375,7,CHAMBERI,30,48,0.128,0.142
2020,5,OLAVIDE,5012,ROT,375,7,CHAMBERI,31,80,0.213,0.248
2020,6,OLAVIDE,5012,ROT,375,7,CHAMBERI,30,42,0.111,0.147
2020,7,OLAVIDE,5012,ROT,375,7,CHAMBERI,31,61,0.162,0.19699999999999998
2020,8,OLAVIDE,5012,ROT,375,7,CHAMBERI,31,24,0.065,0.083
2020,9,OLAVIDE,5012,ROT,375,7,CHAMBERI,30,46,0.12300000000000001,0.162
2020,10,OLAVIDE,5012,ROT,375,7,CHAMBERI,31,44,0.11800000000000001,0.157
2020,11,OLAVIDE,5012,ROT,375,7,CHAMBERI,30,41,0.10800000000000001,0.152
2020,12,OLAVIDE,5012,ROT,375,7,CHAMBERI,31,38,0.102,0.147
2020,1,ORENSE,610,MIX,129,6,TETUAN,31,8,0.063,0.086
2020,2,ORENSE,610,MIX,129,6,TETUAN,29,10,0.081,0.10300000000000001
2020,3,ORENSE,610,MIX,129,6,TETUAN,31,6,0.044000000000000004,0.054000000000000006
2020,4,ORENSE,610,MIX,129,6,TETUAN,29,3,0.022000000000000002,0.023
2020,5,ORENSE,610,MIX,129,6,TETUAN,28,4,0.034,0.04
2020,6,ORENSE,610,MIX,129,6,TETUAN,30,6,0.044000000000000004,0.054000000000000006
2020,7,ORENSE,610,MIX,129,6,TETUAN,31,4,0.03,0.044000000000000004
2020,8,ORENSE,610,MIX,129,6,TETUAN,31,5,0.036000000000000004,0.044000000000000004
2020,9,ORENSE,610,MIX,129,6,TETUAN,30,4,0.03,0.044000000000000004
2020,10,ORENSE,610,MIX,129,6,TETUAN,26,6,0.043,0.055999999999999994
2020,11,ORENSE,610,MIX,129,6,TETUAN,30,11,0.083,0.102
2020,12,ORENSE,610,MIX,129,6,TETUAN,31,11,0.083,0.10099999999999999
2020,1,ORIENTE,107,MIX,212,1,CENTRO,31,19,0.08900000000000001,0.163
2020,2,ORIENTE,107,MIX,212,1,CENTRO,29,19,0.091,0.16699999999999998
2020,3,ORIENTE,107,MIX,212,1,CENTRO,31,6,0.028999999999999998,0.054000000000000006
2020,4,ORIENTE,107,MIX,212,1,CENTRO,30,1,0.003,0.005
2020,5,ORIENTE,107,MIX,212,1,CENTRO,31,3,0.012,0.021
2020,6,ORIENTE,107,MIX,212,1,CENTRO,30,10,0.045,0.08199999999999999
2020,7,ORIENTE,107,MIX,212,1,CENTRO,31,12,0.059000000000000004,0.1
2020,8,ORIENTE,107,MIX,212,1,CENTRO,31,8,0.036000000000000004,0.06
2020,9,ORIENTE,107,MIX,212,1,CENTRO,30,14,0.067,0.11800000000000001
2020,10,ORIENTE,107,MIX,212,1,CENTRO,31,13,0.062,0.115
2020,11,ORIENTE,107,MIX,212,1,CENTRO,30,18,0.086,0.161
2020,12,ORIENTE,107,MIX,212,1,CENTRO,31,21,0.10099999999999999,0.188
2020,1,PEDRO ZEROLO,101,MIX,113,1,CENTRO,31,54,0.475,0.442
2020,2,PEDRO ZEROLO,101,MIX,113,1,CENTRO,29,61,0.539,0.613
2020,3,PEDRO ZEROLO,101,MIX,113,1,CENTRO,31,40,0.354,0.359
2020,4,PEDRO ZEROLO,101,MIX,113,1,CENTRO,30,16,0.146,0.156
2020,5,PEDRO ZEROLO,101,MIX,113,1,CENTRO,31,41,0.361,0.41700000000000004
2020,6,PEDRO ZEROLO,101,MIX,113,1,CENTRO,30,64,0.568,0.6829999999999999
2020,7,PEDRO ZEROLO,101,MIX,113,1,CENTRO,31,79,0.6990000000000001,0.7909999999999999
2020,8,PEDRO ZEROLO,101,MIX,113,1,CENTRO,31,75,0.6679999999999999,0.7390000000000001
2020,9,PEDRO ZEROLO,101,MIX,113,1,CENTRO,30,80,0.7070000000000001,0.813
2020,10,PEDRO ZEROLO,101,MIX,113,1,CENTRO,27,79,0.701,0.84
2020,11,PEDRO ZEROLO,101,MIX,113,1,CENTRO,30,72,0.636,0.7559999999999999
2020,12,PEDRO ZEROLO,101,MIX,113,1,CENTRO,31,73,0.6459999999999999,0.777
2020,1,PLAZA DE COLÓN,5001,ROT,612,4,SALAMANCA,31,279,0.456,0.6559999999999999
2020,2,PLAZA DE COLÓN,5001,ROT,612,4,SALAMANCA,29,292,0.47700000000000004,0.6940000000000001
2020,3,PLAZA DE COLÓN,5001,ROT,612,4,SALAMANCA,31,147,0.24,0.33399999999999996
2020,4,PLAZA DE COLÓN,5001,ROT,612,4,SALAMANCA,30,28,0.046,0.053
2020,5,PLAZA DE COLÓN,5001,ROT,612,4,SALAMANCA,31,44,0.07200000000000001,0.102
2020,6,PLAZA DE COLÓN,5001,ROT,612,4,SALAMANCA,30,103,0.168,0.264
2020,7,PLAZA DE COLÓN,5001,ROT,612,4,SALAMANCA,31,132,0.215,0.33399999999999996
2020,8,PLAZA DE COLÓN,5001,ROT,612,4,SALAMANCA,31,85,0.138,0.19
2020,9,PLAZA DE COLÓN,5001,ROT,612,4,SALAMANCA,30,153,0.25,0.402
2020,10,PLAZA DE COLÓN,5001,ROT,612,4,SALAMANCA,31,149,0.244,0.39799999999999996
2020,11,PLAZA DE COLÓN,5001,ROT,612,4,SALAMANCA,30,170,0.278,0.447
2020,12,PLAZA DE COLÓN,5001,ROT,612,4,SALAMANCA,31,205,0.335,0.534
2020,1,PLAZA DE ESPAÑA,5004,MIX,800,9,MONCLOA-ARAVACA,31,308,0.386,0.48100000000000004
2020,2,PLAZA DE ESPAÑA,5004,MIX,800,9,MONCLOA-ARAVACA,29,237,0.29600000000000004,0.392
2020,3,PLAZA DE ESPAÑA,5004,MIX,800,9,MONCLOA-ARAVACA,31,113,0.142,0.185
2020,4,PLAZA DE ESPAÑA,5004,MIX,800,9,MONCLOA-ARAVACA,30,75,0.094,0.10099999999999999
2020,5,PLAZA DE ESPAÑA,5004,MIX,800,9,MONCLOA-ARAVACA,31,117,0.146,0.16899999999999998
2020,6,PLAZA DE ESPAÑA,5004,MIX,800,9,MONCLOA-ARAVACA,30,201,0.251,0.299
2020,7,PLAZA DE ESPAÑA,5004,MIX,800,9,MONCLOA-ARAVACA,31,217,0.271,0.314
2020,8,PLAZA DE ESPAÑA,5004,MIX,800,9,MONCLOA-ARAVACA,31,194,0.243,0.272
2020,9,PLAZA DE ESPAÑA,5004,MIX,800,9,MONCLOA-ARAVACA,30,212,0.265,0.309
2020,10,PLAZA DE ESPAÑA,5004,MIX,800,9,MONCLOA-ARAVACA,31,172,0.215,0.252
2020,11,PLAZA DE ESPAÑA,5004,MIX,800,9,MONCLOA-ARAVACA,30,281,0.35100000000000003,0.39799999999999996
2020,12,PLAZA DE ESPAÑA,5004,MIX,800,9,MONCLOA-ARAVACA,31,253,0.316,0.371
2020,1,PLAZA DE LAS CORTES,5002,ROT,480,1,CENTRO,31,226,0.47200000000000003,0.7
2020,2,PLAZA DE LAS CORTES,5002,ROT,480,1,CENTRO,29,234,0.488,0.736
2020,3,PLAZA DE LAS CORTES,5002,ROT,480,1,CENTRO,31,93,0.19399999999999998,0.29100000000000004
2020,4,PLAZA DE LAS CORTES,5002,ROT,480,1,CENTRO,30,14,0.027999999999999997,0.037000000000000005
2020,5,PLAZA DE LAS CORTES,5002,ROT,480,1,CENTRO,31,20,0.042,0.064
2020,6,PLAZA DE LAS CORTES,5002,ROT,480,1,CENTRO,30,73,0.153,0.24
2020,7,PLAZA DE LAS CORTES,5002,ROT,480,1,CENTRO,31,97,0.201,0.305
2020,8,PLAZA DE LAS CORTES,5002,ROT,480,1,CENTRO,31,57,0.11800000000000001,0.179
2020,9,PLAZA DE LAS CORTES,5002,ROT,480,1,CENTRO,30,105,0.21899999999999997,0.32799999999999996
2020,10,PLAZA DE LAS CORTES,5002,ROT,480,1,CENTRO,31,97,0.20199999999999999,0.324
2020,11,PLAZA DE LAS CORTES,5002,ROT,480,1,CENTRO,30,111,0.231,0.382
2020,12,PLAZA DE LAS CORTES,5002,ROT,480,1,CENTRO,31,175,0.365,0.5589999999999999
2020,1,PLAZA DEL CARMEN,113,ROT,442,1,CENTRO,31,150,0.33899999999999997,0.457
2020,2,PLAZA DEL CARMEN,113,ROT,442,1,CENTRO,29,169,0.38299999999999995,0.498
2020,3,PLAZA DEL CARMEN,113,ROT,442,1,CENTRO,31,57,0.128,0.183
2020,4,PLAZA DEL CARMEN,113,ROT,442,1,CENTRO,30,16,0.036000000000000004,0.049
2020,1,PLAZA DEL REY,5014,ROT,155,1,CENTRO,31,7,0.046,0.081
2020,2,PLAZA DEL REY,5014,ROT,155,1,CENTRO,29,8,0.051,0.092
2020,3,PLAZA DEL REY,5014,ROT,155,1,CENTRO,31,3,0.019,0.034
2020,4,PLAZA DEL REY,5014,ROT,155,1,CENTRO,30,1,0.005,0.008
2020,5,PLAZA DEL REY,5014,ROT,155,1,CENTRO,31,2,0.01,0.017
2020,6,PLAZA DEL REY,5014,ROT,155,1,CENTRO,30,4,0.027000000000000003,0.046
2020,7,PLAZA DEL REY,5014,ROT,155,1,CENTRO,31,5,0.035,0.057
2020,8,PLAZA DEL REY,5014,ROT,155,1,CENTRO,31,4,0.023,0.036000000000000004
2020,9,PLAZA DEL REY,5014,ROT,155,1,CENTRO,30,7,0.044000000000000004,0.073
2020,10,PLAZA DEL REY,5014,ROT,155,1,CENTRO,31,6,0.037000000000000005,0.063
2020,11,PLAZA DEL REY,5014,ROT,155,1,CENTRO,30,7,0.045,0.078
2020,12,PLAZA DEL REY,5014,ROT,155,1,CENTRO,31,8,0.054000000000000006,0.09699999999999999
2020,1,PLAZA MAYOR,5008,MIX,690,1,CENTRO,31,292,0.423,0.51
2020,2,PLAZA MAYOR,5008,MIX,690,1,CENTRO,29,258,0.374,0.451
2020,3,PLAZA MAYOR,5008,MIX,690,1,CENTRO,31,133,0.193,0.23
2020,4,PLAZA MAYOR,5008,MIX,690,1,CENTRO,30,53,0.077,0.087
2020,5,PLAZA MAYOR,5008,MIX,690,1,CENTRO,31,104,0.151,0.17600000000000002
2020,6,PLAZA MAYOR,5008,MIX,690,1,CENTRO,30,132,0.192,0.24100000000000002
2020,7,PLAZA MAYOR,5008,MIX,690,1,CENTRO,31,133,0.193,0.24600000000000002
2020,8,PLAZA MAYOR,5008,MIX,690,1,CENTRO,31,127,0.184,0.226
2020,9,PLAZA MAYOR,5008,MIX,690,1,CENTRO,30,136,0.198,0.253
2020,10,PLAZA MAYOR,5008,MIX,690,1,CENTRO,26,130,0.18899999999999997,0.24100000000000002
2020,11,PLAZA MAYOR,5008,MIX,690,1,CENTRO,30,235,0.341,0.424
2020,12,PLAZA MAYOR,5008,MIX,690,1,CENTRO,28,210,0.304,0.41600000000000004
2020,1,PRESIDENTE CARMONA,618,MIX,127,6,TETUAN,31,49,0.38799999999999996,0.358
2020,2,PRESIDENTE CARMONA,618,MIX,127,6,TETUAN,29,49,0.39,0.35700000000000004
2020,3,PRESIDENTE CARMONA,618,MIX,127,6,TETUAN,31,19,0.152,0.142
2020,4,PRESIDENTE CARMONA,618,MIX,127,6,TETUAN,30,5,0.04,0.044000000000000004
2020,5,PRESIDENTE CARMONA,618,MIX,127,6,TETUAN,31,6,0.047,0.057999999999999996
2020,6,PRESIDENTE CARMONA,618,MIX,127,6,TETUAN,30,16,0.127,0.151
2020,7,PRESIDENTE CARMONA,618,MIX,127,6,TETUAN,31,17,0.13,0.156
2020,8,PRESIDENTE CARMONA,618,MIX,127,6,TETUAN,31,15,0.11699999999999999,0.132
2020,9,PRESIDENTE CARMONA,618,MIX,127,6,TETUAN,30,17,0.13,0.156
2020,10,PRESIDENTE CARMONA,618,MIX,127,6,TETUAN,31,16,0.128,0.152
2020,11,PRESIDENTE CARMONA,618,MIX,127,6,TETUAN,30,17,0.132,0.159
2020,12,PRESIDENTE CARMONA,618,MIX,127,6,TETUAN,14,14,0.10800000000000001,0.132
2020,1,PRíNCIPE DE VERGARA (AUDITORIO),5015,ROT,366,5,CHAMARTIN,30,8,0.021,0.04
2020,2,PRíNCIPE DE VERGARA (AUDITORIO),5015,ROT,366,5,CHAMARTIN,29,9,0.024,0.045
2020,3,PRíNCIPE DE VERGARA (AUDITORIO),5015,ROT,366,5,CHAMARTIN,21,4,0.011000000000000001,0.022000000000000002
2020,4,PRíNCIPE DE VERGARA (AUDITORIO),5015,ROT,366,5,CHAMARTIN,17,0,0.0,0.001
2020,5,PRíNCIPE DE VERGARA (AUDITORIO),5015,ROT,366,5,CHAMARTIN,27,1,0.002,0.004
2020,6,PRíNCIPE DE VERGARA (AUDITORIO),5015,ROT,366,5,CHAMARTIN,29,1,0.004,0.008
2020,7,PRíNCIPE DE VERGARA (AUDITORIO),5015,ROT,366,5,CHAMARTIN,30,2,0.005,0.009000000000000001
2020,8,PRíNCIPE DE VERGARA (AUDITORIO),5015,ROT,366,5,CHAMARTIN,28,1,0.002,0.003
2020,9,PRíNCIPE DE VERGARA (AUDITORIO),5015,ROT,366,5,CHAMARTIN,30,2,0.005,0.01
2020,10,PRíNCIPE DE VERGARA (AUDITORIO),5015,ROT,366,5,CHAMARTIN,31,2,0.006999999999999999,0.013000000000000001
2020,11,PRíNCIPE DE VERGARA (AUDITORIO),5015,ROT,366,5,CHAMARTIN,30,4,0.01,0.02
2020,12,PRíNCIPE DE VERGARA (AUDITORIO),5015,ROT,366,5,CHAMARTIN,30,5,0.013000000000000001,0.025
2020,1,PUERTA DE TOLEDO,5016,ROT,240,1,CENTRO,31,19,0.078,0.131
2020,2,PUERTA DE TOLEDO,5016,ROT,240,1,CENTRO,29,21,0.08900000000000001,0.149
2020,3,PUERTA DE TOLEDO,5016,ROT,240,1,CENTRO,31,9,0.036000000000000004,0.062
2020,4,PUERTA DE TOLEDO,5016,ROT,240,1,CENTRO,30,2,0.008,0.011000000000000001
2020,5,PUERTA DE TOLEDO,5016,ROT,240,1,CENTRO,31,4,0.019,0.027999999999999997
2020,6,PUERTA DE TOLEDO,5016,ROT,240,1,CENTRO,30,9,0.038,0.063
2020,7,PUERTA DE TOLEDO,5016,ROT,240,1,CENTRO,31,11,0.048,0.079
2020,8,PUERTA DE TOLEDO,5016,ROT,240,1,CENTRO,31,7,0.03,0.05
2020,9,PUERTA DE TOLEDO,5016,ROT,240,1,CENTRO,30,14,0.06,0.10300000000000001
2020,10,PUERTA DE TOLEDO,5016,ROT,240,1,CENTRO,31,14,0.06,0.10300000000000001
2020,11,PUERTA DE TOLEDO,5016,ROT,240,1,CENTRO,30,18,0.076,0.133
2020,12,PUERTA DE TOLEDO,5016,ROT,240,1,CENTRO,31,17,0.07200000000000001,0.122
2020,1,RECOLETOS,421,MIX,281,4,SALAMANCA,31,64,0.22899999999999998,0.31
2020,2,RECOLETOS,421,MIX,281,4,SALAMANCA,29,76,0.271,0.361
2020,3,RECOLETOS,421,MIX,281,4,SALAMANCA,31,39,0.139,0.17600000000000002
2020,4,RECOLETOS,421,MIX,281,4,SALAMANCA,30,26,0.094,0.10300000000000001
2020,5,RECOLETOS,421,MIX,281,4,SALAMANCA,31,14,0.048,0.059000000000000004
2020,6,RECOLETOS,421,MIX,281,4,SALAMANCA,30,45,0.159,0.19399999999999998
2020,7,RECOLETOS,421,MIX,281,4,SALAMANCA,31,52,0.184,0.225
2020,8,RECOLETOS,421,MIX,281,4,SALAMANCA,31,70,0.248,0.285
2020,9,RECOLETOS,421,MIX,281,4,SALAMANCA,30,60,0.213,0.264
2020,10,RECOLETOS,421,MIX,281,4,SALAMANCA,31,39,0.138,0.193
2020,11,RECOLETOS,421,MIX,281,4,SALAMANCA,30,52,0.187,0.254
2020,12,RECOLETOS,421,MIX,281,4,SALAMANCA,31,68,0.244,0.335
2020,1,REPÚBLICA DOMINICANA,512,MIX,223,5,CHAMARTIN,31,20,0.08800000000000001,0.141
2020,2,REPÚBLICA DOMINICANA,512,MIX,223,5,CHAMARTIN,29,11,0.048,0.07400000000000001
2020,3,REPÚBLICA DOMINICANA,512,MIX,223,5,CHAMARTIN,24,5,0.022000000000000002,0.035
2020,4,REPÚBLICA DOMINICANA,512,MIX,223,5,CHAMARTIN,14,0,-0.071,0.001
2020,5,REPÚBLICA DOMINICANA,512,MIX,223,5,CHAMARTIN,27,2,0.008,0.013999999999999999
2020,6,REPÚBLICA DOMINICANA,512,MIX,223,5,CHAMARTIN,30,6,0.026000000000000002,0.042
2020,7,REPÚBLICA DOMINICANA,512,MIX,223,5,CHAMARTIN,31,5,0.022000000000000002,0.039
2020,8,REPÚBLICA DOMINICANA,512,MIX,223,5,CHAMARTIN,31,4,0.017,0.025
2020,9,REPÚBLICA DOMINICANA,512,MIX,223,5,CHAMARTIN,29,6,0.025,0.044000000000000004
2020,10,REPÚBLICA DOMINICANA,512,MIX,223,5,CHAMARTIN,30,11,0.048,0.084
2020,11,REPÚBLICA DOMINICANA,512,MIX,223,5,CHAMARTIN,30,13,0.057,0.096
2020,12,REPÚBLICA DOMINICANA,512,MIX,223,5,CHAMARTIN,31,13,0.06,0.10300000000000001
2020,1,REYES MAGOS,311,MIX,356,3,RETIRO,31,5,0.013000000000000001,0.001
2020,2,REYES MAGOS,311,MIX,356,3,RETIRO,29,5,0.015,0.001
2020,3,REYES MAGOS,311,MIX,356,3,RETIRO,27,2,0.006,0.0
2020,4,REYES MAGOS,311,MIX,356,3,RETIRO,20,0,0.0,0.0
2020,5,REYES MAGOS,311,MIX,356,3,RETIRO,22,2,0.005,0.0
2020,6,REYES MAGOS,311,MIX,356,3,RETIRO,30,3,0.009000000000000001,0.0
2020,7,REYES MAGOS,311,MIX,356,3,RETIRO,30,3,0.009000000000000001,0.001
2020,8,REYES MAGOS,311,MIX,356,3,RETIRO,30,1,0.004,0.0
2020,9,REYES MAGOS,311,MIX,356,3,RETIRO,30,4,0.011000000000000001,0.001
2020,10,REYES MAGOS,311,MIX,356,3,RETIRO,31,4,0.01,0.001
2020,11,REYES MAGOS,311,MIX,356,3,RETIRO,30,4,0.013000000000000001,0.001
2020,12,REYES MAGOS,311,MIX,356,3,RETIRO,31,4,0.012,0.001
2020,1,SAN CAYETANO,427,MIX,222,4,SALAMANCA,31,14,0.063,0.106
2020,2,SAN CAYETANO,427,MIX,222,4,SALAMANCA,29,14,0.065,0.10800000000000001
2020,3,SAN CAYETANO,427,MIX,222,4,SALAMANCA,31,7,0.028999999999999998,0.049
2020,4,SAN CAYETANO,427,MIX,222,4,SALAMANCA,29,1,0.006,0.009000000000000001
2020,5,SAN CAYETANO,427,MIX,222,4,SALAMANCA,30,6,0.025,0.040999999999999995
2020,6,SAN CAYETANO,427,MIX,222,4,SALAMANCA,30,8,0.037000000000000005,0.066
2020,7,SAN CAYETANO,427,MIX,222,4,SALAMANCA,31,7,0.031,0.057
2020,8,SAN CAYETANO,427,MIX,222,4,SALAMANCA,31,5,0.021,0.031
2020,9,SAN CAYETANO,427,MIX,222,4,SALAMANCA,30,12,0.055,0.092
2020,10,SAN CAYETANO,427,MIX,222,4,SALAMANCA,31,11,0.051,0.087
2020,11,SAN CAYETANO,427,MIX,222,4,SALAMANCA,30,15,0.066,0.107
2020,12,SAN CAYETANO,427,MIX,222,4,SALAMANCA,31,16,0.07200000000000001,0.114
2020,1,SAN GERMÁN II,613,MIX,419,6,TETUAN,31,29,0.069,0.107
2020,2,SAN GERMÁN II,613,MIX,419,6,TETUAN,29,38,0.092,0.11900000000000001
2020,3,SAN GERMÁN II,613,MIX,419,6,TETUAN,27,16,0.038,0.05
2020,4,SAN GERMÁN II,613,MIX,419,6,TETUAN,27,1,0.001,0.002
2020,5,SAN GERMÁN II,613,MIX,419,6,TETUAN,31,3,0.008,0.013000000000000001
2020,6,SAN GERMÁN II,613,MIX,419,6,TETUAN,30,11,0.026000000000000002,0.043
2020,7,SAN GERMÁN II,613,MIX,419,6,TETUAN,31,14,0.033,0.053
2020,8,SAN GERMÁN II,613,MIX,419,6,TETUAN,31,5,0.012,0.02
2020,9,SAN GERMÁN II,613,MIX,419,6,TETUAN,30,13,0.031,0.052000000000000005
2020,10,SAN GERMÁN II,613,MIX,419,6,TETUAN,31,12,0.027999999999999997,0.049
2020,11,SAN GERMÁN II,613,MIX,419,6,TETUAN,30,14,0.033,0.055999999999999994
2020,12,SAN GERMÁN II,613,MIX,419,6,TETUAN,31,22,0.053,0.075
2020,1,SÁNCHEZ BUSTILLO,104,MIX,132,1,CENTRO,31,17,0.127,0.198
2020,2,SÁNCHEZ BUSTILLO,104,MIX,132,1,CENTRO,29,19,0.14300000000000002,0.22699999999999998
2020,3,SÁNCHEZ BUSTILLO,104,MIX,132,1,CENTRO,31,7,0.054000000000000006,0.086
2020,4,SÁNCHEZ BUSTILLO,104,MIX,132,1,CENTRO,30,2,0.015,0.015
2020,5,SÁNCHEZ BUSTILLO,104,MIX,132,1,CENTRO,31,5,0.034,0.044000000000000004
2020,6,SÁNCHEZ BUSTILLO,104,MIX,132,1,CENTRO,30,10,0.079,0.115
2020,7,SÁNCHEZ BUSTILLO,104,MIX,132,1,CENTRO,31,11,0.08,0.125
2020,8,SÁNCHEZ BUSTILLO,104,MIX,132,1,CENTRO,31,7,0.051,0.08
2020,9,SÁNCHEZ BUSTILLO,104,MIX,132,1,CENTRO,30,13,0.096,0.162
2020,10,SÁNCHEZ BUSTILLO,104,MIX,132,1,CENTRO,31,12,0.08800000000000001,0.158
2020,11,SÁNCHEZ BUSTILLO,104,MIX,132,1,CENTRO,30,15,0.115,0.20199999999999999
2020,12,SÁNCHEZ BUSTILLO,104,MIX,132,1,CENTRO,31,18,0.135,0.23
2020,1,SANTA ANA,5018,ROT,320,1,CENTRO,31,140,0.439,0.532
2020,2,SANTA ANA,5018,ROT,320,1,CENTRO,29,143,0.44799999999999995,0.551
2020,3,SANTA ANA,5018,ROT,320,1,CENTRO,31,72,0.225,0.276
2020,4,SANTA ANA,5018,ROT,320,1,CENTRO,30,35,0.109,0.127
2020,5,SANTA ANA,5018,ROT,320,1,CENTRO,31,155,0.485,0.621
2020,6,SANTA ANA,5018,ROT,320,1,CENTRO,30,192,0.6,0.7240000000000001
2020,7,SANTA ANA,5018,ROT,320,1,CENTRO,31,250,0.782,0.903
2020,8,SANTA ANA,5018,ROT,320,1,CENTRO,31,164,0.513,0.591
2020,9,SANTA ANA,5018,ROT,320,1,CENTRO,30,120,0.374,0.46
2020,10,SANTA ANA,5018,ROT,320,1,CENTRO,31,219,0.684,0.804
2020,11,SANTA ANA,5018,ROT,320,1,CENTRO,30,208,0.65,0.777
2020,12,SANTA ANA,5018,ROT,320,1,CENTRO,31,177,0.552,0.684
2020,1,SERRANO I,432,MIX,307,4,SALAMANCA,31,62,0.203,0.32
2020,2,SERRANO I,432,MIX,307,4,SALAMANCA,29,59,0.19399999999999998,0.312
2020,3,SERRANO I,432,MIX,307,4,SALAMANCA,29,27,0.08800000000000001,0.139
2020,4,SERRANO I,432,MIX,307,4,SALAMANCA,26,2,0.006,0.01
2020,5,SERRANO I,432,MIX,307,4,SALAMANCA,30,10,0.034,0.065
2020,6,SERRANO I,432,MIX,307,4,SALAMANCA,30,25,0.08199999999999999,0.145
2020,7,SERRANO I,432,MIX,307,4,SALAMANCA,31,33,0.10800000000000001,0.185
2020,8,SERRANO I,432,MIX,307,4,SALAMANCA,31,17,0.054000000000000006,0.079
2020,9,SERRANO I,432,MIX,307,4,SALAMANCA,30,31,0.1,0.166
2020,10,SERRANO I,432,MIX,307,4,SALAMANCA,31,28,0.092,0.159
2020,11,SERRANO I,432,MIX,307,4,SALAMANCA,30,32,0.10400000000000001,0.174
2020,1,SERRANO II,433,MIX,379,4,SALAMANCA,31,98,0.26,0.419
2020,2,SERRANO II,433,MIX,379,4,SALAMANCA,29,93,0.24600000000000002,0.39299999999999996
2020,3,SERRANO II,433,MIX,379,4,SALAMANCA,31,39,0.10300000000000001,0.156
2020,4,SERRANO II,433,MIX,379,4,SALAMANCA,28,2,0.005,0.009000000000000001
2020,5,SERRANO II,433,MIX,379,4,SALAMANCA,28,16,0.042,0.083
2020,6,SERRANO II,433,MIX,379,4,SALAMANCA,30,37,0.098,0.17800000000000002
2020,7,SERRANO II,433,MIX,379,4,SALAMANCA,31,50,0.132,0.21899999999999997
2020,8,SERRANO II,433,MIX,379,4,SALAMANCA,31,19,0.051,0.083
2020,9,SERRANO II,433,MIX,379,4,SALAMANCA,30,51,0.135,0.22
2020,10,SERRANO II,433,MIX,379,4,SALAMANCA,31,47,0.12300000000000001,0.201
2020,11,SERRANO II,433,MIX,379,4,SALAMANCA,30,56,0.14800000000000002,0.242
2020,1,SERRANO III,434,MIX,261,4,SALAMANCA,31,88,0.33899999999999997,0.544
2020,2,SERRANO III,434,MIX,261,4,SALAMANCA,29,104,0.397,0.624
2020,3,SERRANO III,434,MIX,261,4,SALAMANCA,27,42,0.159,0.258
2020,4,SERRANO III,434,MIX,261,4,SALAMANCA,21,2,0.009000000000000001,0.018000000000000002
2020,5,SERRANO III,434,MIX,261,4,SALAMANCA,27,17,0.065,0.12
2020,6,SERRANO III,434,MIX,261,4,SALAMANCA,30,51,0.196,0.305
2020,7,SERRANO III,434,MIX,261,4,SALAMANCA,31,55,0.21,0.317
2020,8,SERRANO III,434,MIX,261,4,SALAMANCA,31,25,0.095,0.14300000000000002
2020,9,SERRANO III,434,MIX,261,4,SALAMANCA,30,61,0.23199999999999998,0.371
2020,10,SERRANO III,434,MIX,261,4,SALAMANCA,31,57,0.21899999999999997,0.35
2020,11,SERRANO III,434,MIX,261,4,SALAMANCA,30,81,0.311,0.48100000000000004
2020,1,SEVILLA,114,MIX,393,1,CENTRO,31,58,0.14800000000000002,0.247
2020,2,SEVILLA,114,MIX,393,1,CENTRO,29,54,0.138,0.228
2020,3,SEVILLA,114,MIX,393,1,CENTRO,31,22,0.055999999999999994,0.099
2020,4,SEVILLA,114,MIX,393,1,CENTRO,30,6,0.015,0.027999999999999997
2020,5,SEVILLA,114,MIX,393,1,CENTRO,31,22,0.055,0.08199999999999999
2020,6,SEVILLA,114,MIX,393,1,CENTRO,30,15,0.038,0.067
2020,7,SEVILLA,114,MIX,393,1,CENTRO,31,21,0.053,0.092
2020,8,SEVILLA,114,MIX,393,1,CENTRO,31,16,0.042,0.07400000000000001
2020,9,SEVILLA,114,MIX,393,1,CENTRO,30,24,0.061,0.11
2020,10,SEVILLA,114,MIX,393,1,CENTRO,31,23,0.057,0.109
2020,11,SEVILLA,114,MIX,393,1,CENTRO,30,31,0.078,0.14800000000000002
2020,12,SEVILLA,114,MIX,393,1,CENTRO,31,44,0.11199999999999999,0.212
2020,1,VELÁZQUEZ AYALA,424,MIX,444,4,SALAMANCA,31,170,0.38299999999999995,0.589
2020,2,VELÁZQUEZ AYALA,424,MIX,444,4,SALAMANCA,29,174,0.391,0.5920000000000001
2020,3,VELÁZQUEZ AYALA,424,MIX,444,4,SALAMANCA,31,82,0.184,0.275
2020,4,VELÁZQUEZ AYALA,424,MIX,444,4,SALAMANCA,30,22,0.049,0.064
2020,5,VELÁZQUEZ AYALA,424,MIX,444,4,SALAMANCA,31,59,0.134,0.203
2020,6,VELÁZQUEZ AYALA,424,MIX,444,4,SALAMANCA,30,116,0.262,0.384
2020,7,VELÁZQUEZ AYALA,424,MIX,444,4,SALAMANCA,31,111,0.25,0.373
2020,8,VELÁZQUEZ AYALA,424,MIX,444,4,SALAMANCA,31,61,0.13699999999999998,0.185
2020,9,VELÁZQUEZ AYALA,424,MIX,444,4,SALAMANCA,30,151,0.33899999999999997,0.483
2020,10,VELÁZQUEZ AYALA,424,MIX,444,4,SALAMANCA,31,121,0.273,0.414
2020,11,VELÁZQUEZ AYALA,424,MIX,444,4,SALAMANCA,30,137,0.309,0.46299999999999997
2020,12,VELÁZQUEZ AYALA,424,MIX,444,4,SALAMANCA,31,159,0.359,0.5479999999999999
2020,1,VELÁZQUEZ JORGE JUAN,423,MIX,547,4,SALAMANCA,31,209,0.382,0.5379999999999999
2020,2,VELÁZQUEZ JORGE JUAN,423,MIX,547,4,SALAMANCA,29,216,0.395,0.5710000000000001
2020,3,VELÁZQUEZ JORGE JUAN,423,MIX,547,4,SALAMANCA,31,116,0.212,0.294
2020,4,VELÁZQUEZ JORGE JUAN,423,MIX,547,4,SALAMANCA,30,74,0.135,0.154
2020,5,VELÁZQUEZ JORGE JUAN,423,MIX,547,4,SALAMANCA,31,116,0.212,0.273
2020,6,VELÁZQUEZ JORGE JUAN,423,MIX,547,4,SALAMANCA,30,181,0.332,0.444
2020,7,VELÁZQUEZ JORGE JUAN,423,MIX,547,4,SALAMANCA,31,202,0.369,0.494
2020,8,VELÁZQUEZ JORGE JUAN,423,MIX,547,4,SALAMANCA,31,124,0.22699999999999998,0.28300000000000003
2020,9,VELÁZQUEZ JORGE JUAN,423,MIX,547,4,SALAMANCA,30,201,0.36700000000000005,0.505
2020,10,VELÁZQUEZ JORGE JUAN,423,MIX,547,4,SALAMANCA,31,214,0.391,0.539
2020,11,VELÁZQUEZ JORGE JUAN,423,MIX,547,4,SALAMANCA,30,243,0.444,0.614
2020,12,VELÁZQUEZ JORGE JUAN,423,MIX,547,4,SALAMANCA,31,233,0.42700000000000005,0.617
2020,1,VELÁZQUEZ JUAN BRAVO,5019,ROT,360,4,SALAMANCA,31,112,0.311,0.47700000000000004
2020,2,VELÁZQUEZ JUAN BRAVO,5019,ROT,360,4,SALAMANCA,29,107,0.297,0.474
2020,3,VELÁZQUEZ JUAN BRAVO,5019,ROT,360,4,SALAMANCA,31,64,0.17800000000000002,0.267
2020,4,VELÁZQUEZ JUAN BRAVO,5019,ROT,360,4,SALAMANCA,30,34,0.094,0.113
2020,5,VELÁZQUEZ JUAN BRAVO,5019,ROT,360,4,SALAMANCA,31,44,0.121,0.171
2020,6,VELÁZQUEZ JUAN BRAVO,5019,ROT,360,4,SALAMANCA,30,66,0.184,0.266
2020,7,VELÁZQUEZ JUAN BRAVO,5019,ROT,360,4,SALAMANCA,31,65,0.18100000000000002,0.273
2020,8,VELÁZQUEZ JUAN BRAVO,5019,ROT,360,4,SALAMANCA,31,37,0.102,0.14
2020,9,VELÁZQUEZ JUAN BRAVO,5019,ROT,360,4,SALAMANCA,30,80,0.223,0.355
2020,10,VELÁZQUEZ JUAN BRAVO,5019,ROT,360,4,SALAMANCA,31,85,0.23600000000000002,0.37200000000000005
2020,11,VELÁZQUEZ JUAN BRAVO,5019,ROT,360,4,SALAMANCA,30,86,0.239,0.375
2020,12,VELÁZQUEZ JUAN BRAVO,5019,ROT,360,4,SALAMANCA,31,78,0.21600000000000003,0.336
2020,1,VERDAGUER Y GARCÍA,1524,MIX,83,15,CIUDAD LINEAL,31,24,0.284,0.513
2020,2,VERDAGUER Y GARCÍA,1524,MIX,83,15,CIUDAD LINEAL,29,22,0.263,0.41100000000000003
2020,3,VERDAGUER Y GARCÍA,1524,MIX,83,15,CIUDAD LINEAL,26,9,0.105,0.158
2020,4,VERDAGUER Y GARCÍA,1524,MIX,83,15,CIUDAD LINEAL,21,2,0.022000000000000002,0.023
2020,5,VERDAGUER Y GARCÍA,1524,MIX,83,15,CIUDAD LINEAL,26,1,0.017,0.019
2020,6,VERDAGUER Y GARCÍA,1524,MIX,83,15,CIUDAD LINEAL,30,9,0.10300000000000001,0.125
2020,7,VERDAGUER Y GARCÍA,1524,MIX,83,15,CIUDAD LINEAL,31,6,0.069,0.09699999999999999
2020,8,VERDAGUER Y GARCÍA,1524,MIX,83,15,CIUDAD LINEAL,31,7,0.08,0.09699999999999999
2020,9,VERDAGUER Y GARCÍA,1524,MIX,83,15,CIUDAD LINEAL,30,10,0.11599999999999999,0.151
2020,10,VERDAGUER Y GARCÍA,1524,MIX,83,15,CIUDAD LINEAL,31,5,0.054000000000000006,0.085
2020,11,VERDAGUER Y GARCÍA,1524,MIX,83,15,CIUDAD LINEAL,30,7,0.08800000000000001,0.128
2020,12,VERDAGUER Y GARCÍA,1524,MIX,83,15,CIUDAD LINEAL,31,6,0.078,0.11199999999999999
2020,1,VILLA DE PARíS,5020,ROT,169,1,CENTRO,31,48,0.284,0.38
2020,2,VILLA DE PARíS,5020,ROT,169,1,CENTRO,29,41,0.242,0.345
2020,3,VILLA DE PARíS,5020,ROT,169,1,CENTRO,31,19,0.115,0.16
2020,4,VILLA DE PARíS,5020,ROT,169,1,CENTRO,30,22,0.128,0.14300000000000002
2020,5,VILLA DE PARíS,5020,ROT,169,1,CENTRO,31,20,0.11599999999999999,0.146
2020,6,VILLA DE PARíS,5020,ROT,169,1,CENTRO,30,21,0.122,0.185
2020,7,VILLA DE PARíS,5020,ROT,169,1,CENTRO,31,26,0.154,0.225
2020,8,VILLA DE PARíS,5020,ROT,169,1,CENTRO,31,16,0.096,0.12300000000000001
2020,9,VILLA DE PARíS,5020,ROT,169,1,CENTRO,30,27,0.161,0.23399999999999999
2020,10,VILLA DE PARíS,5020,ROT,169,1,CENTRO,31,45,0.265,0.355
2020,11,VILLA DE PARíS,5020,ROT,169,1,CENTRO,30,33,0.195,0.28
2020,12,VILLA DE PARíS,5020,ROT,169,1,CENTRO,31,33,0.195,0.278
2021,1,ALMAGRO,5000,ROT,437,7,CHAMBERI,31,71,0.162,0.215
2021,2,ALMAGRO,5000,ROT,437,7,CHAMBERI,28,94,0.215,0.297
2021,3,ALMAGRO,5000,ROT,437,7,CHAMBERI,31,112,0.256,0.34700000000000003
2021,4,ALMAGRO,5000,ROT,437,7,CHAMBERI,30,117,0.267,0.36
2021,5,ALMAGRO,5000,ROT,437,7,CHAMBERI,31,100,0.22899999999999998,0.309
2021,6,ALMAGRO,5000,ROT,437,7,CHAMBERI,30,108,0.247,0.345
2021,7,ALMAGRO,5000,ROT,437,7,CHAMBERI,31,97,0.223,0.28600000000000003
2021,8,ALMAGRO,5000,ROT,437,7,CHAMBERI,31,48,0.111,0.134
2021,9,ALMAGRO,5000,ROT,437,7,CHAMBERI,29,158,0.36200000000000004,0.49200000000000005
2021,10,ALMAGRO,5000,ROT,437,7,CHAMBERI,29,150,0.34299999999999997,0.483
2021,11,ALMAGRO,5000,ROT,437,7,CHAMBERI,30,171,0.391,0.54
2021,12,ALMAGRO,5000,ROT,437,7,CHAMBERI,31,134,0.306,0.415
2021,1,ARQUITECTO RIBERA (BARCELÓ),111,MIX,318,1,CENTRO,31,117,0.36700000000000005,0.52
2021,2,ARQUITECTO RIBERA (BARCELÓ),111,MIX,318,1,CENTRO,28,158,0.49700000000000005,0.737
2021,3,ARQUITECTO RIBERA (BARCELÓ),111,MIX,318,1,CENTRO,31,172,0.542,0.804
2021,4,ARQUITECTO RIBERA (BARCELÓ),111,MIX,318,1,CENTRO,30,158,0.498,0.735
2021,5,ARQUITECTO RIBERA (BARCELÓ),111,MIX,318,1,CENTRO,31,164,0.517,0.732
2021,6,ARQUITECTO RIBERA (BARCELÓ),111,MIX,318,1,CENTRO,30,166,0.521,0.731
2021,7,ARQUITECTO RIBERA (BARCELÓ),111,MIX,318,1,CENTRO,31,134,0.423,0.556
2021,8,ARQUITECTO RIBERA (BARCELÓ),111,MIX,318,1,CENTRO,31,82,0.259,0.32899999999999996
2021,9,ARQUITECTO RIBERA (BARCELÓ),111,MIX,318,1,CENTRO,30,172,0.54,0.723
2021,10,ARQUITECTO RIBERA (BARCELÓ),111,MIX,318,1,CENTRO,31,186,0.585,0.785
2021,11,ARQUITECTO RIBERA (BARCELÓ),111,MIX,318,1,CENTRO,30,184,0.58,0.818
2021,12,ARQUITECTO RIBERA (BARCELÓ),111,MIX,318,1,CENTRO,31,170,0.535,0.747
2021,1,AVENIDA AMÉRICA (intercambiador),519,MIX,261,5,CHAMARTIN,31,112,0.43,0.493
2021,2,AVENIDA AMÉRICA (intercambiador),519,MIX,261,5,CHAMARTIN,28,118,0.452,0.534
2021,3,AVENIDA AMÉRICA (intercambiador),519,MIX,261,5,CHAMARTIN,31,111,0.42700000000000005,0.507
2021,4,AVENIDA AMÉRICA (intercambiador),519,MIX,261,5,CHAMARTIN,30,98,0.376,0.451
2021,5,AVENIDA AMÉRICA (intercambiador),519,MIX,261,5,CHAMARTIN,31,104,0.397,0.47
2021,6,AVENIDA AMÉRICA (intercambiador),519,MIX,261,5,CHAMARTIN,30,116,0.44299999999999995,0.527
2021,7,AVENIDA AMÉRICA (intercambiador),519,MIX,261,5,CHAMARTIN,31,94,0.36,0.44
2021,8,AVENIDA AMÉRICA (intercambiador),519,MIX,261,5,CHAMARTIN,31,85,0.324,0.386
2021,9,AVENIDA AMÉRICA (intercambiador),519,MIX,261,5,CHAMARTIN,30,117,0.447,0.536
2021,10,AVENIDA AMÉRICA (intercambiador),519,MIX,261,5,CHAMARTIN,31,120,0.461,0.5479999999999999
2021,11,AVENIDA AMÉRICA (intercambiador),519,MIX,261,5,CHAMARTIN,30,125,0.478,0.5670000000000001
2021,12,AVENIDA AMÉRICA (intercambiador),519,MIX,261,5,CHAMARTIN,31,122,0.466,0.545
2021,1,AVENIDA DE PORTUGAL,1022,MIX,428,10,LATINA,31,138,0.32299999999999995,0.38299999999999995
2021,2,AVENIDA DE PORTUGAL,1022,MIX,428,10,LATINA,28,134,0.314,0.376
2021,3,AVENIDA DE PORTUGAL,1022,MIX,428,10,LATINA,31,142,0.33299999999999996,0.402
2021,4,AVENIDA DE PORTUGAL,1022,MIX,428,10,LATINA,30,176,0.41100000000000003,0.485
2021,5,AVENIDA DE PORTUGAL,1022,MIX,428,10,LATINA,31,162,0.37799999999999995,0.441
2021,6,AVENIDA DE PORTUGAL,1022,MIX,428,10,LATINA,30,192,0.449,0.519
2021,7,AVENIDA DE PORTUGAL,1022,MIX,428,10,LATINA,31,214,0.499,0.562
2021,8,AVENIDA DE PORTUGAL,1022,MIX,428,10,LATINA,31,211,0.49200000000000005,0.546
2021,9,AVENIDA DE PORTUGAL,1022,MIX,428,10,LATINA,29,121,0.28300000000000003,0.33799999999999997
2021,10,AVENIDA DE PORTUGAL,1022,MIX,428,10,LATINA,29,115,0.27,0.33
2021,11,AVENIDA DE PORTUGAL,1022,MIX,428,10,LATINA,30,128,0.298,0.366
2021,12,AVENIDA DE PORTUGAL,1022,MIX,428,10,LATINA,31,122,0.285,0.35100000000000003
2021,1,BRASIL,602,MIX,237,6,TETUAN,29,2,0.01,0.018000000000000002
2021,2,BRASIL,602,MIX,237,6,TETUAN,28,3,0.015,0.026000000000000002
2021,3,BRASIL,602,MIX,237,6,TETUAN,31,3,0.013999999999999999,0.024
2021,4,BRASIL,602,MIX,237,6,TETUAN,30,3,0.013999999999999999,0.025
2021,5,BRASIL,602,MIX,237,6,TETUAN,31,3,0.013000000000000001,0.022000000000000002
2021,6,BRASIL,602,MIX,237,6,TETUAN,30,4,0.015,0.026000000000000002
2021,7,BRASIL,602,MIX,237,6,TETUAN,31,3,0.011000000000000001,0.017
2021,8,BRASIL,602,MIX,237,6,TETUAN,31,1,0.006,0.009000000000000001
2021,9,BRASIL,602,MIX,237,6,TETUAN,30,4,0.015,0.026000000000000002
2021,10,BRASIL,602,MIX,237,6,TETUAN,31,4,0.015,0.025
2021,11,BRASIL,602,MIX,237,6,TETUAN,30,4,0.017,0.028999999999999998
2021,12,BRASIL,602,MIX,237,6,TETUAN,31,3,0.015,0.026000000000000002
2021,1,CASINO DE LA REINA,122,MIX,131,1,CENTRO,31,102,0.778,0.858
2021,2,CASINO DE LA REINA,122,MIX,131,1,CENTRO,28,107,0.8140000000000001,0.912
2021,3,CASINO DE LA REINA,122,MIX,131,1,CENTRO,31,107,0.815,0.9009999999999999
2021,4,CASINO DE LA REINA,122,MIX,131,1,CENTRO,30,108,0.826,0.9009999999999999
2021,5,CASINO DE LA REINA,122,MIX,131,1,CENTRO,31,103,0.784,0.855
2021,6,CASINO DE LA REINA,122,MIX,131,1,CENTRO,30,100,0.76,0.8220000000000001
2021,7,CASINO DE LA REINA,122,MIX,131,1,CENTRO,31,86,0.654,0.7070000000000001
2021,8,CASINO DE LA REINA,122,MIX,131,1,CENTRO,31,67,0.514,0.5539999999999999
2021,9,CASINO DE LA REINA,122,MIX,131,1,CENTRO,30,95,0.7240000000000001,0.7879999999999999
2021,10,CASINO DE LA REINA,122,MIX,131,1,CENTRO,31,102,0.7759999999999999,0.858
2021,11,CASINO DE LA REINA,122,MIX,131,1,CENTRO,30,98,0.7509999999999999,0.838
2021,12,CASINO DE LA REINA,122,MIX,131,1,CENTRO,31,98,0.748,0.831
2021,1,CONDESA DE GAVIA,607,MIX,146,6,TETUAN,18,2,0.01,0.021
2021,2,CONDESA DE GAVIA,607,MIX,146,6,TETUAN,24,2,0.013000000000000001,0.025
2021,3,CONDESA DE GAVIA,607,MIX,146,6,TETUAN,26,2,0.01,0.021
2021,4,CONDESA DE GAVIA,607,MIX,146,6,TETUAN,24,2,0.011000000000000001,0.022000000000000002
2021,5,CONDESA DE GAVIA,607,MIX,146,6,TETUAN,23,1,0.009000000000000001,0.017
2021,6,CONDESA DE GAVIA,607,MIX,146,6,TETUAN,26,1,0.006999999999999999,0.015
2021,7,CONDESA DE GAVIA,607,MIX,146,6,TETUAN,24,1,0.008,0.016
2021,8,CONDESA DE GAVIA,607,MIX,146,6,TETUAN,25,1,0.004,0.009000000000000001
2021,9,CONDESA DE GAVIA,607,MIX,146,6,TETUAN,26,1,0.008,0.016
2021,10,CONDESA DE GAVIA,607,MIX,146,6,TETUAN,25,2,0.013000000000000001,0.026000000000000002
2021,11,CONDESA DE GAVIA,607,MIX,146,6,TETUAN,24,2,0.01,0.021
2021,12,CONDESA DE GAVIA,607,MIX,146,6,TETUAN,24,3,0.02,0.04
2021,1,CORAZÓN DE MARÍA II,511,MIX,511,5,CHAMARTIN,29,2,0.004,0.006999999999999999
2021,2,CORAZÓN DE MARÍA II,511,MIX,511,5,CHAMARTIN,28,3,0.006,0.012
2021,3,CORAZÓN DE MARÍA II,511,MIX,511,5,CHAMARTIN,31,4,0.006999999999999999,0.013000000000000001
2021,4,CORAZÓN DE MARÍA II,511,MIX,511,5,CHAMARTIN,30,3,0.006,0.012
2021,5,CORAZÓN DE MARÍA II,511,MIX,511,5,CHAMARTIN,31,3,0.006,0.011000000000000001
2021,6,CORAZÓN DE MARÍA II,511,MIX,511,5,CHAMARTIN,30,3,0.006,0.012
2021,7,CORAZÓN DE MARÍA II,511,MIX,511,5,CHAMARTIN,31,2,0.005,0.009000000000000001
2021,8,CORAZÓN DE MARÍA II,511,MIX,511,5,CHAMARTIN,31,1,0.002,0.004
2021,9,CORAZÓN DE MARÍA II,511,MIX,511,5,CHAMARTIN,30,3,0.005,0.01
2021,10,CORAZÓN DE MARÍA II,511,MIX,511,5,CHAMARTIN,31,3,0.006,0.011000000000000001
2021,11,CORAZÓN DE MARÍA II,511,MIX,511,5,CHAMARTIN,30,3,0.006,0.011000000000000001
2021,12,CORAZÓN DE MARÍA II,511,MIX,511,5,CHAMARTIN,31,2,0.005,0.009000000000000001
2021,1,CORONA BOREAL,911,MIX,125,9,MONCLOA-ARAVACA,29,5,0.043,0.086
2021,2,CORONA BOREAL,911,MIX,125,9,MONCLOA-ARAVACA,28,6,0.05,0.1
2021,3,CORONA BOREAL,911,MIX,125,9,MONCLOA-ARAVACA,31,7,0.053,0.105
2021,4,CORONA BOREAL,911,MIX,125,9,MONCLOA-ARAVACA,30,6,0.049,0.098
2021,5,CORONA BOREAL,911,MIX,125,9,MONCLOA-ARAVACA,31,6,0.05,0.099
2021,6,CORONA BOREAL,911,MIX,125,9,MONCLOA-ARAVACA,30,7,0.055,0.109
2021,7,CORONA BOREAL,911,MIX,125,9,MONCLOA-ARAVACA,31,5,0.04,0.079
2021,8,CORONA BOREAL,911,MIX,125,9,MONCLOA-ARAVACA,29,2,0.013999999999999999,0.027999999999999997
2021,9,CORONA BOREAL,911,MIX,125,9,MONCLOA-ARAVACA,30,7,0.054000000000000006,0.10800000000000001
2021,10,CORONA BOREAL,911,MIX,125,9,MONCLOA-ARAVACA,31,6,0.05,0.099
2021,11,CORONA BOREAL,911,MIX,125,9,MONCLOA-ARAVACA,30,7,0.057999999999999996,0.115
2021,12,CORONA BOREAL,911,MIX,125,9,MONCLOA-ARAVACA,31,7,0.057999999999999996,0.115
2021,1,DAOÍZ Y VELARDE,319,MIX,235,3,RETIRO,31,86,0.365,0.424
2021,2,DAOÍZ Y VELARDE,319,MIX,235,3,RETIRO,28,85,0.36,0.44299999999999995
2021,3,DAOÍZ Y VELARDE,319,MIX,235,3,RETIRO,31,100,0.424,0.514
2021,4,DAOÍZ Y VELARDE,319,MIX,235,3,RETIRO,30,101,0.431,0.518
2021,5,DAOÍZ Y VELARDE,319,MIX,235,3,RETIRO,31,94,0.402,0.48100000000000004
2021,6,DAOÍZ Y VELARDE,319,MIX,235,3,RETIRO,30,93,0.396,0.48200000000000004
2021,7,DAOÍZ Y VELARDE,319,MIX,235,3,RETIRO,31,85,0.363,0.431
2021,8,DAOÍZ Y VELARDE,319,MIX,235,3,RETIRO,31,79,0.33799999999999997,0.38
2021,9,DAOÍZ Y VELARDE,319,MIX,235,3,RETIRO,30,98,0.419,0.511
2021,10,DAOÍZ Y VELARDE,319,MIX,235,3,RETIRO,31,107,0.45399999999999996,0.5489999999999999
2021,11,DAOÍZ Y VELARDE,319,MIX,235,3,RETIRO,30,107,0.456,0.5660000000000001
2021,12,DAOÍZ Y VELARDE,319,MIX,235,3,RETIRO,31,112,0.475,0.603
2021,1,DESCALZAS,5003,ROT,400,1,CENTRO,31,54,0.134,0.20600000000000002
2021,2,DESCALZAS,5003,ROT,400,1,CENTRO,28,68,0.16899999999999998,0.266
2021,3,DESCALZAS,5003,ROT,400,1,CENTRO,31,74,0.184,0.28300000000000003
2021,4,DESCALZAS,5003,ROT,400,1,CENTRO,30,70,0.175,0.272
2021,5,DESCALZAS,5003,ROT,400,1,CENTRO,31,90,0.22399999999999998,0.31
2021,6,DESCALZAS,5003,ROT,400,1,CENTRO,30,94,0.23399999999999999,0.311
2021,7,DESCALZAS,5003,ROT,400,1,CENTRO,31,98,0.24600000000000002,0.315
2021,8,DESCALZAS,5003,ROT,400,1,CENTRO,31,85,0.213,0.257
2021,9,DESCALZAS,5003,ROT,400,1,CENTRO,30,99,0.247,0.327
2021,10,DESCALZAS,5003,ROT,400,1,CENTRO,31,130,0.326,0.423
2021,11,DESCALZAS,5003,ROT,400,1,CENTRO,30,131,0.32799999999999996,0.442
2021,12,DESCALZAS,5003,ROT,400,1,CENTRO,31,171,0.428,0.585
2021,1,DÍAZ PORLIER,416,MIX,203,4,SALAMANCA,31,82,0.406,0.551
2021,2,DÍAZ PORLIER,416,MIX,203,4,SALAMANCA,28,94,0.465,0.677
2021,3,DÍAZ PORLIER,416,MIX,203,4,SALAMANCA,31,98,0.48200000000000004,0.706
2021,4,DÍAZ PORLIER,416,MIX,203,4,SALAMANCA,30,99,0.488,0.708
2021,5,DÍAZ PORLIER,416,MIX,203,4,SALAMANCA,31,98,0.48200000000000004,0.693
2021,6,DÍAZ PORLIER,416,MIX,203,4,SALAMANCA,30,105,0.517,0.758
2021,7,DÍAZ PORLIER,416,MIX,203,4,SALAMANCA,31,83,0.41,0.597
2021,8,DÍAZ PORLIER,416,MIX,203,4,SALAMANCA,31,50,0.247,0.348
2021,9,DÍAZ PORLIER,416,MIX,203,4,SALAMANCA,30,98,0.48,0.684
2021,10,DÍAZ PORLIER,416,MIX,203,4,SALAMANCA,31,106,0.524,0.73
2021,11,DÍAZ PORLIER,416,MIX,203,4,SALAMANCA,30,115,0.565,0.8
2021,12,DÍAZ PORLIER,416,MIX,203,4,SALAMANCA,31,105,0.515,0.72
2021,1,ENCUENTRO,1419,MIX,90,14,MORATALAZ,31,0,0.005,0.008
2021,2,ENCUENTRO,1419,MIX,90,14,MORATALAZ,28,0,0.004,0.006
2021,3,ENCUENTRO,1419,MIX,90,14,MORATALAZ,30,0,0.004,0.006
2021,4,ENCUENTRO,1419,MIX,90,14,MORATALAZ,30,0,0.004,0.006
2021,5,ENCUENTRO,1419,MIX,90,14,MORATALAZ,31,0,0.003,0.004
2021,6,ENCUENTRO,1419,MIX,90,14,MORATALAZ,30,0,0.004,0.005
2021,7,ENCUENTRO,1419,MIX,90,14,MORATALAZ,31,0,0.003,0.004
2021,8,ENCUENTRO,1419,MIX,90,14,MORATALAZ,31,0,0.002,0.003
2021,9,ENCUENTRO,1419,MIX,90,14,MORATALAZ,30,0,0.004,0.005
2021,10,ENCUENTRO,1419,MIX,90,14,MORATALAZ,31,0,0.005,0.006
2021,11,ENCUENTRO,1419,MIX,90,14,MORATALAZ,30,0,0.004,0.005
2021,12,ENCUENTRO,1419,MIX,90,14,MORATALAZ,31,0,0.004,0.005
2021,1,FELIPE II,422,MIX,1175,4,SALAMANCA,29,84,0.07200000000000001,0.13699999999999998
2021,2,FELIPE II,422,MIX,1175,4,SALAMANCA,28,86,0.07400000000000001,0.142
2021,3,FELIPE II,422,MIX,1175,4,SALAMANCA,31,86,0.073,0.139
2021,4,FELIPE II,422,MIX,1175,4,SALAMANCA,30,92,0.079,0.149
2021,5,FELIPE II,422,MIX,1175,4,SALAMANCA,31,98,0.083,0.157
2021,6,FELIPE II,422,MIX,1175,4,SALAMANCA,30,114,0.09699999999999999,0.182
2021,7,FELIPE II,422,MIX,1175,4,SALAMANCA,31,101,0.086,0.158
2021,8,FELIPE II,422,MIX,1175,4,SALAMANCA,31,66,0.055999999999999994,0.10400000000000001
2021,9,FELIPE II,422,MIX,1175,4,SALAMANCA,30,95,0.08,0.15
2021,10,FELIPE II,422,MIX,1175,4,SALAMANCA,31,97,0.08199999999999999,0.157
2021,11,FELIPE II,422,MIX,1175,4,SALAMANCA,30,110,0.094,0.179
2021,12,FELIPE II,422,MIX,1175,4,SALAMANCA,31,124,0.106,0.201
2021,1,FERNÁNDEZ SHAW,5005,MIX,243,3,RETIRO,31,27,0.111,0.129
2021,2,FERNÁNDEZ SHAW,5005,MIX,243,3,RETIRO,28,29,0.11900000000000001,0.147
2021,3,FERNÁNDEZ SHAW,5005,MIX,243,3,RETIRO,31,45,0.18600000000000003,0.262
2021,4,FERNÁNDEZ SHAW,5005,MIX,243,3,RETIRO,30,45,0.184,0.259
2021,5,FERNÁNDEZ SHAW,5005,MIX,243,3,RETIRO,31,53,0.21899999999999997,0.24600000000000002
2021,6,FERNÁNDEZ SHAW,5005,MIX,243,3,RETIRO,30,36,0.146,0.16899999999999998
2021,7,FERNÁNDEZ SHAW,5005,MIX,243,3,RETIRO,31,32,0.133,0.146
2021,8,FERNÁNDEZ SHAW,5005,MIX,243,3,RETIRO,31,34,0.138,0.128
2021,9,FERNÁNDEZ SHAW,5005,MIX,243,3,RETIRO,30,37,0.152,0.231
2021,10,FERNÁNDEZ SHAW,5005,MIX,243,3,RETIRO,30,34,0.142,0.21
2021,11,FERNÁNDEZ SHAW,5005,MIX,243,3,RETIRO,30,36,0.147,0.212
2021,12,FERNÁNDEZ SHAW,5005,MIX,243,3,RETIRO,31,27,0.11,0.134
2021,1,FUENCARRAL,714,MIX,290,7,CHAMBERI,31,53,0.184,0.267
2021,2,FUENCARRAL,714,MIX,290,7,CHAMBERI,28,63,0.217,0.342
2021,3,FUENCARRAL,714,MIX,290,7,CHAMBERI,31,76,0.261,0.39399999999999996
2021,4,FUENCARRAL,714,MIX,290,7,CHAMBERI,30,76,0.264,0.39
2021,5,FUENCARRAL,714,MIX,290,7,CHAMBERI,31,77,0.264,0.377
2021,6,FUENCARRAL,714,MIX,290,7,CHAMBERI,30,75,0.259,0.371
2021,7,FUENCARRAL,714,MIX,290,7,CHAMBERI,31,60,0.207,0.289
2021,8,FUENCARRAL,714,MIX,290,7,CHAMBERI,31,31,0.106,0.15
2021,9,FUENCARRAL,714,MIX,290,7,CHAMBERI,29,187,0.6459999999999999,0.79
2021,10,FUENCARRAL,714,MIX,290,7,CHAMBERI,29,270,0.932,1.111
2021,11,FUENCARRAL,714,MIX,290,7,CHAMBERI,30,273,0.943,1.12
2021,12,FUENCARRAL,714,MIX,290,7,CHAMBERI,9,259,0.892,1.0659999999999998
2021,1,HERNANI,617,MIX,115,6,TETUAN,31,38,0.33399999999999996,0.6
2021,2,HERNANI,617,MIX,115,6,TETUAN,28,47,0.405,0.752
2021,3,HERNANI,617,MIX,115,6,TETUAN,31,48,0.41700000000000004,0.75
2021,4,HERNANI,617,MIX,115,6,TETUAN,30,44,0.387,0.688
2021,5,HERNANI,617,MIX,115,6,TETUAN,31,49,0.43,0.7509999999999999
2021,6,HERNANI,617,MIX,115,6,TETUAN,30,51,0.441,0.764
2021,7,HERNANI,617,MIX,115,6,TETUAN,31,44,0.387,0.67
2021,8,HERNANI,617,MIX,115,6,TETUAN,31,20,0.177,0.313
2021,9,HERNANI,617,MIX,115,6,TETUAN,30,53,0.462,0.767
2021,10,HERNANI,617,MIX,115,6,TETUAN,31,60,0.518,0.8490000000000001
2021,11,HERNANI,617,MIX,115,6,TETUAN,30,58,0.503,0.8490000000000001
2021,12,HERNANI,617,MIX,115,6,TETUAN,31,58,0.506,0.8390000000000001
2021,1,JACINTO BENAVENTE,110,MIX,276,1,CENTRO,31,105,0.379,0.498
2021,2,JACINTO BENAVENTE,110,MIX,276,1,CENTRO,28,91,0.331,0.486
2021,3,JACINTO BENAVENTE,110,MIX,276,1,CENTRO,31,123,0.447,0.511
2021,4,JACINTO BENAVENTE,110,MIX,276,1,CENTRO,30,125,0.452,0.419
2021,5,JACINTO BENAVENTE,110,MIX,276,1,CENTRO,28,93,0.33799999999999997,0.51
2021,6,JACINTO BENAVENTE,110,MIX,276,1,CENTRO,24,97,0.35100000000000003,0.501
2021,7,JACINTO BENAVENTE,110,MIX,276,1,CENTRO,31,96,0.348,0.466
2021,8,JACINTO BENAVENTE,110,MIX,276,1,CENTRO,31,103,0.37200000000000005,0.47200000000000003
2021,9,JACINTO BENAVENTE,110,MIX,276,1,CENTRO,30,120,0.433,0.58
2021,10,JACINTO BENAVENTE,110,MIX,276,1,CENTRO,29,134,0.485,0.653
2021,11,JACINTO BENAVENTE,110,MIX,276,1,CENTRO,30,134,0.485,0.6609999999999999
2021,12,JACINTO BENAVENTE,110,MIX,276,1,CENTRO,31,144,0.521,0.7090000000000001
2021,1,JOSÉ CASTÁN TOBEÑAS,604,MIX,226,6,TETUAN,31,23,0.102,0.162
2021,2,JOSÉ CASTÁN TOBEÑAS,604,MIX,226,6,TETUAN,28,37,0.162,0.273
2021,3,JOSÉ CASTÁN TOBEÑAS,604,MIX,226,6,TETUAN,31,35,0.155,0.26
2021,4,JOSÉ CASTÁN TOBEÑAS,604,MIX,226,6,TETUAN,30,35,0.157,0.26
2021,5,JOSÉ CASTÁN TOBEÑAS,604,MIX,226,6,TETUAN,31,35,0.155,0.253
2021,6,JOSÉ CASTÁN TOBEÑAS,604,MIX,226,6,TETUAN,30,38,0.166,0.27699999999999997
2021,7,JOSÉ CASTÁN TOBEÑAS,604,MIX,226,6,TETUAN,31,30,0.132,0.217
2021,8,JOSÉ CASTÁN TOBEÑAS,604,MIX,226,6,TETUAN,31,14,0.06,0.079
2021,9,JOSÉ CASTÁN TOBEÑAS,604,MIX,226,6,TETUAN,30,34,0.151,0.247
2021,10,JOSÉ CASTÁN TOBEÑAS,604,MIX,226,6,TETUAN,31,39,0.171,0.28
2021,11,JOSÉ CASTÁN TOBEÑAS,604,MIX,226,6,TETUAN,30,46,0.20600000000000002,0.33
2021,12,JOSÉ CASTÁN TOBEÑAS,604,MIX,226,6,TETUAN,31,38,0.16899999999999998,0.256
2021,1,LUNA TUDESCOS,5006,ROT,481,1,CENTRO,31,116,0.242,0.33
2021,2,LUNA TUDESCOS,5006,ROT,481,1,CENTRO,28,152,0.316,0.446
2021,3,LUNA TUDESCOS,5006,ROT,481,1,CENTRO,31,168,0.348,0.488
2021,4,LUNA TUDESCOS,5006,ROT,481,1,CENTRO,30,172,0.358,0.485
2021,5,LUNA TUDESCOS,5006,ROT,481,1,CENTRO,31,182,0.37799999999999995,0.516
2021,6,LUNA TUDESCOS,5006,ROT,481,1,CENTRO,30,147,0.306,0.431
2021,7,LUNA TUDESCOS,5006,ROT,481,1,CENTRO,31,142,0.29600000000000004,0.39899999999999997
2021,8,LUNA TUDESCOS,5006,ROT,481,1,CENTRO,31,156,0.324,0.40700000000000003
2021,9,LUNA TUDESCOS,5006,ROT,481,1,CENTRO,30,196,0.408,0.54
2021,10,LUNA TUDESCOS,5006,ROT,481,1,CENTRO,31,212,0.44,0.5720000000000001
2021,11,LUNA TUDESCOS,5006,ROT,481,1,CENTRO,30,210,0.43700000000000006,0.581
2021,12,LUNA TUDESCOS,5006,ROT,481,1,CENTRO,31,192,0.39899999999999997,0.535
2021,1,MARQUÉS DE SALAMANCA,420,MIX,281,4,SALAMANCA,31,77,0.273,0.33299999999999996
2021,2,MARQUÉS DE SALAMANCA,420,MIX,281,4,SALAMANCA,28,116,0.414,0.512
2021,3,MARQUÉS DE SALAMANCA,420,MIX,281,4,SALAMANCA,31,69,0.245,0.33799999999999997
2021,4,MARQUÉS DE SALAMANCA,420,MIX,281,4,SALAMANCA,30,76,0.26899999999999996,0.366
2021,5,MARQUÉS DE SALAMANCA,420,MIX,281,4,SALAMANCA,31,65,0.231,0.322
2021,6,MARQUÉS DE SALAMANCA,420,MIX,281,4,SALAMANCA,30,118,0.42100000000000004,0.535
2021,7,MARQUÉS DE SALAMANCA,420,MIX,281,4,SALAMANCA,31,107,0.381,0.47200000000000003
2021,8,MARQUÉS DE SALAMANCA,420,MIX,281,4,SALAMANCA,31,29,0.10400000000000001,0.133
2021,9,MARQUÉS DE SALAMANCA,420,MIX,281,4,SALAMANCA,29,115,0.408,0.55
2021,10,MARQUÉS DE SALAMANCA,420,MIX,281,4,SALAMANCA,29,-327,-362.254,-166.053
2021,11,MARQUÉS DE SALAMANCA,420,MIX,281,4,SALAMANCA,30,-210,-251.852,-99.71700000000001
2021,12,MARQUÉS DE SALAMANCA,420,MIX,281,4,SALAMANCA,31,84,0.301,0.43700000000000006
2021,1,MARQUÉS DE URQUIJO,5007,ROT,428,9,MONCLOA-ARAVACA,31,33,0.077,0.131
2021,2,MARQUÉS DE URQUIJO,5007,ROT,428,9,MONCLOA-ARAVACA,28,45,0.105,0.19
2021,3,MARQUÉS DE URQUIJO,5007,ROT,428,9,MONCLOA-ARAVACA,31,48,0.113,0.2
2021,4,MARQUÉS DE URQUIJO,5007,ROT,428,9,MONCLOA-ARAVACA,30,50,0.11599999999999999,0.203
2021,5,MARQUÉS DE URQUIJO,5007,ROT,428,9,MONCLOA-ARAVACA,31,48,0.113,0.19399999999999998
2021,6,MARQUÉS DE URQUIJO,5007,ROT,428,9,MONCLOA-ARAVACA,30,48,0.11199999999999999,0.19
2021,7,MARQUÉS DE URQUIJO,5007,ROT,428,9,MONCLOA-ARAVACA,31,35,0.081,0.138
2021,8,MARQUÉS DE URQUIJO,5007,ROT,428,9,MONCLOA-ARAVACA,31,24,0.057,0.084
2021,9,MARQUÉS DE URQUIJO,5007,ROT,428,9,MONCLOA-ARAVACA,30,53,0.12300000000000001,0.19899999999999998
2021,10,MARQUÉS DE URQUIJO,5007,ROT,428,9,MONCLOA-ARAVACA,31,63,0.146,0.231
2021,11,MARQUÉS DE URQUIJO,5007,ROT,428,9,MONCLOA-ARAVACA,30,68,0.16,0.252
2021,12,MARQUÉS DE URQUIJO,5007,ROT,428,9,MONCLOA-ARAVACA,31,69,0.162,0.255
2021,1,MIGUEL YUSTE,2005,MIX,236,20,SAN BLAS-CANILLEJAS,17,2,0.008,0.012
2021,2,MIGUEL YUSTE,2005,MIX,236,20,SAN BLAS-CANILLEJAS,20,2,0.01,0.015
2021,3,MIGUEL YUSTE,2005,MIX,236,20,SAN BLAS-CANILLEJAS,22,2,0.009000000000000001,0.013000000000000001
2021,4,MIGUEL YUSTE,2005,MIX,236,20,SAN BLAS-CANILLEJAS,20,2,0.01,0.016
2021,5,MIGUEL YUSTE,2005,MIX,236,20,SAN BLAS-CANILLEJAS,20,2,0.009000000000000001,0.015
2021,6,MIGUEL YUSTE,2005,MIX,236,20,SAN BLAS-CANILLEJAS,22,2,0.01,0.015
2021,7,MIGUEL YUSTE,2005,MIX,236,20,SAN BLAS-CANILLEJAS,22,2,0.009000000000000001,0.012
2021,8,MIGUEL YUSTE,2005,MIX,236,20,SAN BLAS-CANILLEJAS,22,1,0.005,0.006
2021,9,MIGUEL YUSTE,2005,MIX,236,20,SAN BLAS-CANILLEJAS,22,3,0.011000000000000001,0.017
2021,10,MIGUEL YUSTE,2005,MIX,236,20,SAN BLAS-CANILLEJAS,19,3,0.012,0.016
2021,11,MIGUEL YUSTE,2005,MIX,236,20,SAN BLAS-CANILLEJAS,19,3,0.012,0.017
2021,12,MIGUEL YUSTE,2005,MIX,236,20,SAN BLAS-CANILLEJAS,18,3,0.011000000000000001,0.015
2021,1,MONTALBÁN,5009,MIX,690,3,RETIRO,31,31,0.044000000000000004,0.066
2021,2,MONTALBÁN,5009,MIX,690,3,RETIRO,28,45,0.065,0.106
2021,3,MONTALBÁN,5009,MIX,690,3,RETIRO,31,58,0.084,0.124
2021,4,MONTALBÁN,5009,MIX,690,3,RETIRO,30,42,0.061,0.095
2021,5,MONTALBÁN,5009,MIX,690,3,RETIRO,31,49,0.071,0.105
2021,6,MONTALBÁN,5009,MIX,690,3,RETIRO,30,42,0.061,0.084
2021,7,MONTALBÁN,5009,MIX,690,3,RETIRO,31,37,0.054000000000000006,0.07200000000000001
2021,8,MONTALBÁN,5009,MIX,690,3,RETIRO,31,37,0.053,0.07
2021,9,MONTALBÁN,5009,MIX,690,3,RETIRO,29,68,0.098,0.14800000000000002
2021,10,MONTALBÁN,5009,MIX,690,3,RETIRO,29,-3874,-3936.5640000000003,-2211.795
2021,11,MONTALBÁN,5009,MIX,690,3,RETIRO,30,-1519,-1538.905,-607.9780000000001
2021,12,MONTALBÁN,5009,MIX,690,3,RETIRO,31,72,0.10400000000000001,0.14800000000000002
2021,1,MOSTENSES,5010,ROT,362,1,CENTRO,31,61,0.16899999999999998,0.24600000000000002
2021,2,MOSTENSES,5010,ROT,362,1,CENTRO,28,71,0.196,0.311
2021,3,MOSTENSES,5010,ROT,362,1,CENTRO,31,70,0.19399999999999998,0.304
2021,4,MOSTENSES,5010,ROT,362,1,CENTRO,30,73,0.20199999999999999,0.31
2021,5,MOSTENSES,5010,ROT,362,1,CENTRO,31,77,0.212,0.306
2021,6,MOSTENSES,5010,ROT,362,1,CENTRO,30,89,0.245,0.336
2021,7,MOSTENSES,5010,ROT,362,1,CENTRO,31,78,0.215,0.29100000000000004
2021,8,MOSTENSES,5010,ROT,362,1,CENTRO,31,77,0.212,0.259
2021,9,MOSTENSES,5010,ROT,362,1,CENTRO,30,112,0.308,0.39299999999999996
2021,10,MOSTENSES,5010,ROT,362,1,CENTRO,31,148,0.41,0.49
2021,11,MOSTENSES,5010,ROT,362,1,CENTRO,30,146,0.40399999999999997,0.49200000000000005
2021,12,MOSTENSES,5010,ROT,362,1,CENTRO,31,156,0.43200000000000005,0.526
2021,1,MUSEO DE LA CIUDAD,5011,ROT,149,5,CHAMARTIN,27,2,0.016,0.032
2021,2,MUSEO DE LA CIUDAD,5011,ROT,149,5,CHAMARTIN,28,3,0.017,0.034
2021,3,MUSEO DE LA CIUDAD,5011,ROT,149,5,CHAMARTIN,31,3,0.02,0.038
2021,4,MUSEO DE LA CIUDAD,5011,ROT,149,5,CHAMARTIN,30,3,0.021,0.039
2021,5,MUSEO DE LA CIUDAD,5011,ROT,149,5,CHAMARTIN,31,3,0.02,0.04
2021,6,MUSEO DE LA CIUDAD,5011,ROT,149,5,CHAMARTIN,30,3,0.021,0.040999999999999995
2021,7,MUSEO DE LA CIUDAD,5011,ROT,149,5,CHAMARTIN,31,2,0.012,0.024
2021,8,MUSEO DE LA CIUDAD,5011,ROT,149,5,CHAMARTIN,31,1,0.005,0.01
2021,9,MUSEO DE LA CIUDAD,5011,ROT,149,5,CHAMARTIN,30,3,0.018000000000000002,0.036000000000000004
2021,10,MUSEO DE LA CIUDAD,5011,ROT,149,5,CHAMARTIN,31,3,0.023,0.045
2021,11,MUSEO DE LA CIUDAD,5011,ROT,149,5,CHAMARTIN,30,4,0.025,0.049
2021,12,MUSEO DE LA CIUDAD,5011,ROT,149,5,CHAMARTIN,31,4,0.024,0.045
2021,1,OLAVIDE,5012,ROT,375,7,CHAMBERI,31,27,0.07200000000000001,0.10300000000000001
2021,2,OLAVIDE,5012,ROT,375,7,CHAMBERI,28,38,0.10300000000000001,0.152
2021,3,OLAVIDE,5012,ROT,375,7,CHAMBERI,31,43,0.11599999999999999,0.16899999999999998
2021,4,OLAVIDE,5012,ROT,375,7,CHAMBERI,30,50,0.132,0.183
2021,5,OLAVIDE,5012,ROT,375,7,CHAMBERI,31,42,0.11199999999999999,0.155
2021,6,OLAVIDE,5012,ROT,375,7,CHAMBERI,30,48,0.127,0.17
2021,7,OLAVIDE,5012,ROT,375,7,CHAMBERI,31,36,0.095,0.127
2021,8,OLAVIDE,5012,ROT,375,7,CHAMBERI,31,22,0.059000000000000004,0.075
2021,9,OLAVIDE,5012,ROT,375,7,CHAMBERI,29,171,0.456,0.526
2021,10,OLAVIDE,5012,ROT,375,7,CHAMBERI,29,186,0.495,0.57
2021,11,OLAVIDE,5012,ROT,375,7,CHAMBERI,30,197,0.525,0.608
2021,12,OLAVIDE,5012,ROT,375,7,CHAMBERI,31,176,0.46799999999999997,0.5429999999999999
2021,1,ORENSE,610,MIX,129,6,TETUAN,31,9,0.071,0.08199999999999999
2021,2,ORENSE,610,MIX,129,6,TETUAN,28,10,0.081,0.1
2021,3,ORENSE,610,MIX,129,6,TETUAN,31,14,0.107,0.132
2021,4,ORENSE,610,MIX,129,6,TETUAN,30,17,0.136,0.16399999999999998
2021,5,ORENSE,610,MIX,129,6,TETUAN,31,43,0.33399999999999996,0.38
2021,6,ORENSE,610,MIX,129,6,TETUAN,30,60,0.46799999999999997,0.524
2021,7,ORENSE,610,MIX,129,6,TETUAN,31,71,0.551,0.604
2021,8,ORENSE,610,MIX,129,6,TETUAN,31,92,0.7140000000000001,0.773
2021,9,ORENSE,610,MIX,129,6,TETUAN,29,22,0.172,0.22899999999999998
2021,10,ORENSE,610,MIX,129,6,TETUAN,29,24,0.18899999999999997,0.247
2021,11,ORENSE,610,MIX,129,6,TETUAN,30,36,0.281,0.33799999999999997
2021,12,ORENSE,610,MIX,129,6,TETUAN,31,30,0.23399999999999999,0.27699999999999997
2021,1,ORIENTE,107,MIX,212,1,CENTRO,31,12,0.055,0.105
2021,2,ORIENTE,107,MIX,212,1,CENTRO,28,16,0.073,0.139
2021,3,ORIENTE,107,MIX,212,1,CENTRO,31,18,0.087,0.163
2021,4,ORIENTE,107,MIX,212,1,CENTRO,30,17,0.081,0.152
2021,5,ORIENTE,107,MIX,212,1,CENTRO,31,18,0.084,0.154
2021,6,ORIENTE,107,MIX,212,1,CENTRO,30,17,0.08199999999999999,0.14800000000000002
2021,7,ORIENTE,107,MIX,212,1,CENTRO,31,17,0.079,0.139
2021,8,ORIENTE,107,MIX,212,1,CENTRO,31,10,0.049,0.083
2021,9,ORIENTE,107,MIX,212,1,CENTRO,30,17,0.081,0.146
2021,10,ORIENTE,107,MIX,212,1,CENTRO,31,18,0.087,0.156
2021,11,ORIENTE,107,MIX,212,1,CENTRO,30,20,0.096,0.175
2021,12,ORIENTE,107,MIX,212,1,CENTRO,31,24,0.115,0.212
2021,1,PEDRO ZEROLO,101,MIX,113,1,CENTRO,31,74,0.653,0.784
2021,2,PEDRO ZEROLO,101,MIX,113,1,CENTRO,28,77,0.6809999999999999,0.8340000000000001
2021,3,PEDRO ZEROLO,101,MIX,113,1,CENTRO,31,79,0.696,0.8390000000000001
2021,4,PEDRO ZEROLO,101,MIX,113,1,CENTRO,30,78,0.6920000000000001,0.8290000000000001
2021,5,PEDRO ZEROLO,101,MIX,113,1,CENTRO,28,67,0.594,0.821
2021,6,PEDRO ZEROLO,101,MIX,113,1,CENTRO,24,75,0.6679999999999999,0.866
2021,7,PEDRO ZEROLO,101,MIX,113,1,CENTRO,31,79,0.698,0.917
2021,8,PEDRO ZEROLO,101,MIX,113,1,CENTRO,31,80,0.7090000000000001,0.867
2021,9,PEDRO ZEROLO,101,MIX,113,1,CENTRO,29,78,0.687,0.885
2021,10,PEDRO ZEROLO,101,MIX,113,1,CENTRO,29,80,0.7090000000000001,0.8959999999999999
2021,11,PEDRO ZEROLO,101,MIX,113,1,CENTRO,30,80,0.7120000000000001,0.912
2021,12,PEDRO ZEROLO,101,MIX,113,1,CENTRO,31,81,0.715,0.894
2021,1,PLAZA DE COLÓN,5001,ROT,612,4,SALAMANCA,31,156,0.256,0.37799999999999995
2021,2,PLAZA DE COLÓN,5001,ROT,612,4,SALAMANCA,28,196,0.321,0.507
2021,3,PLAZA DE COLÓN,5001,ROT,612,4,SALAMANCA,31,223,0.364,0.5710000000000001
2021,4,PLAZA DE COLÓN,5001,ROT,612,4,SALAMANCA,30,216,0.353,0.5579999999999999
2021,5,PLAZA DE COLÓN,5001,ROT,612,4,SALAMANCA,31,233,0.38,0.5820000000000001
2021,6,PLAZA DE COLÓN,5001,ROT,612,4,SALAMANCA,30,235,0.385,0.598
2021,7,PLAZA DE COLÓN,5001,ROT,612,4,SALAMANCA,31,197,0.321,0.49200000000000005
2021,8,PLAZA DE COLÓN,5001,ROT,612,4,SALAMANCA,31,133,0.217,0.29600000000000004
2021,9,PLAZA DE COLÓN,5001,ROT,612,4,SALAMANCA,30,256,0.419,0.6459999999999999
2021,10,PLAZA DE COLÓN,5001,ROT,612,4,SALAMANCA,31,245,0.4,0.621
2021,11,PLAZA DE COLÓN,5001,ROT,612,4,SALAMANCA,30,268,0.43799999999999994,0.6779999999999999
2021,12,PLAZA DE COLÓN,5001,ROT,612,4,SALAMANCA,31,295,0.48200000000000004,0.721
2021,1,PLAZA DE ESPAÑA,5004,MIX,800,9,MONCLOA-ARAVACA,31,205,0.256,0.297
2021,2,PLAZA DE ESPAÑA,5004,MIX,800,9,MONCLOA-ARAVACA,28,214,0.268,0.32299999999999995
2021,3,PLAZA DE ESPAÑA,5004,MIX,800,9,MONCLOA-ARAVACA,31,232,0.29100000000000004,0.35100000000000003
2021,4,PLAZA DE ESPAÑA,5004,MIX,800,9,MONCLOA-ARAVACA,30,256,0.321,0.386
2021,5,PLAZA DE ESPAÑA,5004,MIX,800,9,MONCLOA-ARAVACA,31,266,0.332,0.39399999999999996
2021,6,PLAZA DE ESPAÑA,5004,MIX,800,9,MONCLOA-ARAVACA,30,256,0.32,0.371
2021,7,PLAZA DE ESPAÑA,5004,MIX,800,9,MONCLOA-ARAVACA,31,227,0.28300000000000003,0.315
2021,8,PLAZA DE ESPAÑA,5004,MIX,800,9,MONCLOA-ARAVACA,31,214,0.268,0.294
2021,9,PLAZA DE ESPAÑA,5004,MIX,800,9,MONCLOA-ARAVACA,29,245,0.306,0.358
2021,10,PLAZA DE ESPAÑA,5004,MIX,800,9,MONCLOA-ARAVACA,29,284,0.354,0.41600000000000004
2021,11,PLAZA DE ESPAÑA,5004,MIX,800,9,MONCLOA-ARAVACA,30,269,0.336,0.401
2021,12,PLAZA DE ESPAÑA,5004,MIX,800,9,MONCLOA-ARAVACA,31,327,0.409,0.509
2021,1,PLAZA DE LAS CORTES,5002,ROT,480,1,CENTRO,31,97,0.20199999999999999,0.306
2021,2,PLAZA DE LAS CORTES,5002,ROT,480,1,CENTRO,28,123,0.257,0.43200000000000005
2021,3,PLAZA DE LAS CORTES,5002,ROT,480,1,CENTRO,31,164,0.341,0.546
2021,4,PLAZA DE LAS CORTES,5002,ROT,480,1,CENTRO,30,150,0.312,0.511
2021,5,PLAZA DE LAS CORTES,5002,ROT,480,1,CENTRO,31,142,0.29600000000000004,0.474
2021,6,PLAZA DE LAS CORTES,5002,ROT,480,1,CENTRO,30,145,0.303,0.484
2021,7,PLAZA DE LAS CORTES,5002,ROT,480,1,CENTRO,31,139,0.29,0.433
2021,8,PLAZA DE LAS CORTES,5002,ROT,480,1,CENTRO,31,115,0.239,0.322
2021,9,PLAZA DE LAS CORTES,5002,ROT,480,1,CENTRO,30,207,0.43200000000000005,0.636
2021,10,PLAZA DE LAS CORTES,5002,ROT,480,1,CENTRO,31,246,0.513,0.753
2021,11,PLAZA DE LAS CORTES,5002,ROT,480,1,CENTRO,30,262,0.546,0.812
2021,12,PLAZA DE LAS CORTES,5002,ROT,480,1,CENTRO,31,227,0.473,0.6990000000000001
2021,1,PLAZA DEL REY,5014,ROT,155,1,CENTRO,28,5,0.031,0.057
2021,2,PLAZA DEL REY,5014,ROT,155,1,CENTRO,28,7,0.044000000000000004,0.08
2021,3,PLAZA DEL REY,5014,ROT,155,1,CENTRO,31,8,0.049,0.08800000000000001
2021,4,PLAZA DEL REY,5014,ROT,155,1,CENTRO,30,7,0.046,0.08199999999999999
2021,5,PLAZA DEL REY,5014,ROT,155,1,CENTRO,31,7,0.045,0.08
2021,6,PLAZA DEL REY,5014,ROT,155,1,CENTRO,30,7,0.045,0.079
2021,7,PLAZA DEL REY,5014,ROT,155,1,CENTRO,31,6,0.039,0.066
2021,8,PLAZA DEL REY,5014,ROT,155,1,CENTRO,30,4,0.027000000000000003,0.045
2021,9,PLAZA DEL REY,5014,ROT,155,1,CENTRO,30,8,0.055,0.095
2021,10,PLAZA DEL REY,5014,ROT,155,1,CENTRO,31,8,0.054000000000000006,0.092
2021,11,PLAZA DEL REY,5014,ROT,155,1,CENTRO,30,9,0.055,0.096
2021,12,PLAZA DEL REY,5014,ROT,155,1,CENTRO,31,7,0.047,0.083
2021,1,PLAZA MAYOR,5008,MIX,690,1,CENTRO,31,93,0.134,0.18600000000000003
2021,2,PLAZA MAYOR,5008,MIX,690,1,CENTRO,28,104,0.151,0.22399999999999998
2021,3,PLAZA MAYOR,5008,MIX,690,1,CENTRO,31,160,0.23199999999999998,0.319
2021,4,PLAZA MAYOR,5008,MIX,690,1,CENTRO,30,139,0.201,0.28600000000000003
2021,5,PLAZA MAYOR,5008,MIX,690,1,CENTRO,31,176,0.255,0.336
2021,6,PLAZA MAYOR,5008,MIX,690,1,CENTRO,30,211,0.306,0.389
2021,7,PLAZA MAYOR,5008,MIX,690,1,CENTRO,31,233,0.337,0.408
2021,8,PLAZA MAYOR,5008,MIX,690,1,CENTRO,31,242,0.35100000000000003,0.415
2021,9,PLAZA MAYOR,5008,MIX,690,1,CENTRO,29,196,0.284,0.368
2021,10,PLAZA MAYOR,5008,MIX,690,1,CENTRO,29,206,0.299,0.39899999999999997
2021,11,PLAZA MAYOR,5008,MIX,690,1,CENTRO,30,210,0.305,0.413
2021,12,PLAZA MAYOR,5008,MIX,690,1,CENTRO,31,247,0.358,0.484
2021,1,PRESIDENTE CARMONA,618,MIX,127,6,TETUAN,31,9,0.07,0.087
2021,2,PRESIDENTE CARMONA,618,MIX,127,6,TETUAN,28,10,0.078,0.102
2021,3,PRESIDENTE CARMONA,618,MIX,127,6,TETUAN,31,10,0.08,0.105
2021,4,PRESIDENTE CARMONA,618,MIX,127,6,TETUAN,30,10,0.08,0.10400000000000001
2021,5,PRESIDENTE CARMONA,618,MIX,127,6,TETUAN,31,10,0.08,0.10400000000000001
2021,6,PRESIDENTE CARMONA,618,MIX,127,6,TETUAN,30,11,0.083,0.111
2021,7,PRESIDENTE CARMONA,618,MIX,127,6,TETUAN,31,10,0.077,0.1
2021,8,PRESIDENTE CARMONA,618,MIX,127,6,TETUAN,31,8,0.063,0.075
2021,9,PRESIDENTE CARMONA,618,MIX,127,6,TETUAN,30,11,0.085,0.107
2021,10,PRESIDENTE CARMONA,618,MIX,127,6,TETUAN,31,10,0.083,0.107
2021,11,PRESIDENTE CARMONA,618,MIX,127,6,TETUAN,30,11,0.085,0.10800000000000001
2021,12,PRESIDENTE CARMONA,618,MIX,127,6,TETUAN,31,11,0.08800000000000001,0.11199999999999999
2021,1,PRíNCIPE DE VERGARA (AUDITORIO),5015,ROT,366,5,CHAMARTIN,28,4,0.011000000000000001,0.021
2021,2,PRíNCIPE DE VERGARA (AUDITORIO),5015,ROT,366,5,CHAMARTIN,28,5,0.013000000000000001,0.027000000000000003
2021,3,PRíNCIPE DE VERGARA (AUDITORIO),5015,ROT,366,5,CHAMARTIN,31,5,0.013000000000000001,0.026000000000000002
2021,4,PRíNCIPE DE VERGARA (AUDITORIO),5015,ROT,366,5,CHAMARTIN,30,5,0.013000000000000001,0.025
2021,5,PRíNCIPE DE VERGARA (AUDITORIO),5015,ROT,366,5,CHAMARTIN,31,5,0.013000000000000001,0.025
2021,6,PRíNCIPE DE VERGARA (AUDITORIO),5015,ROT,366,5,CHAMARTIN,30,5,0.013000000000000001,0.026000000000000002
2021,7,PRíNCIPE DE VERGARA (AUDITORIO),5015,ROT,366,5,CHAMARTIN,31,2,0.006,0.011000000000000001
2021,8,PRíNCIPE DE VERGARA (AUDITORIO),5015,ROT,366,5,CHAMARTIN,30,1,0.002,0.004
2021,9,PRíNCIPE DE VERGARA (AUDITORIO),5015,ROT,366,5,CHAMARTIN,30,3,0.008,0.016
2021,10,PRíNCIPE DE VERGARA (AUDITORIO),5015,ROT,366,5,CHAMARTIN,31,6,0.016,0.03
2021,11,PRíNCIPE DE VERGARA (AUDITORIO),5015,ROT,366,5,CHAMARTIN,30,7,0.019,0.037000000000000005
2021,12,PRíNCIPE DE VERGARA (AUDITORIO),5015,ROT,366,5,CHAMARTIN,31,7,0.019,0.036000000000000004
2021,1,PUERTA DE TOLEDO,5016,ROT,240,1,CENTRO,31,8,0.033,0.054000000000000006
2021,2,PUERTA DE TOLEDO,5016,ROT,240,1,CENTRO,28,11,0.045,0.075
2021,3,PUERTA DE TOLEDO,5016,ROT,240,1,CENTRO,31,18,0.077,0.133
2021,4,PUERTA DE TOLEDO,5016,ROT,240,1,CENTRO,30,19,0.079,0.134
2021,5,PUERTA DE TOLEDO,5016,ROT,240,1,CENTRO,31,19,0.079,0.134
2021,6,PUERTA DE TOLEDO,5016,ROT,240,1,CENTRO,30,17,0.07200000000000001,0.125
2021,7,PUERTA DE TOLEDO,5016,ROT,240,1,CENTRO,31,14,0.059000000000000004,0.102
2021,8,PUERTA DE TOLEDO,5016,ROT,240,1,CENTRO,31,10,0.043,0.07200000000000001
2021,9,PUERTA DE TOLEDO,5016,ROT,240,1,CENTRO,30,19,0.08,0.134
2021,10,PUERTA DE TOLEDO,5016,ROT,240,1,CENTRO,31,27,0.11199999999999999,0.183
2021,11,PUERTA DE TOLEDO,5016,ROT,240,1,CENTRO,30,27,0.113,0.184
2021,12,PUERTA DE TOLEDO,5016,ROT,240,1,CENTRO,31,21,0.087,0.14400000000000002
2021,1,RECOLETOS,421,MIX,281,4,SALAMANCA,31,50,0.18,0.22899999999999998
2021,2,RECOLETOS,421,MIX,281,4,SALAMANCA,28,52,0.184,0.25
2021,3,RECOLETOS,421,MIX,281,4,SALAMANCA,3,11,0.040999999999999995,0.043
2021,1,REPÚBLICA DOMINICANA,512,MIX,211,5,CHAMARTIN,31,12,0.059000000000000004,0.095
2021,2,REPÚBLICA DOMINICANA,512,MIX,211,5,CHAMARTIN,28,15,0.069,0.11699999999999999
2021,3,REPÚBLICA DOMINICANA,512,MIX,211,5,CHAMARTIN,31,15,0.07,0.11699999999999999
2021,4,REPÚBLICA DOMINICANA,512,MIX,211,5,CHAMARTIN,30,14,0.066,0.115
2021,5,REPÚBLICA DOMINICANA,512,MIX,211,5,CHAMARTIN,31,18,0.083,0.131
2021,6,REPÚBLICA DOMINICANA,512,MIX,211,5,CHAMARTIN,30,18,0.086,0.136
2021,7,REPÚBLICA DOMINICANA,512,MIX,211,5,CHAMARTIN,31,15,0.07200000000000001,0.109
2021,8,REPÚBLICA DOMINICANA,512,MIX,211,5,CHAMARTIN,31,8,0.038,0.054000000000000006
2021,9,REPÚBLICA DOMINICANA,512,MIX,211,5,CHAMARTIN,30,21,0.1,0.147
2021,10,REPÚBLICA DOMINICANA,512,MIX,211,5,CHAMARTIN,31,21,0.1,0.147
2021,11,REPÚBLICA DOMINICANA,512,MIX,211,5,CHAMARTIN,30,17,0.081,0.13
2021,12,REPÚBLICA DOMINICANA,512,MIX,211,5,CHAMARTIN,31,19,0.091,0.135
2021,1,REYES MAGOS,311,MIX,356,3,RETIRO,28,3,0.008,0.0
2021,2,REYES MAGOS,311,MIX,356,3,RETIRO,28,4,0.011000000000000001,0.001
2021,3,REYES MAGOS,311,MIX,356,3,RETIRO,31,5,0.013000000000000001,0.001
2021,4,REYES MAGOS,311,MIX,356,3,RETIRO,30,5,0.013999999999999999,0.001
2021,5,REYES MAGOS,311,MIX,356,3,RETIRO,31,5,0.013999999999999999,0.001
2021,6,REYES MAGOS,311,MIX,356,3,RETIRO,30,5,0.013999999999999999,0.001
2021,7,REYES MAGOS,311,MIX,356,3,RETIRO,31,4,0.01,0.001
2021,8,REYES MAGOS,311,MIX,356,3,RETIRO,31,2,0.004,0.0
2021,9,REYES MAGOS,311,MIX,356,3,RETIRO,30,7,0.02,0.001
2021,10,REYES MAGOS,311,MIX,356,3,RETIRO,31,5,0.013999999999999999,0.001
2021,11,REYES MAGOS,311,MIX,356,3,RETIRO,30,5,0.013999999999999999,0.001
2021,12,REYES MAGOS,311,MIX,356,3,RETIRO,31,5,0.015,0.001
2021,1,SAN CAYETANO,427,MIX,222,4,SALAMANCA,31,12,0.053,0.08199999999999999
2021,2,SAN CAYETANO,427,MIX,222,4,SALAMANCA,28,15,0.069,0.115
2021,3,SAN CAYETANO,427,MIX,222,4,SALAMANCA,31,17,0.078,0.129
2021,4,SAN CAYETANO,427,MIX,222,4,SALAMANCA,30,15,0.067,0.111
2021,5,SAN CAYETANO,427,MIX,222,4,SALAMANCA,31,14,0.065,0.111
2021,6,SAN CAYETANO,427,MIX,222,4,SALAMANCA,30,15,0.069,0.11900000000000001
2021,7,SAN CAYETANO,427,MIX,222,4,SALAMANCA,31,11,0.051,0.087
2021,8,SAN CAYETANO,427,MIX,222,4,SALAMANCA,31,10,0.047,0.065
2021,9,SAN CAYETANO,427,MIX,222,4,SALAMANCA,30,23,0.10400000000000001,0.156
2021,10,SAN CAYETANO,427,MIX,222,4,SALAMANCA,31,21,0.09300000000000001,0.146
2021,11,SAN CAYETANO,427,MIX,222,4,SALAMANCA,30,7,0.033,0.062
2021,12,SAN CAYETANO,427,MIX,222,4,SALAMANCA,31,6,0.027000000000000003,0.051
2021,1,SAN GERMÁN II,613,MIX,419,6,TETUAN,31,9,0.022000000000000002,0.037000000000000005
2021,2,SAN GERMÁN II,613,MIX,419,6,TETUAN,28,16,0.037000000000000005,0.063
2021,3,SAN GERMÁN II,613,MIX,419,6,TETUAN,31,14,0.035,0.057999999999999996
2021,4,SAN GERMÁN II,613,MIX,419,6,TETUAN,30,15,0.036000000000000004,0.057999999999999996
2021,5,SAN GERMÁN II,613,MIX,419,6,TETUAN,31,17,0.040999999999999995,0.064
2021,6,SAN GERMÁN II,613,MIX,419,6,TETUAN,30,19,0.046,0.071
2021,7,SAN GERMÁN II,613,MIX,419,6,TETUAN,31,14,0.033,0.05
2021,8,SAN GERMÁN II,613,MIX,419,6,TETUAN,31,7,0.016,0.024
2021,9,SAN GERMÁN II,613,MIX,419,6,TETUAN,30,26,0.062,0.085
2021,10,SAN GERMÁN II,613,MIX,419,6,TETUAN,31,25,0.06,0.087
2021,11,SAN GERMÁN II,613,MIX,419,6,TETUAN,30,31,0.075,0.09699999999999999
2021,12,SAN GERMÁN II,613,MIX,419,6,TETUAN,31,33,0.08,0.092
2021,1,SÁNCHEZ BUSTILLO,104,MIX,132,1,CENTRO,30,10,0.075,0.133
2021,2,SÁNCHEZ BUSTILLO,104,MIX,132,1,CENTRO,28,15,0.114,0.212
2021,3,SÁNCHEZ BUSTILLO,104,MIX,132,1,CENTRO,31,17,0.127,0.23
2021,4,SÁNCHEZ BUSTILLO,104,MIX,132,1,CENTRO,30,17,0.127,0.22899999999999998
2021,5,SÁNCHEZ BUSTILLO,104,MIX,132,1,CENTRO,31,17,0.129,0.225
2021,6,SÁNCHEZ BUSTILLO,104,MIX,132,1,CENTRO,30,16,0.125,0.212
2021,7,SÁNCHEZ BUSTILLO,104,MIX,132,1,CENTRO,31,15,0.11699999999999999,0.191
2021,8,SÁNCHEZ BUSTILLO,104,MIX,132,1,CENTRO,31,11,0.084,0.132
2021,9,SÁNCHEZ BUSTILLO,104,MIX,132,1,CENTRO,30,19,0.147,0.235
2021,10,SÁNCHEZ BUSTILLO,104,MIX,132,1,CENTRO,31,21,0.158,0.247
2021,11,SÁNCHEZ BUSTILLO,104,MIX,132,1,CENTRO,30,23,0.172,0.27699999999999997
2021,12,SÁNCHEZ BUSTILLO,104,MIX,132,1,CENTRO,31,22,0.16399999999999998,0.262
2021,1,SANTA ANA,5018,ROT,320,1,CENTRO,31,168,0.524,0.607
2021,2,SANTA ANA,5018,ROT,320,1,CENTRO,28,172,0.539,0.684
2021,3,SANTA ANA,5018,ROT,320,1,CENTRO,31,169,0.527,0.648
2021,4,SANTA ANA,5018,ROT,320,1,CENTRO,30,215,0.672,0.7979999999999999
2021,5,SANTA ANA,5018,ROT,320,1,CENTRO,31,136,0.426,0.5529999999999999
2021,6,SANTA ANA,5018,ROT,320,1,CENTRO,30,164,0.514,0.629
2021,7,SANTA ANA,5018,ROT,320,1,CENTRO,30,211,0.6579999999999999,0.753
2021,8,SANTA ANA,5018,ROT,320,1,CENTRO,31,205,0.642,0.705
2021,9,SANTA ANA,5018,ROT,320,1,CENTRO,30,168,0.526,0.632
2021,10,SANTA ANA,5018,ROT,320,1,CENTRO,31,172,0.536,0.632
2021,11,SANTA ANA,5018,ROT,320,1,CENTRO,30,208,0.65,0.775
2021,12,SANTA ANA,5018,ROT,320,1,CENTRO,31,185,0.579,0.7040000000000001
2021,1,SEVILLA,114,MIX,393,1,CENTRO,31,22,0.057,0.10800000000000001
2021,2,SEVILLA,114,MIX,393,1,CENTRO,28,28,0.07200000000000001,0.14
2021,3,SEVILLA,114,MIX,393,1,CENTRO,31,35,0.08900000000000001,0.17
2021,4,SEVILLA,114,MIX,393,1,CENTRO,30,36,0.09300000000000001,0.177
2021,5,SEVILLA,114,MIX,393,1,CENTRO,31,41,0.105,0.19699999999999998
2021,6,SEVILLA,114,MIX,393,1,CENTRO,30,42,0.107,0.193
2021,7,SEVILLA,114,MIX,393,1,CENTRO,31,38,0.095,0.16699999999999998
2021,8,SEVILLA,114,MIX,393,1,CENTRO,31,30,0.075,0.13
2021,9,SEVILLA,114,MIX,393,1,CENTRO,30,41,0.10400000000000001,0.18600000000000003
2021,10,SEVILLA,114,MIX,393,1,CENTRO,31,44,0.11199999999999999,0.2
2021,11,SEVILLA,114,MIX,393,1,CENTRO,30,52,0.133,0.24
2021,12,SEVILLA,114,MIX,393,1,CENTRO,31,55,0.14,0.251
2021,1,VELÁZQUEZ AYALA,424,MIX,444,4,SALAMANCA,31,121,0.272,0.39899999999999997
2021,2,VELÁZQUEZ AYALA,424,MIX,444,4,SALAMANCA,28,144,0.324,0.514
2021,3,VELÁZQUEZ AYALA,424,MIX,444,4,SALAMANCA,31,149,0.33399999999999996,0.525
2021,4,VELÁZQUEZ AYALA,424,MIX,444,4,SALAMANCA,30,149,0.335,0.524
2021,5,VELÁZQUEZ AYALA,424,MIX,444,4,SALAMANCA,31,152,0.342,0.521
2021,6,VELÁZQUEZ AYALA,424,MIX,444,4,SALAMANCA,30,160,0.36,0.5579999999999999
2021,7,VELÁZQUEZ AYALA,424,MIX,444,4,SALAMANCA,31,123,0.278,0.43200000000000005
2021,8,VELÁZQUEZ AYALA,424,MIX,444,4,SALAMANCA,31,66,0.149,0.215
2021,9,VELÁZQUEZ AYALA,424,MIX,444,4,SALAMANCA,30,169,0.38,0.597
2021,10,VELÁZQUEZ AYALA,424,MIX,444,4,SALAMANCA,31,166,0.373,0.579
2021,11,VELÁZQUEZ AYALA,424,MIX,444,4,SALAMANCA,30,184,0.415,0.6459999999999999
2021,12,VELÁZQUEZ AYALA,424,MIX,444,4,SALAMANCA,31,173,0.389,0.591
2021,1,VELÁZQUEZ JORGE JUAN,423,MIX,547,4,SALAMANCA,31,125,0.228,0.345
2021,2,VELÁZQUEZ JORGE JUAN,423,MIX,547,4,SALAMANCA,28,165,0.302,0.49200000000000005
2021,3,VELÁZQUEZ JORGE JUAN,423,MIX,547,4,SALAMANCA,31,195,0.35700000000000004,0.5529999999999999
2021,4,VELÁZQUEZ JORGE JUAN,423,MIX,547,4,SALAMANCA,30,191,0.349,0.542
2021,5,VELÁZQUEZ JORGE JUAN,423,MIX,547,4,SALAMANCA,31,240,0.43799999999999994,0.626
2021,6,VELÁZQUEZ JORGE JUAN,423,MIX,547,4,SALAMANCA,30,219,0.401,0.585
2021,7,VELÁZQUEZ JORGE JUAN,423,MIX,547,4,SALAMANCA,31,179,0.327,0.47100000000000003
2021,8,VELÁZQUEZ JORGE JUAN,423,MIX,547,4,SALAMANCA,31,90,0.165,0.225
2021,9,VELÁZQUEZ JORGE JUAN,423,MIX,547,4,SALAMANCA,30,231,0.42200000000000004,0.629
2021,10,VELÁZQUEZ JORGE JUAN,423,MIX,547,4,SALAMANCA,31,260,0.475,0.669
2021,11,VELÁZQUEZ JORGE JUAN,423,MIX,547,4,SALAMANCA,30,240,0.439,0.653
2021,12,VELÁZQUEZ JORGE JUAN,423,MIX,547,4,SALAMANCA,31,227,0.41600000000000004,0.605
2021,1,VELÁZQUEZ JUAN BRAVO,5019,ROT,368,4,SALAMANCA,31,60,0.16399999999999998,0.243
2021,2,VELÁZQUEZ JUAN BRAVO,5019,ROT,368,4,SALAMANCA,28,84,0.22899999999999998,0.364
2021,3,VELÁZQUEZ JUAN BRAVO,5019,ROT,368,4,SALAMANCA,31,83,0.225,0.35600000000000004
2021,4,VELÁZQUEZ JUAN BRAVO,5019,ROT,368,4,SALAMANCA,30,85,0.23,0.366
2021,5,VELÁZQUEZ JUAN BRAVO,5019,ROT,368,4,SALAMANCA,31,82,0.222,0.349
2021,6,VELÁZQUEZ JUAN BRAVO,5019,ROT,368,4,SALAMANCA,30,86,0.233,0.375
2021,7,VELÁZQUEZ JUAN BRAVO,5019,ROT,368,4,SALAMANCA,31,63,0.171,0.26899999999999996
2021,8,VELÁZQUEZ JUAN BRAVO,5019,ROT,368,4,SALAMANCA,31,36,0.098,0.136
2021,9,VELÁZQUEZ JUAN BRAVO,5019,ROT,368,4,SALAMANCA,30,78,0.212,0.344
2021,10,VELÁZQUEZ JUAN BRAVO,5019,ROT,368,4,SALAMANCA,31,82,0.222,0.34700000000000003
2021,11,VELÁZQUEZ JUAN BRAVO,5019,ROT,368,4,SALAMANCA,30,86,0.235,0.377
2021,12,VELÁZQUEZ JUAN BRAVO,5019,ROT,368,4,SALAMANCA,31,66,0.18,0.27899999999999997
2021,1,VERDAGUER Y GARCÍA,1524,MIX,83,15,CIUDAD LINEAL,31,10,0.115,0.151
2021,2,VERDAGUER Y GARCÍA,1524,MIX,83,15,CIUDAD LINEAL,28,5,0.064,0.098
2021,3,VERDAGUER Y GARCÍA,1524,MIX,83,15,CIUDAD LINEAL,31,9,0.10300000000000001,0.14300000000000002
2021,4,VERDAGUER Y GARCÍA,1524,MIX,83,15,CIUDAD LINEAL,30,8,0.095,0.135
2021,5,VERDAGUER Y GARCÍA,1524,MIX,83,15,CIUDAD LINEAL,31,9,0.10800000000000001,0.147
2021,6,VERDAGUER Y GARCÍA,1524,MIX,83,15,CIUDAD LINEAL,30,12,0.141,0.172
2021,7,VERDAGUER Y GARCÍA,1524,MIX,83,15,CIUDAD LINEAL,31,12,0.141,0.15
2021,8,VERDAGUER Y GARCÍA,1524,MIX,83,15,CIUDAD LINEAL,31,13,0.16,0.14300000000000002
2021,9,VERDAGUER Y GARCÍA,1524,MIX,83,15,CIUDAD LINEAL,30,18,0.213,0.207
2021,10,VERDAGUER Y GARCÍA,1524,MIX,83,15,CIUDAD LINEAL,31,22,0.264,0.255
2021,11,VERDAGUER Y GARCÍA,1524,MIX,83,15,CIUDAD LINEAL,30,21,0.255,0.231
2021,12,VERDAGUER Y GARCÍA,1524,MIX,83,15,CIUDAD LINEAL,31,19,0.233,0.188
2021,1,VILLA DE PARíS,5020,ROT,169,1,CENTRO,31,23,0.134,0.187
2021,2,VILLA DE PARíS,5020,ROT,169,1,CENTRO,28,34,0.20199999999999999,0.301
2021,3,VILLA DE PARíS,5020,ROT,169,1,CENTRO,31,39,0.23,0.331
2021,4,VILLA DE PARíS,5020,ROT,169,1,CENTRO,30,27,0.158,0.242
2021,5,VILLA DE PARíS,5020,ROT,169,1,CENTRO,31,29,0.17300000000000001,0.257
2021,6,VILLA DE PARíS,5020,ROT,169,1,CENTRO,30,29,0.16899999999999998,0.257
2021,7,VILLA DE PARíS,5020,ROT,169,1,CENTRO,31,30,0.175,0.251
2021,8,VILLA DE PARíS,5020,ROT,169,1,CENTRO,31,19,0.11,0.141
2021,9,VILLA DE PARíS,5020,ROT,169,1,CENTRO,29,104,0.616,0.77
2021,10,VILLA DE PARíS,5020,ROT,169,1,CENTRO,29,107,0.633,0.7909999999999999
2021,11,VILLA DE PARíS,5020,ROT,169,1,CENTRO,30,113,0.6709999999999999,0.83
2021,12,VILLA DE PARíS,5020,ROT,169,1,CENTRO,31,104,0.618,0.748
2023,1,ALMAGRO,5000,ROT,453,7,CHAMBERI,31,180,0.397,0.537
2023,2,ALMAGRO,5000,ROT,453,7,CHAMBERI,28,205,0.452,0.609
2023,3,ALMAGRO,5000,ROT,453,7,CHAMBERI,31,194,0.428,0.5760000000000001
2023,4,ALMAGRO,5000,ROT,453,7,CHAMBERI,27,176,0.38799999999999996,0.52
2023,5,ALMAGRO,5000,ROT,453,7,CHAMBERI,31,184,0.406,0.5579999999999999
2023,6,ALMAGRO,5000,ROT,453,7,CHAMBERI,30,201,0.444,0.597
2023,7,ALMAGRO,5000,ROT,453,7,CHAMBERI,31,168,0.37200000000000005,0.48200000000000004
2023,8,ALMAGRO,5000,ROT,453,7,CHAMBERI,31,91,0.2,0.252
2023,9,ALMAGRO,5000,ROT,453,7,CHAMBERI,30,186,0.41,0.547
2023,10,ALMAGRO,5000,ROT,453,7,CHAMBERI,31,197,0.435,0.586
2023,11,ALMAGRO,5000,ROT,453,7,CHAMBERI,29,215,0.47600000000000003,0.6409999999999999
2023,12,ALMAGRO,5000,ROT,453,7,CHAMBERI,31,197,0.436,0.561
2023,1,ARQUITECTO RIBERA,111,ROT,318,1,CENTRO,31,154,0.483,0.701
2023,2,ARQUITECTO RIBERA,111,ROT,318,1,CENTRO,28,161,0.505,0.735
2023,3,ARQUITECTO RIBERA,111,ROT,318,1,CENTRO,31,158,0.496,0.6920000000000001
2023,4,ARQUITECTO RIBERA,111,ROT,318,1,CENTRO,30,140,0.439,0.593
2023,5,ARQUITECTO RIBERA,111,ROT,318,1,CENTRO,31,149,0.469,0.648
2023,6,ARQUITECTO RIBERA,111,ROT,318,1,CENTRO,30,152,0.47700000000000004,0.6659999999999999
2023,7,ARQUITECTO RIBERA,111,ROT,318,1,CENTRO,31,119,0.374,0.514
2023,8,ARQUITECTO RIBERA,111,ROT,318,1,CENTRO,31,80,0.252,0.336
2023,9,ARQUITECTO RIBERA,111,ROT,318,1,CENTRO,30,147,0.462,0.647
2023,10,ARQUITECTO RIBERA,111,ROT,318,1,CENTRO,31,149,0.467,0.6629999999999999
2023,11,ARQUITECTO RIBERA,111,ROT,318,1,CENTRO,30,161,0.508,0.713
2023,12,ARQUITECTO RIBERA,111,ROT,318,1,CENTRO,31,166,0.521,0.7190000000000001
2023,1,AVENIDA DE AMÉRICA,519,ROT,265,5,CHAMARTIN,31,114,0.43,0.516
2023,2,AVENIDA DE AMÉRICA,519,ROT,265,5,CHAMARTIN,28,110,0.41600000000000004,0.5
2023,3,AVENIDA DE AMÉRICA,519,ROT,265,5,CHAMARTIN,31,108,0.40700000000000003,0.489
2023,4,AVENIDA DE AMÉRICA,519,ROT,265,5,CHAMARTIN,30,99,0.373,0.45
2023,5,AVENIDA DE AMÉRICA,519,ROT,265,5,CHAMARTIN,31,103,0.391,0.46799999999999997
2023,6,AVENIDA DE AMÉRICA,519,ROT,265,5,CHAMARTIN,30,106,0.4,0.48700000000000004
2023,7,AVENIDA DE AMÉRICA,519,ROT,265,5,CHAMARTIN,31,95,0.358,0.435
2023,8,AVENIDA DE AMÉRICA,519,ROT,265,5,CHAMARTIN,31,75,0.285,0.349
2023,9,AVENIDA DE AMÉRICA,519,ROT,265,5,CHAMARTIN,30,104,0.39399999999999996,0.48
2023,10,AVENIDA DE AMÉRICA,519,ROT,265,5,CHAMARTIN,31,104,0.391,0.47200000000000003
2023,11,AVENIDA DE AMÉRICA,519,ROT,265,5,CHAMARTIN,30,103,0.389,0.47700000000000004
2023,12,AVENIDA DE AMÉRICA,519,ROT,265,5,CHAMARTIN,31,103,0.387,0.467
2023,1,AVENIDA DE PORTUGAL,1022,ROT,428,10,LATINA,31,180,0.42,0.579
2023,2,AVENIDA DE PORTUGAL,1022,ROT,428,10,LATINA,28,163,0.381,0.54
2023,3,AVENIDA DE PORTUGAL,1022,ROT,428,10,LATINA,31,154,0.361,0.501
2023,4,AVENIDA DE PORTUGAL,1022,ROT,428,10,LATINA,27,163,0.38,0.542
2023,5,AVENIDA DE PORTUGAL,1022,ROT,428,10,LATINA,31,168,0.39299999999999996,0.5589999999999999
2023,6,AVENIDA DE PORTUGAL,1022,ROT,428,10,LATINA,30,180,0.42100000000000004,0.604
2023,7,AVENIDA DE PORTUGAL,1022,ROT,428,10,LATINA,31,166,0.387,0.519
2023,8,AVENIDA DE PORTUGAL,1022,ROT,428,10,LATINA,31,110,0.256,0.324
2023,9,AVENIDA DE PORTUGAL,1022,ROT,428,10,LATINA,30,150,0.349,0.48100000000000004
2023,10,AVENIDA DE PORTUGAL,1022,ROT,428,10,LATINA,31,164,0.38299999999999995,0.526
2023,11,AVENIDA DE PORTUGAL,1022,ROT,428,10,LATINA,29,161,0.376,0.521
2023,12,AVENIDA DE PORTUGAL,1022,ROT,428,10,LATINA,31,173,0.40399999999999997,0.53
2023,1,BRASIL,602,ROT,237,6,TETUAN,31,4,0.017,0.03
2023,2,BRASIL,602,ROT,237,6,TETUAN,28,4,0.019,0.033
2023,3,BRASIL,602,ROT,237,6,TETUAN,31,4,0.016,0.027999999999999997
2023,4,BRASIL,602,ROT,237,6,TETUAN,30,3,0.013999999999999999,0.025
2023,5,BRASIL,602,ROT,237,6,TETUAN,31,4,0.015,0.027000000000000003
2023,6,BRASIL,602,ROT,237,6,TETUAN,30,4,0.015,0.027000000000000003
2023,7,BRASIL,602,ROT,237,6,TETUAN,31,2,0.01,0.018000000000000002
2023,8,BRASIL,602,ROT,237,6,TETUAN,31,1,0.005,0.008
2023,9,BRASIL,602,ROT,237,6,TETUAN,30,4,0.016,0.028999999999999998
2023,10,BRASIL,602,ROT,237,6,TETUAN,31,3,0.013999999999999999,0.025
2023,11,BRASIL,602,ROT,237,6,TETUAN,30,4,0.018000000000000002,0.032
2023,12,BRASIL,602,ROT,237,6,TETUAN,31,4,0.015,0.026000000000000002
2023,1,CASINO DE LA REINA,122,ROT,131,1,CENTRO,31,89,0.677,0.769
2023,2,CASINO DE LA REINA,122,ROT,131,1,CENTRO,28,93,0.7120000000000001,0.8140000000000001
2023,3,CASINO DE LA REINA,122,ROT,131,1,CENTRO,31,89,0.682,0.7759999999999999
2023,4,CASINO DE LA REINA,122,ROT,131,1,CENTRO,30,82,0.624,0.7070000000000001
2023,5,CASINO DE LA REINA,122,ROT,131,1,CENTRO,31,82,0.623,0.7040000000000001
2023,6,CASINO DE LA REINA,122,ROT,131,1,CENTRO,30,86,0.654,0.7440000000000001
2023,7,CASINO DE LA REINA,122,ROT,131,1,CENTRO,31,75,0.573,0.6409999999999999
2023,8,CASINO DE LA REINA,122,ROT,131,1,CENTRO,31,63,0.48,0.522
2023,9,CASINO DE LA REINA,122,ROT,131,1,CENTRO,30,78,0.5920000000000001,0.6729999999999999
2023,10,CASINO DE LA REINA,122,ROT,131,1,CENTRO,31,80,0.613,0.693
2023,11,CASINO DE LA REINA,122,ROT,131,1,CENTRO,30,80,0.61,0.6940000000000001
2023,12,CASINO DE LA REINA,122,ROT,131,1,CENTRO,31,82,0.628,0.7120000000000001
2023,1,CONDESA DE GAVIA,607,ROT,146,6,TETUAN,26,1,0.008,0.015
2023,2,CONDESA DE GAVIA,607,ROT,146,6,TETUAN,12,1,0.008,0.015
2023,3,CONDESA DE GAVIA,607,ROT,146,6,TETUAN,26,1,0.008,0.015
2023,4,CONDESA DE GAVIA,607,ROT,146,6,TETUAN,25,1,0.006999999999999999,0.013999999999999999
2023,5,CONDESA DE GAVIA,607,ROT,146,6,TETUAN,30,1,0.006,0.011000000000000001
2023,6,CONDESA DE GAVIA,607,ROT,146,6,TETUAN,29,1,0.005,0.009000000000000001
2023,7,CONDESA DE GAVIA,607,ROT,146,6,TETUAN,29,1,0.005,0.009000000000000001
2023,8,CONDESA DE GAVIA,607,ROT,146,6,TETUAN,29,0,0.003,0.006
2023,9,CONDESA DE GAVIA,607,ROT,146,6,TETUAN,29,1,0.006999999999999999,0.013000000000000001
2023,10,CONDESA DE GAVIA,607,ROT,146,6,TETUAN,29,1,0.006999999999999999,0.013000000000000001
2023,11,CONDESA DE GAVIA,607,ROT,146,6,TETUAN,28,1,0.008,0.013999999999999999
2023,1,CORAZÓN DE MARÍA II,511,ROT,320,5,CHAMARTIN,31,3,0.008,0.015
2023,2,CORAZÓN DE MARÍA II,511,ROT,320,5,CHAMARTIN,28,3,0.009000000000000001,0.016
2023,3,CORAZÓN DE MARÍA II,511,ROT,320,5,CHAMARTIN,31,3,0.008,0.013999999999999999
2023,4,CORAZÓN DE MARÍA II,511,ROT,320,5,CHAMARTIN,29,2,0.006,0.011000000000000001
2023,5,CORAZÓN DE MARÍA II,511,ROT,320,5,CHAMARTIN,31,2,0.008,0.013999999999999999
2023,6,CORAZÓN DE MARÍA II,511,ROT,320,5,CHAMARTIN,30,3,0.008,0.015
2023,7,CORAZÓN DE MARÍA II,511,ROT,320,5,CHAMARTIN,31,2,0.006,0.01
2023,8,CORAZÓN DE MARÍA II,511,ROT,320,5,CHAMARTIN,31,1,0.002,0.004
2023,9,CORAZÓN DE MARÍA II,511,ROT,320,5,CHAMARTIN,30,2,0.006999999999999999,0.013000000000000001
2023,10,CORAZÓN DE MARÍA II,511,ROT,320,5,CHAMARTIN,31,3,0.008,0.013999999999999999
2023,11,CORAZÓN DE MARÍA II,511,ROT,320,5,CHAMARTIN,30,3,0.008,0.015
2023,12,CORAZÓN DE MARÍA II,511,ROT,320,5,CHAMARTIN,31,2,0.008,0.013999999999999999
2023,1,CORONA BOREAL,911,ROT,125,9,MONCLOA-ARAVACA,30,7,0.057,0.113
2023,2,CORONA BOREAL,911,ROT,125,9,MONCLOA-ARAVACA,28,7,0.055,0.10800000000000001
2023,3,CORONA BOREAL,911,ROT,125,9,MONCLOA-ARAVACA,31,8,0.061,0.121
2023,4,CORONA BOREAL,911,ROT,125,9,MONCLOA-ARAVACA,30,7,0.053,0.105
2023,5,CORONA BOREAL,911,ROT,125,9,MONCLOA-ARAVACA,31,8,0.067,0.133
2023,6,CORONA BOREAL,911,ROT,125,9,MONCLOA-ARAVACA,30,9,0.068,0.136
2023,7,CORONA BOREAL,911,ROT,125,9,MONCLOA-ARAVACA,30,7,0.055999999999999994,0.11
2023,8,CORONA BOREAL,911,ROT,125,9,MONCLOA-ARAVACA,31,2,0.015,0.028999999999999998
2023,9,CORONA BOREAL,911,ROT,125,9,MONCLOA-ARAVACA,30,7,0.057999999999999996,0.115
2023,10,CORONA BOREAL,911,ROT,125,9,MONCLOA-ARAVACA,31,7,0.055,0.11
2023,11,CORONA BOREAL,911,ROT,125,9,MONCLOA-ARAVACA,30,7,0.059000000000000004,0.11699999999999999
2023,12,CORONA BOREAL,911,ROT,125,9,MONCLOA-ARAVACA,31,7,0.057999999999999996,0.114
2023,1,DAOÍZ Y VELARDE,319,ROT,235,3,RETIRO,31,108,0.45799999999999996,0.5589999999999999
2023,2,DAOÍZ Y VELARDE,319,ROT,235,3,RETIRO,28,99,0.42,0.519
2023,3,DAOÍZ Y VELARDE,319,ROT,235,3,RETIRO,31,99,0.42100000000000004,0.512
2023,4,DAOÍZ Y VELARDE,319,ROT,235,3,RETIRO,30,93,0.39799999999999996,0.467
2023,5,DAOÍZ Y VELARDE,319,ROT,235,3,RETIRO,31,91,0.389,0.465
2023,6,DAOÍZ Y VELARDE,319,ROT,235,3,RETIRO,30,95,0.40399999999999997,0.493
2023,7,DAOÍZ Y VELARDE,319,ROT,235,3,RETIRO,31,86,0.366,0.431
2023,8,DAOÍZ Y VELARDE,319,ROT,235,3,RETIRO,31,76,0.325,0.35700000000000004
2023,9,DAOÍZ Y VELARDE,319,ROT,235,3,RETIRO,30,103,0.439,0.534
2023,10,DAOÍZ Y VELARDE,319,ROT,235,3,RETIRO,31,106,0.45299999999999996,0.564
2023,11,DAOÍZ Y VELARDE,319,ROT,235,3,RETIRO,30,107,0.456,0.5770000000000001
2023,12,DAOÍZ Y VELARDE,319,ROT,235,3,RETIRO,31,109,0.466,0.5770000000000001
2023,1,DESCALZAS,5003,ROT,400,1,CENTRO,31,102,0.254,0.345
2023,2,DESCALZAS,5003,ROT,400,1,CENTRO,28,91,0.228,0.308
2023,3,DESCALZAS,5003,ROT,400,1,CENTRO,31,90,0.225,0.299
2023,4,DESCALZAS,5003,ROT,400,1,CENTRO,30,91,0.228,0.29600000000000004
2023,5,DESCALZAS,5003,ROT,400,1,CENTRO,31,80,0.2,0.272
2023,6,DESCALZAS,5003,ROT,400,1,CENTRO,30,91,0.228,0.307
2023,7,DESCALZAS,5003,ROT,400,1,CENTRO,31,101,0.253,0.308
2023,8,DESCALZAS,5003,ROT,400,1,CENTRO,31,87,0.217,0.27
2023,9,DESCALZAS,5003,ROT,400,1,CENTRO,30,96,0.24,0.316
2023,10,DESCALZAS,5003,ROT,400,1,CENTRO,31,94,0.235,0.315
2023,11,DESCALZAS,5003,ROT,400,1,CENTRO,30,107,0.26899999999999996,0.366
2023,12,DESCALZAS,5003,ROT,400,1,CENTRO,31,147,0.368,0.515
2023,1,DÍAZ PORLIER,416,ROT,203,4,SALAMANCA,31,101,0.49700000000000005,0.721
2023,2,DÍAZ PORLIER,416,ROT,203,4,SALAMANCA,28,105,0.519,0.759
2023,3,DÍAZ PORLIER,416,ROT,203,4,SALAMANCA,31,104,0.512,0.762
2023,4,DÍAZ PORLIER,416,ROT,203,4,SALAMANCA,30,85,0.42100000000000004,0.613
2023,5,DÍAZ PORLIER,416,ROT,203,4,SALAMANCA,31,97,0.47700000000000004,0.7090000000000001
2023,6,DÍAZ PORLIER,416,ROT,203,4,SALAMANCA,30,98,0.48100000000000004,0.731
2023,7,DÍAZ PORLIER,416,ROT,203,4,SALAMANCA,31,68,0.337,0.509
2023,8,DÍAZ PORLIER,416,ROT,203,4,SALAMANCA,31,39,0.193,0.294
2023,9,DÍAZ PORLIER,416,ROT,203,4,SALAMANCA,30,93,0.456,0.6779999999999999
2023,10,DÍAZ PORLIER,416,ROT,203,4,SALAMANCA,31,99,0.486,0.723
2023,11,DÍAZ PORLIER,416,ROT,203,4,SALAMANCA,30,102,0.502,0.742
2023,12,DÍAZ PORLIER,416,ROT,203,4,SALAMANCA,31,92,0.455,0.653
2023,1,ENCUENTRO,1419,ROT,90,14,MORATALAZ,31,1,0.009000000000000001,0.011000000000000001
2023,2,ENCUENTRO,1419,ROT,90,14,MORATALAZ,28,1,0.006999999999999999,0.009000000000000001
2023,3,ENCUENTRO,1419,ROT,90,14,MORATALAZ,31,1,0.008,0.011000000000000001
2023,4,ENCUENTRO,1419,ROT,90,14,MORATALAZ,30,1,0.006999999999999999,0.009000000000000001
2023,5,ENCUENTRO,1419,ROT,90,14,MORATALAZ,31,1,0.009000000000000001,0.011000000000000001
2023,6,ENCUENTRO,1419,ROT,90,14,MORATALAZ,30,1,0.006999999999999999,0.009000000000000001
2023,7,ENCUENTRO,1419,ROT,90,14,MORATALAZ,30,0,0.004,0.005
2023,8,ENCUENTRO,1419,ROT,90,14,MORATALAZ,31,0,0.003,0.004
2023,9,ENCUENTRO,1419,ROT,90,14,MORATALAZ,30,1,0.006999999999999999,0.009000000000000001
2023,10,ENCUENTRO,1419,ROT,90,14,MORATALAZ,31,1,0.006999999999999999,0.008
2023,11,ENCUENTRO,1419,ROT,90,14,MORATALAZ,30,1,0.006999999999999999,0.009000000000000001
2023,12,ENCUENTRO,1419,ROT,90,14,MORATALAZ,31,1,0.01,0.013999999999999999
2023,1,FELIPE II,422,ROT,1175,4,SALAMANCA,31,116,0.098,0.187
2023,2,FELIPE II,422,ROT,1175,4,SALAMANCA,28,90,0.077,0.145
2023,3,FELIPE II,422,ROT,1175,4,SALAMANCA,31,88,0.075,0.142
2023,4,FELIPE II,422,ROT,1175,4,SALAMANCA,30,79,0.067,0.127
2023,5,FELIPE II,422,ROT,1175,4,SALAMANCA,31,87,0.07400000000000001,0.14
2023,6,FELIPE II,422,ROT,1175,4,SALAMANCA,30,99,0.084,0.156
2023,7,FELIPE II,422,ROT,1175,4,SALAMANCA,31,90,0.077,0.14300000000000002
2023,8,FELIPE II,422,ROT,1175,4,SALAMANCA,31,57,0.049,0.091
2023,9,FELIPE II,422,ROT,1175,4,SALAMANCA,30,85,0.07200000000000001,0.134
2023,10,FELIPE II,422,ROT,1175,4,SALAMANCA,31,93,0.079,0.14800000000000002
2023,11,FELIPE II,422,ROT,1175,4,SALAMANCA,30,107,0.091,0.171
2023,12,FELIPE II,422,ROT,1175,4,SALAMANCA,31,125,0.106,0.198
2023,1,FERNÁNDEZ SHAW,5005,ROT,243,3,RETIRO,31,32,0.133,0.203
2023,2,FERNÁNDEZ SHAW,5005,ROT,243,3,RETIRO,28,62,0.254,0.392
2023,3,FERNÁNDEZ SHAW,5005,ROT,243,3,RETIRO,31,38,0.156,0.24
2023,4,FERNÁNDEZ SHAW,5005,ROT,243,3,RETIRO,30,32,0.133,0.198
2023,5,FERNÁNDEZ SHAW,5005,ROT,243,3,RETIRO,31,36,0.15,0.231
2023,6,FERNÁNDEZ SHAW,5005,ROT,243,3,RETIRO,30,35,0.14300000000000002,0.23199999999999998
2023,7,FERNÁNDEZ SHAW,5005,ROT,243,3,RETIRO,31,29,0.12,0.17300000000000001
2023,8,FERNÁNDEZ SHAW,5005,ROT,243,3,RETIRO,31,21,0.08800000000000001,0.1
2023,9,FERNÁNDEZ SHAW,5005,ROT,243,3,RETIRO,30,37,0.152,0.222
2023,10,FERNÁNDEZ SHAW,5005,ROT,243,3,RETIRO,31,40,0.165,0.257
2023,11,FERNÁNDEZ SHAW,5005,ROT,243,3,RETIRO,30,43,0.177,0.263
2023,12,FERNÁNDEZ SHAW,5005,ROT,243,3,RETIRO,29,25,0.105,0.163
2023,1,FUENCARRAL,714,ROT,300,7,CHAMBERI,31,149,0.49700000000000005,0.648
2023,2,FUENCARRAL,714,ROT,300,7,CHAMBERI,28,151,0.504,0.652
2023,3,FUENCARRAL,714,ROT,300,7,CHAMBERI,31,148,0.49200000000000005,0.618
2023,4,FUENCARRAL,714,ROT,300,7,CHAMBERI,27,141,0.469,0.583
2023,5,FUENCARRAL,714,ROT,300,7,CHAMBERI,31,145,0.48200000000000004,0.611
2023,6,FUENCARRAL,714,ROT,300,7,CHAMBERI,30,160,0.535,0.655
2023,7,FUENCARRAL,714,ROT,300,7,CHAMBERI,31,142,0.474,0.562
2023,8,FUENCARRAL,714,ROT,300,7,CHAMBERI,31,108,0.361,0.414
2023,9,FUENCARRAL,714,ROT,300,7,CHAMBERI,30,147,0.49200000000000005,0.599
2023,10,FUENCARRAL,714,ROT,300,7,CHAMBERI,31,148,0.495,0.609
2023,11,FUENCARRAL,714,ROT,300,7,CHAMBERI,29,162,0.54,0.6729999999999999
2023,12,FUENCARRAL,714,ROT,300,7,CHAMBERI,31,161,0.536,0.6679999999999999
2023,1,HERNANI,617,ROT,115,6,TETUAN,31,57,0.494,0.843
2023,2,HERNANI,617,ROT,115,6,TETUAN,28,68,0.59,1.062
2023,3,HERNANI,617,ROT,115,6,TETUAN,31,49,0.429,0.7559999999999999
2023,4,HERNANI,617,ROT,115,6,TETUAN,30,44,0.381,0.6559999999999999
2023,5,HERNANI,617,ROT,115,6,TETUAN,31,48,0.419,0.73
2023,6,HERNANI,617,ROT,115,6,TETUAN,30,52,0.452,0.7879999999999999
2023,7,HERNANI,617,ROT,115,6,TETUAN,31,43,0.375,0.667
2023,8,HERNANI,617,ROT,115,6,TETUAN,31,19,0.16699999999999998,0.304
2023,9,HERNANI,617,ROT,115,6,TETUAN,30,48,0.413,0.72
2023,10,HERNANI,617,ROT,115,6,TETUAN,31,53,0.462,0.825
2023,11,HERNANI,617,ROT,115,6,TETUAN,30,64,0.557,0.9520000000000001
2023,12,HERNANI,617,ROT,115,6,TETUAN,31,59,0.514,0.848
2023,1,JACINTO BENAVENTE,110,ROT,387,1,CENTRO,31,240,0.621,0.764
2023,2,JACINTO BENAVENTE,110,ROT,387,1,CENTRO,28,235,0.607,0.748
2023,3,JACINTO BENAVENTE,110,ROT,387,1,CENTRO,31,240,0.621,0.746
2023,4,JACINTO BENAVENTE,110,ROT,387,1,CENTRO,27,228,0.59,0.705
2023,5,JACINTO BENAVENTE,110,ROT,387,1,CENTRO,31,217,0.561,0.682
2023,6,JACINTO BENAVENTE,110,ROT,387,1,CENTRO,30,234,0.606,0.721
2023,7,JACINTO BENAVENTE,110,ROT,387,1,CENTRO,31,227,0.5870000000000001,0.682
2023,8,JACINTO BENAVENTE,110,ROT,387,1,CENTRO,31,213,0.55,0.636
2023,9,JACINTO BENAVENTE,110,ROT,387,1,CENTRO,30,227,0.585,0.698
2023,10,JACINTO BENAVENTE,110,ROT,387,1,CENTRO,31,226,0.584,0.7
2023,11,JACINTO BENAVENTE,110,ROT,387,1,CENTRO,29,248,0.64,0.777
2023,12,JACINTO BENAVENTE,110,ROT,387,1,CENTRO,31,270,0.6970000000000001,0.862
2023,1,JOSÉ CASTÁN TOBEÑAS,604,ROT,226,6,TETUAN,31,35,0.157,0.23800000000000002
2023,2,JOSÉ CASTÁN TOBEÑAS,604,ROT,226,6,TETUAN,28,39,0.171,0.266
2023,3,JOSÉ CASTÁN TOBEÑAS,604,ROT,226,6,TETUAN,31,38,0.168,0.257
2023,4,JOSÉ CASTÁN TOBEÑAS,604,ROT,226,6,TETUAN,30,32,0.141,0.213
2023,5,JOSÉ CASTÁN TOBEÑAS,604,ROT,226,6,TETUAN,31,37,0.165,0.258
2023,6,JOSÉ CASTÁN TOBEÑAS,604,ROT,226,6,TETUAN,30,36,0.159,0.261
2023,7,JOSÉ CASTÁN TOBEÑAS,604,ROT,226,6,TETUAN,31,25,0.109,0.182
2023,8,JOSÉ CASTÁN TOBEÑAS,604,ROT,226,6,TETUAN,31,11,0.049,0.065
2023,9,JOSÉ CASTÁN TOBEÑAS,604,ROT,226,6,TETUAN,30,31,0.136,0.217
2023,10,JOSÉ CASTÁN TOBEÑAS,604,ROT,226,6,TETUAN,31,35,0.157,0.253
2023,11,JOSÉ CASTÁN TOBEÑAS,604,ROT,226,6,TETUAN,30,41,0.18100000000000002,0.284
2023,12,JOSÉ CASTÁN TOBEÑAS,604,ROT,226,6,TETUAN,31,38,0.166,0.248
2023,1,LUNA TUDESCOS,5006,ROT,481,1,CENTRO,31,107,0.222,0.32799999999999996
2023,2,LUNA TUDESCOS,5006,ROT,481,1,CENTRO,28,197,0.41,0.53
2023,3,LUNA TUDESCOS,5006,ROT,481,1,CENTRO,31,192,0.39799999999999996,0.519
2023,4,LUNA TUDESCOS,5006,ROT,481,1,CENTRO,30,119,0.247,0.34
2023,5,LUNA TUDESCOS,5006,ROT,481,1,CENTRO,31,121,0.251,0.35100000000000003
2023,6,LUNA TUDESCOS,5006,ROT,481,1,CENTRO,30,106,0.22,0.314
2023,7,LUNA TUDESCOS,5006,ROT,481,1,CENTRO,31,123,0.256,0.342
2023,8,LUNA TUDESCOS,5006,ROT,481,1,CENTRO,31,105,0.218,0.278
2023,9,LUNA TUDESCOS,5006,ROT,481,1,CENTRO,30,205,0.426,0.544
2023,10,LUNA TUDESCOS,5006,ROT,481,1,CENTRO,31,168,0.349,0.45799999999999996
2023,11,LUNA TUDESCOS,5006,ROT,481,1,CENTRO,30,210,0.43700000000000006,0.581
2023,12,LUNA TUDESCOS,5006,ROT,481,1,CENTRO,31,196,0.40700000000000003,0.54
2023,1,MARQUÉS DE SALAMANCA,420,ROT,364,4,SALAMANCA,31,113,0.31,0.43200000000000005
2023,2,MARQUÉS DE SALAMANCA,420,ROT,364,4,SALAMANCA,28,150,0.413,0.556
2023,3,MARQUÉS DE SALAMANCA,420,ROT,364,4,SALAMANCA,31,105,0.287,0.402
2023,4,MARQUÉS DE SALAMANCA,420,ROT,364,4,SALAMANCA,27,85,0.23399999999999999,0.335
2023,5,MARQUÉS DE SALAMANCA,420,ROT,364,4,SALAMANCA,31,76,0.20800000000000002,0.317
2023,6,MARQUÉS DE SALAMANCA,420,ROT,364,4,SALAMANCA,30,94,0.259,0.38299999999999995
2023,7,MARQUÉS DE SALAMANCA,420,ROT,364,4,SALAMANCA,31,128,0.35200000000000004,0.45
2023,8,MARQUÉS DE SALAMANCA,420,ROT,364,4,SALAMANCA,31,56,0.153,0.19399999999999998
2023,9,MARQUÉS DE SALAMANCA,420,ROT,364,4,SALAMANCA,30,227,0.622,0.742
2023,10,MARQUÉS DE SALAMANCA,420,ROT,364,4,SALAMANCA,31,84,0.231,0.344
2023,11,MARQUÉS DE SALAMANCA,420,ROT,364,4,SALAMANCA,29,97,0.267,0.396
2023,12,MARQUÉS DE SALAMANCA,420,ROT,364,4,SALAMANCA,31,92,0.252,0.35100000000000003
2023,1,MARQUÉS DE URQUIJO,5007,ROT,436,9,MONCLOA-ARAVACA,31,57,0.131,0.20800000000000002
2023,2,MARQUÉS DE URQUIJO,5007,ROT,436,9,MONCLOA-ARAVACA,28,51,0.11599999999999999,0.19399999999999998
2023,3,MARQUÉS DE URQUIJO,5007,ROT,436,9,MONCLOA-ARAVACA,31,48,0.111,0.18600000000000003
2023,4,MARQUÉS DE URQUIJO,5007,ROT,436,9,MONCLOA-ARAVACA,30,43,0.098,0.159
2023,5,MARQUÉS DE URQUIJO,5007,ROT,436,9,MONCLOA-ARAVACA,31,46,0.105,0.179
2023,6,MARQUÉS DE URQUIJO,5007,ROT,436,9,MONCLOA-ARAVACA,30,47,0.107,0.17800000000000002
2023,7,MARQUÉS DE URQUIJO,5007,ROT,436,9,MONCLOA-ARAVACA,31,31,0.071,0.114
2023,8,MARQUÉS DE URQUIJO,5007,ROT,436,9,MONCLOA-ARAVACA,31,13,0.031,0.049
2023,9,MARQUÉS DE URQUIJO,5007,ROT,436,9,MONCLOA-ARAVACA,30,43,0.098,0.158
2023,10,MARQUÉS DE URQUIJO,5007,ROT,436,9,MONCLOA-ARAVACA,31,48,0.11,0.18
2023,11,MARQUÉS DE URQUIJO,5007,ROT,436,9,MONCLOA-ARAVACA,30,43,0.1,0.172
2023,12,MARQUÉS DE URQUIJO,5007,ROT,436,9,MONCLOA-ARAVACA,31,61,0.139,0.214
2023,1,MIGUEL YUSTE,2005,ROT,250,20,SAN BLAS-CANILLEJAS,21,3,0.012,0.016
2023,2,MIGUEL YUSTE,2005,ROT,250,20,SAN BLAS-CANILLEJAS,20,3,0.013000000000000001,0.019
2023,3,MIGUEL YUSTE,2005,ROT,250,20,SAN BLAS-CANILLEJAS,23,3,0.012,0.017
2023,4,MIGUEL YUSTE,2005,ROT,250,20,SAN BLAS-CANILLEJAS,18,3,0.011000000000000001,0.015
2023,5,MIGUEL YUSTE,2005,ROT,250,20,SAN BLAS-CANILLEJAS,21,3,0.013000000000000001,0.018000000000000002
2023,6,MIGUEL YUSTE,2005,ROT,250,20,SAN BLAS-CANILLEJAS,22,3,0.012,0.016
2023,7,MIGUEL YUSTE,2005,ROT,250,20,SAN BLAS-CANILLEJAS,21,3,0.01,0.013999999999999999
2023,8,MIGUEL YUSTE,2005,ROT,250,20,SAN BLAS-CANILLEJAS,22,1,0.006,0.005
2023,9,MIGUEL YUSTE,2005,ROT,250,20,SAN BLAS-CANILLEJAS,21,2,0.009000000000000001,0.009000000000000001
2023,10,MIGUEL YUSTE,2005,ROT,250,20,SAN BLAS-CANILLEJAS,21,3,0.012,0.011000000000000001
2023,11,MIGUEL YUSTE,2005,ROT,250,20,SAN BLAS-CANILLEJAS,20,3,0.012,0.01
2023,12,MIGUEL YUSTE,2005,ROT,250,20,SAN BLAS-CANILLEJAS,17,3,0.011000000000000001,0.01
2023,1,MONTALBÁN,5009,ROT,130,3,RETIRO,31,73,0.561,0.821
2023,2,MONTALBÁN,5009,ROT,130,3,RETIRO,28,73,0.561,0.851
2023,3,MONTALBÁN,5009,ROT,130,3,RETIRO,31,71,0.55,0.8190000000000001
2023,4,MONTALBÁN,5009,ROT,130,3,RETIRO,27,69,0.53,0.79
2023,5,MONTALBÁN,5009,ROT,130,3,RETIRO,31,70,0.54,0.805
2023,6,MONTALBÁN,5009,ROT,130,3,RETIRO,30,75,0.574,0.851
2023,7,MONTALBÁN,5009,ROT,130,3,RETIRO,31,67,0.515,0.722
2023,8,MONTALBÁN,5009,ROT,130,3,RETIRO,31,54,0.41600000000000004,0.555
2023,9,MONTALBÁN,5009,ROT,130,3,RETIRO,30,72,0.551,0.8029999999999999
2023,10,MONTALBÁN,5009,ROT,130,3,RETIRO,31,70,0.537,0.795
2023,11,MONTALBÁN,5009,ROT,130,3,RETIRO,29,72,0.55,0.843
2023,12,MONTALBÁN,5009,ROT,130,3,RETIRO,31,81,0.622,0.8959999999999999
2023,1,MOSTENSES,5010,ROT,362,1,CENTRO,31,125,0.34600000000000003,0.418
2023,2,MOSTENSES,5010,ROT,362,1,CENTRO,28,126,0.34700000000000003,0.423
2023,3,MOSTENSES,5010,ROT,362,1,CENTRO,31,153,0.423,0.506
2023,4,MOSTENSES,5010,ROT,362,1,CENTRO,30,148,0.409,0.478
2023,5,MOSTENSES,5010,ROT,362,1,CENTRO,31,172,0.475,0.535
2023,6,MOSTENSES,5010,ROT,362,1,CENTRO,30,181,0.501,0.585
2023,7,MOSTENSES,5010,ROT,362,1,CENTRO,31,151,0.418,0.479
2023,8,MOSTENSES,5010,ROT,362,1,CENTRO,31,130,0.358,0.39899999999999997
2023,9,MOSTENSES,5010,ROT,362,1,CENTRO,30,131,0.36200000000000004,0.426
2023,10,MOSTENSES,5010,ROT,362,1,CENTRO,31,109,0.302,0.359
2023,11,MOSTENSES,5010,ROT,362,1,CENTRO,30,119,0.32899999999999996,0.392
2023,12,MOSTENSES,5010,ROT,362,1,CENTRO,31,163,0.45,0.518
2023,1,MUSEO DE LA CIUDAD,5011,ROT,149,5,CHAMARTIN,31,3,0.019,0.038
2023,2,MUSEO DE LA CIUDAD,5011,ROT,149,5,CHAMARTIN,28,3,0.022000000000000002,0.043
2023,3,MUSEO DE LA CIUDAD,5011,ROT,149,5,CHAMARTIN,31,3,0.018000000000000002,0.035
2023,4,MUSEO DE LA CIUDAD,5011,ROT,149,5,CHAMARTIN,30,2,0.013999999999999999,0.026000000000000002
2023,5,MUSEO DE LA CIUDAD,5011,ROT,149,5,CHAMARTIN,31,2,0.016,0.031
2023,6,MUSEO DE LA CIUDAD,5011,ROT,149,5,CHAMARTIN,30,2,0.016,0.032
2023,7,MUSEO DE LA CIUDAD,5011,ROT,149,5,CHAMARTIN,31,1,0.006,0.012
2023,8,MUSEO DE LA CIUDAD,5011,ROT,149,5,CHAMARTIN,30,0,0.002,0.003
2023,9,MUSEO DE LA CIUDAD,5011,ROT,149,5,CHAMARTIN,30,2,0.011000000000000001,0.02
2023,10,MUSEO DE LA CIUDAD,5011,ROT,149,5,CHAMARTIN,31,2,0.013999999999999999,0.027000000000000003
2023,11,MUSEO DE LA CIUDAD,5011,ROT,149,5,CHAMARTIN,30,3,0.017,0.033
2023,12,MUSEO DE LA CIUDAD,5011,ROT,149,5,CHAMARTIN,31,2,0.016,0.031
2023,1,OLAVIDE,5012,ROT,375,7,CHAMBERI,31,163,0.436,0.52
2023,2,OLAVIDE,5012,ROT,375,7,CHAMBERI,28,167,0.444,0.5329999999999999
2023,3,OLAVIDE,5012,ROT,375,7,CHAMBERI,31,202,0.54,0.621
2023,4,OLAVIDE,5012,ROT,375,7,CHAMBERI,27,195,0.52,0.598
2023,5,OLAVIDE,5012,ROT,375,7,CHAMBERI,31,211,0.563,0.6609999999999999
2023,6,OLAVIDE,5012,ROT,375,7,CHAMBERI,30,217,0.578,0.6659999999999999
2023,7,OLAVIDE,5012,ROT,375,7,CHAMBERI,31,183,0.488,0.551
2023,8,OLAVIDE,5012,ROT,375,7,CHAMBERI,31,144,0.384,0.42700000000000005
2023,9,OLAVIDE,5012,ROT,375,7,CHAMBERI,30,63,0.16899999999999998,0.205
2023,10,OLAVIDE,5012,ROT,375,7,CHAMBERI,31,220,0.586,0.6759999999999999
2023,11,OLAVIDE,5012,ROT,375,7,CHAMBERI,29,223,0.594,0.703
2023,12,OLAVIDE,5012,ROT,375,7,CHAMBERI,31,236,0.63,0.732
2023,1,ORENSE,610,ROT,144,6,TETUAN,31,58,0.4,0.49200000000000005
2023,2,ORENSE,610,ROT,144,6,TETUAN,28,58,0.405,0.511
2023,3,ORENSE,610,ROT,144,6,TETUAN,31,59,0.41,0.509
2023,4,ORENSE,610,ROT,144,6,TETUAN,27,56,0.38799999999999996,0.479
2023,5,ORENSE,610,ROT,144,6,TETUAN,31,58,0.40399999999999997,0.495
2023,6,ORENSE,610,ROT,144,6,TETUAN,30,57,0.397,0.49
2023,7,ORENSE,610,ROT,144,6,TETUAN,31,54,0.377,0.442
2023,8,ORENSE,610,ROT,144,6,TETUAN,31,42,0.294,0.337
2023,9,ORENSE,610,ROT,144,6,TETUAN,30,63,0.44,0.5329999999999999
2023,10,ORENSE,610,ROT,144,6,TETUAN,31,53,0.369,0.46
2023,11,ORENSE,610,ROT,144,6,TETUAN,29,59,0.41,0.506
2023,12,ORENSE,610,ROT,144,6,TETUAN,31,64,0.44299999999999995,0.518
2023,1,PEDRO ZEROLO,101,ROT,113,1,CENTRO,31,79,0.7020000000000001,0.904
2023,2,PEDRO ZEROLO,101,ROT,113,1,CENTRO,28,80,0.705,0.9109999999999999
2023,3,PEDRO ZEROLO,101,ROT,113,1,CENTRO,31,76,0.677,0.863
2023,4,PEDRO ZEROLO,101,ROT,113,1,CENTRO,27,80,0.7090000000000001,0.8809999999999999
2023,5,PEDRO ZEROLO,101,ROT,113,1,CENTRO,31,79,0.698,0.89
2023,6,PEDRO ZEROLO,101,ROT,113,1,CENTRO,30,88,0.7759999999999999,0.899
2023,7,PEDRO ZEROLO,101,ROT,113,1,CENTRO,31,88,0.775,0.92
2023,8,PEDRO ZEROLO,101,ROT,113,1,CENTRO,26,77,0.68,0.797
2023,9,PEDRO ZEROLO,101,ROT,113,1,CENTRO,30,83,0.732,0.904
2023,10,PEDRO ZEROLO,101,ROT,113,1,CENTRO,31,85,0.754,0.9329999999999999
2023,11,PEDRO ZEROLO,101,ROT,113,1,CENTRO,29,81,0.7190000000000001,0.917
2023,12,PEDRO ZEROLO,101,ROT,113,1,CENTRO,31,90,0.7929999999999999,0.973
2023,1,PLAZA DE COLÓN,5001,ROT,612,1,CENTRO,31,263,0.43,0.6409999999999999
2023,2,PLAZA DE COLÓN,5001,ROT,612,1,CENTRO,28,259,0.423,0.644
2023,3,PLAZA DE COLÓN,5001,ROT,612,1,CENTRO,31,251,0.41,0.628
2023,4,PLAZA DE COLÓN,5001,ROT,612,1,CENTRO,30,230,0.376,0.557
2023,5,PLAZA DE COLÓN,5001,ROT,612,1,CENTRO,31,252,0.41100000000000003,0.616
2023,6,PLAZA DE COLÓN,5001,ROT,612,1,CENTRO,30,262,0.42700000000000005,0.644
2023,7,PLAZA DE COLÓN,5001,ROT,612,1,CENTRO,31,220,0.359,0.524
2023,8,PLAZA DE COLÓN,5001,ROT,612,1,CENTRO,31,147,0.24100000000000002,0.315
2023,9,PLAZA DE COLÓN,5001,ROT,612,1,CENTRO,30,258,0.42200000000000004,0.63
2023,10,PLAZA DE COLÓN,5001,ROT,612,1,CENTRO,31,272,0.444,0.66
2023,11,PLAZA DE COLÓN,5001,ROT,612,1,CENTRO,30,286,0.467,0.7
2023,12,PLAZA DE COLÓN,5001,ROT,612,1,CENTRO,31,306,0.499,0.728
2023,1,PLAZA DE ESPAÑA,5004,ROT,824,1,CENTRO,31,530,0.643,0.78
2023,2,PLAZA DE ESPAÑA,5004,ROT,824,1,CENTRO,28,511,0.621,0.7509999999999999
2023,3,PLAZA DE ESPAÑA,5004,ROT,824,1,CENTRO,31,523,0.635,0.747
2023,4,PLAZA DE ESPAÑA,5004,ROT,824,1,CENTRO,27,521,0.632,0.747
2023,5,PLAZA DE ESPAÑA,5004,ROT,824,1,CENTRO,31,526,0.638,0.763
2023,6,PLAZA DE ESPAÑA,5004,ROT,824,1,CENTRO,30,541,0.657,0.77
2023,7,PLAZA DE ESPAÑA,5004,ROT,824,1,CENTRO,31,518,0.629,0.7070000000000001
2023,8,PLAZA DE ESPAÑA,5004,ROT,824,1,CENTRO,31,494,0.599,0.6659999999999999
2023,9,PLAZA DE ESPAÑA,5004,ROT,824,1,CENTRO,30,553,0.6709999999999999,0.7809999999999999
2023,10,PLAZA DE ESPAÑA,5004,ROT,824,1,CENTRO,31,542,0.657,0.7809999999999999
2023,11,PLAZA DE ESPAÑA,5004,ROT,824,1,CENTRO,29,542,0.6579999999999999,0.7959999999999999
2023,12,PLAZA DE ESPAÑA,5004,ROT,824,1,CENTRO,31,595,0.722,0.884
2023,1,PLAZA DE LAS CORTES,5002,ROT,480,1,CENTRO,31,210,0.43700000000000006,0.6459999999999999
2023,2,PLAZA DE LAS CORTES,5002,ROT,480,1,CENTRO,28,214,0.445,0.667
2023,3,PLAZA DE LAS CORTES,5002,ROT,480,1,CENTRO,31,206,0.428,0.644
2023,4,PLAZA DE LAS CORTES,5002,ROT,480,1,CENTRO,30,188,0.391,0.574
2023,5,PLAZA DE LAS CORTES,5002,ROT,480,1,CENTRO,31,183,0.382,0.5770000000000001
2023,6,PLAZA DE LAS CORTES,5002,ROT,480,1,CENTRO,30,196,0.409,0.613
2023,7,PLAZA DE LAS CORTES,5002,ROT,480,1,CENTRO,31,144,0.301,0.43
2023,8,PLAZA DE LAS CORTES,5002,ROT,480,1,CENTRO,31,126,0.262,0.34700000000000003
2023,9,PLAZA DE LAS CORTES,5002,ROT,480,1,CENTRO,30,185,0.386,0.564
2023,10,PLAZA DE LAS CORTES,5002,ROT,480,1,CENTRO,31,193,0.402,0.59
2023,11,PLAZA DE LAS CORTES,5002,ROT,480,1,CENTRO,30,180,0.376,0.564
2023,12,PLAZA DE LAS CORTES,5002,ROT,480,1,CENTRO,12,70,0.146,0.21
2023,1,PLAZA DE ORIENTE,107,ROT,212,1,CENTRO,31,21,0.10099999999999999,0.191
2023,2,PLAZA DE ORIENTE,107,ROT,212,1,CENTRO,28,23,0.109,0.20600000000000002
2023,3,PLAZA DE ORIENTE,107,ROT,212,1,CENTRO,31,24,0.113,0.214
2023,4,PLAZA DE ORIENTE,107,ROT,212,1,CENTRO,30,23,0.109,0.204
2023,5,PLAZA DE ORIENTE,107,ROT,212,1,CENTRO,31,24,0.113,0.213
2023,6,PLAZA DE ORIENTE,107,ROT,212,1,CENTRO,30,24,0.114,0.21100000000000002
2023,7,PLAZA DE ORIENTE,107,ROT,212,1,CENTRO,31,23,0.11,0.203
2023,8,PLAZA DE ORIENTE,107,ROT,212,1,CENTRO,31,20,0.09699999999999999,0.182
2023,9,PLAZA DE ORIENTE,107,ROT,212,1,CENTRO,30,22,0.10300000000000001,0.19399999999999998
2023,10,PLAZA DE ORIENTE,107,ROT,212,1,CENTRO,31,24,0.113,0.212
2023,11,PLAZA DE ORIENTE,107,ROT,212,1,CENTRO,30,26,0.121,0.22899999999999998
2023,12,PLAZA DE ORIENTE,107,ROT,212,1,CENTRO,31,27,0.127,0.23800000000000002
2023,1,PLAZA DE SANTA ANA,5018,ROT,328,1,CENTRO,31,149,0.456,0.555
2023,2,PLAZA DE SANTA ANA,5018,ROT,328,1,CENTRO,28,134,0.41,0.512
2023,3,PLAZA DE SANTA ANA,5018,ROT,328,1,CENTRO,31,184,0.562,0.679
2023,4,PLAZA DE SANTA ANA,5018,ROT,328,1,CENTRO,30,185,0.565,0.6729999999999999
2023,5,PLAZA DE SANTA ANA,5018,ROT,328,1,CENTRO,31,128,0.391,0.49200000000000005
2023,6,PLAZA DE SANTA ANA,5018,ROT,328,1,CENTRO,30,149,0.45299999999999996,0.536
2023,7,PLAZA DE SANTA ANA,5018,ROT,328,1,CENTRO,31,121,0.37,0.434
2023,8,PLAZA DE SANTA ANA,5018,ROT,328,1,CENTRO,31,145,0.442,0.493
2023,9,PLAZA DE SANTA ANA,5018,ROT,328,1,CENTRO,30,136,0.41600000000000004,0.5
2023,10,PLAZA DE SANTA ANA,5018,ROT,328,1,CENTRO,31,174,0.532,0.512
2023,11,PLAZA DE SANTA ANA,5018,ROT,328,1,CENTRO,30,208,0.634,0.7559999999999999
2023,12,PLAZA DE SANTA ANA,5018,ROT,328,1,CENTRO,31,176,0.5379999999999999,0.665
2023,1,PLAZA DE SANTO DOMINGO,105,ROT,333,1,CENTRO,20,7,0.021,0.036000000000000004
2023,2,PLAZA DE SANTO DOMINGO,105,ROT,333,1,CENTRO,28,7,0.021,0.035
2023,3,PLAZA DE SANTO DOMINGO,105,ROT,333,1,CENTRO,31,7,0.021,0.035
2023,4,PLAZA DE SANTO DOMINGO,105,ROT,333,1,CENTRO,30,7,0.021,0.036000000000000004
2023,5,PLAZA DE SANTO DOMINGO,105,ROT,333,1,CENTRO,29,7,0.02,0.034
2023,6,PLAZA DE SANTO DOMINGO,105,ROT,333,1,CENTRO,30,8,0.025,0.042
2023,7,PLAZA DE SANTO DOMINGO,105,ROT,333,1,CENTRO,31,8,0.023,0.038
2023,8,PLAZA DE SANTO DOMINGO,105,ROT,333,1,CENTRO,31,6,0.019,0.032
2023,9,PLAZA DE SANTO DOMINGO,105,ROT,333,1,CENTRO,30,10,0.031,0.052000000000000005
2023,10,PLAZA DE SANTO DOMINGO,105,ROT,333,1,CENTRO,31,11,0.034,0.059000000000000004
2023,11,PLAZA DE SANTO DOMINGO,105,ROT,333,1,CENTRO,30,13,0.038,0.067
2023,12,PLAZA DE SANTO DOMINGO,105,ROT,333,1,CENTRO,31,16,0.048,0.085
2023,1,PLAZA DEL REY,5014,ROT,155,1,CENTRO,31,7,0.048,0.08199999999999999
2023,2,PLAZA DEL REY,5014,ROT,155,1,CENTRO,28,8,0.052000000000000005,0.09
2023,3,PLAZA DEL REY,5014,ROT,155,1,CENTRO,31,8,0.051,0.086
2023,4,PLAZA DEL REY,5014,ROT,155,1,CENTRO,30,7,0.043,0.075
2023,5,PLAZA DEL REY,5014,ROT,155,1,CENTRO,31,7,0.045,0.076
2023,6,PLAZA DEL REY,5014,ROT,155,1,CENTRO,30,7,0.047,0.08
2023,7,PLAZA DEL REY,5014,ROT,155,1,CENTRO,31,6,0.037000000000000005,0.061
2023,8,PLAZA DEL REY,5014,ROT,155,1,CENTRO,31,4,0.026000000000000002,0.042
2023,9,PLAZA DEL REY,5014,ROT,155,1,CENTRO,30,8,0.05,0.085
2023,10,PLAZA DEL REY,5014,ROT,155,1,CENTRO,31,8,0.052000000000000005,0.08800000000000001
2023,11,PLAZA DEL REY,5014,ROT,155,1,CENTRO,30,9,0.057,0.09699999999999999
2023,12,PLAZA DEL REY,5014,ROT,155,1,CENTRO,31,7,0.047,0.08199999999999999
2023,1,PLAZA MAYOR,5008,ROT,690,1,CENTRO,31,422,0.612,0.747
2023,2,PLAZA MAYOR,5008,ROT,690,1,CENTRO,28,385,0.5589999999999999,0.679
2023,3,PLAZA MAYOR,5008,ROT,690,1,CENTRO,31,394,0.5710000000000001,0.6809999999999999
2023,4,PLAZA MAYOR,5008,ROT,690,1,CENTRO,27,393,0.57,0.6759999999999999
2023,5,PLAZA MAYOR,5008,ROT,690,1,CENTRO,31,394,0.5710000000000001,0.691
2023,6,PLAZA MAYOR,5008,ROT,690,1,CENTRO,30,404,0.585,0.69
2023,7,PLAZA MAYOR,5008,ROT,690,1,CENTRO,31,391,0.5670000000000001,0.6559999999999999
2023,8,PLAZA MAYOR,5008,ROT,690,1,CENTRO,31,396,0.574,0.6579999999999999
2023,9,PLAZA MAYOR,5008,ROT,690,1,CENTRO,30,400,0.58,0.684
2023,10,PLAZA MAYOR,5008,ROT,690,1,CENTRO,31,397,0.575,0.6829999999999999
2023,11,PLAZA MAYOR,5008,ROT,690,1,CENTRO,29,405,0.5870000000000001,0.718
2023,12,PLAZA MAYOR,5008,ROT,690,1,CENTRO,31,473,0.685,0.843
2023,1,PRESIDENTE CARMONA,618,ROT,127,6,TETUAN,31,8,0.061,0.076
2023,2,PRESIDENTE CARMONA,618,ROT,127,6,TETUAN,28,8,0.059000000000000004,0.073
2023,3,PRESIDENTE CARMONA,618,ROT,127,6,TETUAN,31,7,0.059000000000000004,0.07400000000000001
2023,4,PRESIDENTE CARMONA,618,ROT,127,6,TETUAN,30,8,0.062,0.079
2023,5,PRESIDENTE CARMONA,618,ROT,127,6,TETUAN,31,7,0.059000000000000004,0.073
2023,6,PRESIDENTE CARMONA,618,ROT,127,6,TETUAN,30,8,0.06,0.073
2023,7,PRESIDENTE CARMONA,618,ROT,127,6,TETUAN,31,7,0.057999999999999996,0.07
2023,8,PRESIDENTE CARMONA,618,ROT,127,6,TETUAN,31,4,0.031,0.038
2023,9,PRESIDENTE CARMONA,618,ROT,127,6,TETUAN,30,8,0.059000000000000004,0.067
2023,10,PRESIDENTE CARMONA,618,ROT,127,6,TETUAN,31,8,0.062,0.073
2023,11,PRESIDENTE CARMONA,618,ROT,127,6,TETUAN,30,9,0.069,0.081
2023,12,PRESIDENTE CARMONA,618,ROT,127,6,TETUAN,31,9,0.071,0.084
2023,1,PRíNCIPE DE VERGARA (AUDITORIO),5015,ROT,366,5,CHAMARTIN,31,7,0.019,0.038
2023,2,PRíNCIPE DE VERGARA (AUDITORIO),5015,ROT,366,5,CHAMARTIN,28,8,0.022000000000000002,0.043
2023,3,PRíNCIPE DE VERGARA (AUDITORIO),5015,ROT,366,5,CHAMARTIN,31,7,0.019,0.037000000000000005
2023,4,PRíNCIPE DE VERGARA (AUDITORIO),5015,ROT,366,5,CHAMARTIN,30,5,0.013999999999999999,0.025
2023,5,PRíNCIPE DE VERGARA (AUDITORIO),5015,ROT,366,5,CHAMARTIN,31,6,0.017,0.032
2023,6,PRíNCIPE DE VERGARA (AUDITORIO),5015,ROT,366,5,CHAMARTIN,30,6,0.016,0.03
2023,7,PRíNCIPE DE VERGARA (AUDITORIO),5015,ROT,366,5,CHAMARTIN,31,2,0.005,0.01
2023,8,PRíNCIPE DE VERGARA (AUDITORIO),5015,ROT,366,5,CHAMARTIN,28,0,0.001,0.002
2023,9,PRíNCIPE DE VERGARA (AUDITORIO),5015,ROT,366,5,CHAMARTIN,30,4,0.01,0.017
2023,10,PRíNCIPE DE VERGARA (AUDITORIO),5015,ROT,366,5,CHAMARTIN,31,5,0.015,0.027999999999999997
2023,11,PRíNCIPE DE VERGARA (AUDITORIO),5015,ROT,366,5,CHAMARTIN,30,8,0.023,0.043
2023,12,PRíNCIPE DE VERGARA (AUDITORIO),5015,ROT,366,5,CHAMARTIN,31,8,0.023,0.040999999999999995
2023,1,PUERTA DE TOLEDO,5016,ROT,240,1,CENTRO,31,20,0.08199999999999999,0.136
2023,2,PUERTA DE TOLEDO,5016,ROT,240,1,CENTRO,28,22,0.09300000000000001,0.154
2023,3,PUERTA DE TOLEDO,5016,ROT,240,1,CENTRO,31,23,0.095,0.14800000000000002
2023,4,PUERTA DE TOLEDO,5016,ROT,240,1,CENTRO,30,18,0.077,0.126
2023,5,PUERTA DE TOLEDO,5016,ROT,240,1,CENTRO,31,18,0.075,0.12300000000000001
2023,6,PUERTA DE TOLEDO,5016,ROT,240,1,CENTRO,30,17,0.07,0.11699999999999999
2023,7,PUERTA DE TOLEDO,5016,ROT,240,1,CENTRO,31,14,0.059000000000000004,0.099
2023,8,PUERTA DE TOLEDO,5016,ROT,240,1,CENTRO,31,10,0.040999999999999995,0.065
2023,9,PUERTA DE TOLEDO,5016,ROT,240,1,CENTRO,30,17,0.07,0.11800000000000001
2023,10,PUERTA DE TOLEDO,5016,ROT,240,1,CENTRO,31,20,0.084,0.139
2023,11,PUERTA DE TOLEDO,5016,ROT,240,1,CENTRO,30,19,0.081,0.135
2023,12,PUERTA DE TOLEDO,5016,ROT,240,1,CENTRO,31,19,0.078,0.126
2023,1,REPÚBLICA DOMINICANA,512,ROT,210,5,CHAMARTIN,31,15,0.07,0.11
2023,2,REPÚBLICA DOMINICANA,512,ROT,210,5,CHAMARTIN,28,18,0.085,0.134
2023,3,REPÚBLICA DOMINICANA,512,ROT,210,5,CHAMARTIN,31,19,0.092,0.135
2023,4,REPÚBLICA DOMINICANA,512,ROT,210,5,CHAMARTIN,30,13,0.062,0.092
2023,5,REPÚBLICA DOMINICANA,512,ROT,210,5,CHAMARTIN,31,16,0.076,0.106
2023,6,REPÚBLICA DOMINICANA,512,ROT,210,5,CHAMARTIN,30,16,0.076,0.115
2023,7,REPÚBLICA DOMINICANA,512,ROT,210,5,CHAMARTIN,31,12,0.057999999999999996,0.087
2023,8,REPÚBLICA DOMINICANA,512,ROT,210,5,CHAMARTIN,31,6,0.027999999999999997,0.04
2023,9,REPÚBLICA DOMINICANA,512,ROT,210,5,CHAMARTIN,30,15,0.071,0.111
2023,10,REPÚBLICA DOMINICANA,512,ROT,210,5,CHAMARTIN,31,15,0.07200000000000001,0.111
2023,11,REPÚBLICA DOMINICANA,512,ROT,210,5,CHAMARTIN,30,19,0.091,0.136
2023,12,REPÚBLICA DOMINICANA,512,ROT,210,5,CHAMARTIN,31,19,0.092,0.134
2023,1,REYES MAGOS,311,ROT,356,3,RETIRO,31,4,0.011000000000000001,0.001
2023,2,REYES MAGOS,311,ROT,356,3,RETIRO,28,4,0.012,0.001
2023,3,REYES MAGOS,311,ROT,356,3,RETIRO,31,4,0.012,0.001
2023,4,REYES MAGOS,311,ROT,356,3,RETIRO,30,4,0.01,0.001
2023,5,REYES MAGOS,311,ROT,356,3,RETIRO,31,5,0.013000000000000001,0.001
2023,6,REYES MAGOS,311,ROT,356,3,RETIRO,30,7,0.019,0.001
2023,7,REYES MAGOS,311,ROT,356,3,RETIRO,31,3,0.008,0.001
2023,8,REYES MAGOS,311,ROT,356,3,RETIRO,31,1,0.004,0.0
2023,1,SAN CAYETANO,427,ROT,222,4,SALAMANCA,31,5,0.023,0.043
2023,2,SAN CAYETANO,427,ROT,222,4,SALAMANCA,28,6,0.026000000000000002,0.048
2023,3,SAN CAYETANO,427,ROT,222,4,SALAMANCA,31,6,0.026000000000000002,0.048
2023,4,SAN CAYETANO,427,ROT,222,4,SALAMANCA,30,5,0.021,0.039
2023,5,SAN CAYETANO,427,ROT,222,4,SALAMANCA,31,7,0.032,0.06
2023,6,SAN CAYETANO,427,ROT,222,4,SALAMANCA,30,6,0.027999999999999997,0.053
2023,7,SAN CAYETANO,427,ROT,222,4,SALAMANCA,31,3,0.015,0.027999999999999997
2023,8,SAN CAYETANO,427,ROT,222,4,SALAMANCA,31,2,0.008,0.013999999999999999
2023,9,SAN CAYETANO,427,ROT,222,4,SALAMANCA,30,5,0.022000000000000002,0.040999999999999995
2023,10,SAN CAYETANO,427,ROT,222,4,SALAMANCA,31,5,0.024,0.045
2023,11,SAN CAYETANO,427,ROT,222,4,SALAMANCA,30,5,0.024,0.043
2023,12,SAN CAYETANO,427,ROT,222,4,SALAMANCA,31,4,0.02,0.037000000000000005
2023,1,SAN GERMÁN II,613,ROT,419,6,TETUAN,31,29,0.069,0.083
2023,2,SAN GERMÁN II,613,ROT,419,6,TETUAN,28,33,0.079,0.098
2023,3,SAN GERMÁN II,613,ROT,419,6,TETUAN,31,27,0.065,0.083
2023,4,SAN GERMÁN II,613,ROT,419,6,TETUAN,30,31,0.075,0.084
2023,5,SAN GERMÁN II,613,ROT,419,6,TETUAN,31,23,0.055999999999999994,0.073
2023,6,SAN GERMÁN II,613,ROT,419,6,TETUAN,30,20,0.048,0.077
2023,7,SAN GERMÁN II,613,ROT,419,6,TETUAN,31,13,0.031,0.049
2023,8,SAN GERMÁN II,613,ROT,419,6,TETUAN,31,8,0.018000000000000002,0.026000000000000002
2023,9,SAN GERMÁN II,613,ROT,419,6,TETUAN,30,24,0.057999999999999996,0.08199999999999999
2023,10,SAN GERMÁN II,613,ROT,419,6,TETUAN,31,20,0.047,0.07400000000000001
2023,11,SAN GERMÁN II,613,ROT,419,6,TETUAN,30,32,0.077,0.092
2023,12,SAN GERMÁN II,613,ROT,419,6,TETUAN,31,29,0.069,0.08900000000000001
2023,1,SÁNCHEZ BUSTILLO,104,ROT,132,1,CENTRO,31,19,0.14400000000000002,0.22899999999999998
2023,2,SÁNCHEZ BUSTILLO,104,ROT,132,1,CENTRO,28,19,0.14300000000000002,0.228
2023,3,SÁNCHEZ BUSTILLO,104,ROT,132,1,CENTRO,31,19,0.145,0.22899999999999998
2023,4,SÁNCHEZ BUSTILLO,104,ROT,132,1,CENTRO,30,16,0.12300000000000001,0.191
2023,5,SÁNCHEZ BUSTILLO,104,ROT,132,1,CENTRO,31,18,0.13699999999999998,0.218
2023,6,SÁNCHEZ BUSTILLO,104,ROT,132,1,CENTRO,30,19,0.14300000000000002,0.22399999999999998
2023,7,SÁNCHEZ BUSTILLO,104,ROT,132,1,CENTRO,31,15,0.11,0.166
2023,8,SÁNCHEZ BUSTILLO,104,ROT,132,1,CENTRO,31,10,0.077,0.11199999999999999
2023,9,SÁNCHEZ BUSTILLO,104,ROT,132,1,CENTRO,30,18,0.133,0.207
2023,10,SÁNCHEZ BUSTILLO,104,ROT,132,1,CENTRO,31,19,0.145,0.23
2023,11,SÁNCHEZ BUSTILLO,104,ROT,132,1,CENTRO,30,20,0.153,0.243
2023,12,SÁNCHEZ BUSTILLO,104,ROT,132,1,CENTRO,31,20,0.14800000000000002,0.22899999999999998
2023,1,SERRANO I,432,ROT,307,4,SALAMANCA,31,77,0.252,0.442
2023,2,SERRANO I,432,ROT,307,4,SALAMANCA,28,78,0.254,0.45399999999999996
2023,3,SERRANO I,432,ROT,307,4,SALAMANCA,31,81,0.263,0.475
2023,4,SERRANO I,432,ROT,307,4,SALAMANCA,30,73,0.239,0.41700000000000004
2023,5,SERRANO I,432,ROT,307,4,SALAMANCA,27,80,0.26,0.467
2023,6,SERRANO I,432,ROT,307,4,SALAMANCA,30,76,0.248,0.44
2023,7,SERRANO I,432,ROT,307,4,SALAMANCA,31,52,0.168,0.303
2023,8,SERRANO I,432,ROT,307,4,SALAMANCA,31,43,0.141,0.19399999999999998
2023,9,SERRANO I,432,ROT,307,4,SALAMANCA,30,93,0.302,0.469
2023,10,SERRANO I,432,ROT,307,4,SALAMANCA,31,96,0.312,0.491
2023,11,SERRANO I,432,ROT,307,4,SALAMANCA,30,109,0.355,0.546
2023,12,SERRANO I,432,ROT,307,4,SALAMANCA,31,96,0.313,0.462
2023,1,SERRANO II,433,ROT,379,4,SALAMANCA,31,91,0.24,0.447
2023,2,SERRANO II,433,ROT,379,4,SALAMANCA,28,95,0.25,0.46
2023,3,SERRANO II,433,ROT,379,4,SALAMANCA,31,92,0.243,0.418
2023,4,SERRANO II,433,ROT,379,4,SALAMANCA,30,77,0.203,0.371
2023,5,SERRANO II,433,ROT,379,4,SALAMANCA,27,88,0.233,0.435
2023,6,SERRANO II,433,ROT,379,4,SALAMANCA,30,90,0.23800000000000002,0.449
2023,7,SERRANO II,433,ROT,379,4,SALAMANCA,31,69,0.18100000000000002,0.341
2023,8,SERRANO II,433,ROT,379,4,SALAMANCA,31,57,0.152,0.23600000000000002
2023,9,SERRANO II,433,ROT,379,4,SALAMANCA,30,111,0.292,0.489
2023,10,SERRANO II,433,ROT,379,4,SALAMANCA,31,117,0.308,0.515
2023,11,SERRANO II,433,ROT,379,4,SALAMANCA,30,127,0.33399999999999996,0.561
2023,12,SERRANO II,433,ROT,379,4,SALAMANCA,31,122,0.322,0.514
2023,1,SERRANO III,434,ROT,261,4,SALAMANCA,31,87,0.33299999999999996,0.584
2023,2,SERRANO III,434,ROT,261,4,SALAMANCA,28,90,0.345,0.6
2023,3,SERRANO III,434,ROT,261,4,SALAMANCA,31,87,0.33399999999999996,0.59
2023,4,SERRANO III,434,ROT,261,4,SALAMANCA,30,86,0.331,0.573
2023,5,SERRANO III,434,ROT,261,4,SALAMANCA,26,86,0.331,0.583
2023,6,SERRANO III,434,ROT,261,4,SALAMANCA,30,90,0.344,0.589
2023,7,SERRANO III,434,ROT,261,4,SALAMANCA,31,43,0.165,0.281
2023,8,SERRANO III,434,ROT,261,4,SALAMANCA,31,46,0.175,0.256
2023,9,SERRANO III,434,ROT,261,4,SALAMANCA,30,110,0.42,0.66
2023,10,SERRANO III,434,ROT,261,4,SALAMANCA,31,114,0.43799999999999994,0.691
2023,11,SERRANO III,434,ROT,261,4,SALAMANCA,30,121,0.46299999999999997,0.732
2023,12,SERRANO III,434,ROT,261,4,SALAMANCA,31,129,0.493,0.74
2023,1,SEVILLA,114,ROT,393,1,CENTRO,31,36,0.09300000000000001,0.166
2023,2,SEVILLA,114,ROT,393,1,CENTRO,28,38,0.09699999999999999,0.174
2023,3,SEVILLA,114,ROT,393,1,CENTRO,31,39,0.099,0.17600000000000002
2023,4,SEVILLA,114,ROT,393,1,CENTRO,30,34,0.086,0.151
2023,5,SEVILLA,114,ROT,393,1,CENTRO,31,35,0.08800000000000001,0.154
2023,6,SEVILLA,114,ROT,393,1,CENTRO,30,39,0.099,0.172
2023,7,SEVILLA,114,ROT,393,1,CENTRO,31,27,0.068,0.11599999999999999
2023,8,SEVILLA,114,ROT,393,1,CENTRO,31,27,0.069,0.11699999999999999
2023,9,SEVILLA,114,ROT,393,1,CENTRO,30,38,0.09699999999999999,0.172
2023,10,SEVILLA,114,ROT,393,1,CENTRO,31,39,0.098,0.17300000000000001
2023,11,SEVILLA,114,ROT,393,1,CENTRO,30,38,0.098,0.172
2023,12,SEVILLA,114,ROT,393,1,CENTRO,31,43,0.109,0.19
2023,1,VELÁZQUEZ AYALA,424,ROT,444,4,SALAMANCA,31,162,0.365,0.5720000000000001
2023,2,VELÁZQUEZ AYALA,424,ROT,444,4,SALAMANCA,28,168,0.379,0.5870000000000001
2023,3,VELÁZQUEZ AYALA,424,ROT,444,4,SALAMANCA,31,163,0.366,0.578
2023,4,VELÁZQUEZ AYALA,424,ROT,444,4,SALAMANCA,30,135,0.304,0.473
2023,5,VELÁZQUEZ AYALA,424,ROT,444,4,SALAMANCA,31,155,0.35,0.55
2023,6,VELÁZQUEZ AYALA,424,ROT,444,4,SALAMANCA,30,167,0.376,0.591
2023,7,VELÁZQUEZ AYALA,424,ROT,444,4,SALAMANCA,31,131,0.295,0.45299999999999996
2023,8,VELÁZQUEZ AYALA,424,ROT,444,4,SALAMANCA,31,70,0.158,0.22699999999999998
2023,9,VELÁZQUEZ AYALA,424,ROT,444,4,SALAMANCA,30,161,0.364,0.561
2023,10,VELÁZQUEZ AYALA,424,ROT,444,4,SALAMANCA,31,154,0.348,0.5539999999999999
2023,11,VELÁZQUEZ AYALA,424,ROT,444,4,SALAMANCA,30,159,0.35700000000000004,0.561
2023,12,VELÁZQUEZ AYALA,424,ROT,444,4,SALAMANCA,31,153,0.345,0.515
2023,1,VELÁZQUEZ JORGE JUAN,423,ROT,547,4,SALAMANCA,31,194,0.355,0.539
2023,2,VELÁZQUEZ JORGE JUAN,423,ROT,547,4,SALAMANCA,28,200,0.36700000000000005,0.561
2023,3,VELÁZQUEZ JORGE JUAN,423,ROT,547,4,SALAMANCA,31,204,0.373,0.57
2023,4,VELÁZQUEZ JORGE JUAN,423,ROT,547,4,SALAMANCA,30,171,0.312,0.465
2023,5,VELÁZQUEZ JORGE JUAN,423,ROT,547,4,SALAMANCA,31,211,0.385,0.5760000000000001
2023,6,VELÁZQUEZ JORGE JUAN,423,ROT,547,4,SALAMANCA,30,211,0.387,0.584
2023,7,VELÁZQUEZ JORGE JUAN,423,ROT,547,4,SALAMANCA,31,147,0.26899999999999996,0.39399999999999996
2023,8,VELÁZQUEZ JORGE JUAN,423,ROT,547,4,SALAMANCA,31,76,0.138,0.193
2023,9,VELÁZQUEZ JORGE JUAN,423,ROT,547,4,SALAMANCA,30,193,0.353,0.527
2023,10,VELÁZQUEZ JORGE JUAN,423,ROT,547,4,SALAMANCA,31,208,0.381,0.56
2023,11,VELÁZQUEZ JORGE JUAN,423,ROT,547,4,SALAMANCA,30,225,0.41100000000000003,0.598
2023,12,VELÁZQUEZ JORGE JUAN,423,ROT,547,4,SALAMANCA,31,229,0.419,0.583
2023,1,VELÁZQUEZ JUAN BRAVO,5019,ROT,360,4,SALAMANCA,31,75,0.20800000000000002,0.34600000000000003
2023,2,VELÁZQUEZ JUAN BRAVO,5019,ROT,360,4,SALAMANCA,28,73,0.20199999999999999,0.33799999999999997
2023,3,VELÁZQUEZ JUAN BRAVO,5019,ROT,360,4,SALAMANCA,31,75,0.20800000000000002,0.35100000000000003
2023,4,VELÁZQUEZ JUAN BRAVO,5019,ROT,360,4,SALAMANCA,30,70,0.195,0.326
2023,5,VELÁZQUEZ JUAN BRAVO,5019,ROT,360,4,SALAMANCA,31,83,0.231,0.39
2023,6,VELÁZQUEZ JUAN BRAVO,5019,ROT,360,4,SALAMANCA,30,88,0.244,0.415
2023,7,VELÁZQUEZ JUAN BRAVO,5019,ROT,360,4,SALAMANCA,31,67,0.185,0.304
2023,8,VELÁZQUEZ JUAN BRAVO,5019,ROT,360,4,SALAMANCA,31,35,0.098,0.134
2023,9,VELÁZQUEZ JUAN BRAVO,5019,ROT,360,4,SALAMANCA,30,82,0.22699999999999998,0.381
2023,10,VELÁZQUEZ JUAN BRAVO,5019,ROT,360,4,SALAMANCA,31,79,0.22,0.373
2023,11,VELÁZQUEZ JUAN BRAVO,5019,ROT,360,4,SALAMANCA,30,88,0.244,0.415
2023,12,VELÁZQUEZ JUAN BRAVO,5019,ROT,360,4,SALAMANCA,31,71,0.198,0.324
2023,1,VERDAGUER Y GARCÍA,1524,ROT,83,15,CIUDAD LINEAL,31,23,0.275,0.42
2023,2,VERDAGUER Y GARCÍA,1524,ROT,83,15,CIUDAD LINEAL,28,24,0.285,0.45399999999999996
2023,3,VERDAGUER Y GARCÍA,1524,ROT,83,15,CIUDAD LINEAL,31,16,0.198,0.305
2023,4,VERDAGUER Y GARCÍA,1524,ROT,83,15,CIUDAD LINEAL,30,17,0.20800000000000002,0.27699999999999997
2023,5,VERDAGUER Y GARCÍA,1524,ROT,83,15,CIUDAD LINEAL,31,15,0.183,0.262
2023,6,VERDAGUER Y GARCÍA,1524,ROT,83,15,CIUDAD LINEAL,30,15,0.17800000000000002,0.25
2023,7,VERDAGUER Y GARCÍA,1524,ROT,83,15,CIUDAD LINEAL,31,11,0.127,0.191
2023,8,VERDAGUER Y GARCÍA,1524,ROT,83,15,CIUDAD LINEAL,31,15,0.183,0.22699999999999998
2023,9,VERDAGUER Y GARCÍA,1524,ROT,83,15,CIUDAD LINEAL,30,13,0.151,0.237
2023,10,VERDAGUER Y GARCÍA,1524,ROT,83,15,CIUDAD LINEAL,31,15,0.17600000000000002,0.271
2023,11,VERDAGUER Y GARCÍA,1524,ROT,83,15,CIUDAD LINEAL,30,13,0.159,0.256
2023,12,VERDAGUER Y GARCÍA,1524,ROT,83,15,CIUDAD LINEAL,31,14,0.16899999999999998,0.265
2023,1,VILLA DE PARÍS,5020,ROT,179,1,CENTRO,31,117,0.654,0.7979999999999999
2023,2,VILLA DE PARÍS,5020,ROT,179,1,CENTRO,28,124,0.6940000000000001,0.85
2023,3,VILLA DE PARÍS,5020,ROT,179,1,CENTRO,31,126,0.703,0.8420000000000001
2023,4,VILLA DE PARÍS,5020,ROT,179,1,CENTRO,27,118,0.6579999999999999,0.7909999999999999
2023,5,VILLA DE PARÍS,5020,ROT,179,1,CENTRO,31,125,0.696,0.85
2023,6,VILLA DE PARÍS,5020,ROT,179,1,CENTRO,30,131,0.732,0.8759999999999999
2023,7,VILLA DE PARÍS,5020,ROT,179,1,CENTRO,31,121,0.6779999999999999,0.797
2023,8,VILLA DE PARÍS,5020,ROT,179,1,CENTRO,31,104,0.583,0.664
2023,9,VILLA DE PARÍS,5020,ROT,179,1,CENTRO,30,125,0.6990000000000001,0.83
2023,10,VILLA DE PARÍS,5020,ROT,179,1,CENTRO,31,125,0.6990000000000001,0.84
2023,11,VILLA DE PARÍS,5020,ROT,179,1,CENTRO,29,124,0.6940000000000001,0.85
2023,12,VILLA DE PARÍS,5020,ROT,179,1,CENTRO,31,123,0.688,0.8170000000000001
2026,1,ALMAGRO,5000,ROTACIONAL,453,7,CHAMBERÍ,31,177,0.391,0.521
2026,2,ALMAGRO,5000,ROTACIONAL,453,7,CHAMBERÍ,28,194,0.428,0.591
2026,3,ALMAGRO,5000,ROTACIONAL,453,7,CHAMBERÍ,31,187,0.414,0.561
2026,4,ALMAGRO,5000,ROTACIONAL,453,7,CHAMBERÍ,30,178,0.39299999999999996,0.535
2026,5,ALMAGRO,5000,ROTACIONAL,453,7,CHAMBERÍ,31,188,0.415,0.562
2026,6,ALMAGRO,5000,ROTACIONAL,453,7,CHAMBERÍ,30,182,0.40299999999999997,0.5489999999999999
2026,7,ALMAGRO,5000,ROTACIONAL,453,7,CHAMBERÍ,31,166,0.365,0.489
2026,8,ALMAGRO,5000,ROTACIONAL,453,7,CHAMBERÍ,30,103,0.226,0.264
2026,1,ARQUITECTO RIBERA,111,MIXTO,318,1,CENTRO,31,141,0.445,0.644
2026,2,ARQUITECTO RIBERA,111,MIXTO,318,1,CENTRO,28,155,0.488,0.713
2026,3,ARQUITECTO RIBERA,111,MIXTO,318,1,CENTRO,31,149,0.469,0.6859999999999999
2026,4,ARQUITECTO RIBERA,111,MIXTO,318,1,CENTRO,30,148,0.465,0.639
2026,5,ARQUITECTO RIBERA,111,MIXTO,318,1,CENTRO,31,146,0.45799999999999996,0.636
2026,6,ARQUITECTO RIBERA,111,MIXTO,318,1,CENTRO,30,127,0.401,0.564
2026,7,ARQUITECTO RIBERA,111,MIXTO,318,1,CENTRO,31,116,0.365,0.515
2026,8,ARQUITECTO RIBERA,111,MIXTO,318,1,CENTRO,31,77,0.243,0.322
2026,9,ARQUITECTO RIBERA,111,MIXTO,318,1,CENTRO,1,127,0.4,0.605
2026,1,ARTILLEROS,1907,MIXTO,148,19,VICÁLVARO,31,108,0.73,0.7490000000000001
2026,2,ARTILLEROS,1907,MIXTO,148,19,VICÁLVARO,28,110,0.74,0.7609999999999999
2026,3,ARTILLEROS,1907,MIXTO,148,19,VICÁLVARO,29,104,0.7,0.705
2026,4,ARTILLEROS,1907,MIXTO,148,19,VICÁLVARO,27,88,0.5920000000000001,0.604
2026,5,ARTILLEROS,1907,MIXTO,148,19,VICÁLVARO,29,97,0.6559999999999999,0.6890000000000001
2026,6,ARTILLEROS,1907,MIXTO,148,19,VICÁLVARO,30,91,0.617,0.622
2026,7,ARTILLEROS,1907,MIXTO,148,19,VICÁLVARO,28,86,0.581,0.6
2026,8,ARTILLEROS,1907,MIXTO,148,19,VICÁLVARO,24,85,0.575,0.591
2026,1,AVENIDA DE AMÉRICA,519,MIXTO,261,5,CHAMARTÍN,31,104,0.39899999999999997,0.47600000000000003
2026,2,AVENIDA DE AMÉRICA,519,MIXTO,261,5,CHAMARTÍN,28,109,0.418,0.508
2026,3,AVENIDA DE AMÉRICA,519,MIXTO,261,5,CHAMARTÍN,31,107,0.409,0.49200000000000005
2026,4,AVENIDA DE AMÉRICA,519,MIXTO,261,5,CHAMARTÍN,30,104,0.4,0.48200000000000004
2026,5,AVENIDA DE AMÉRICA,519,MIXTO,261,5,CHAMARTÍN,31,99,0.38,0.46
2026,6,AVENIDA DE AMÉRICA,519,MIXTO,261,5,CHAMARTÍN,30,103,0.39299999999999996,0.48
2026,7,AVENIDA DE AMÉRICA,519,MIXTO,261,5,CHAMARTÍN,31,97,0.371,0.445
2026,8,AVENIDA DE AMÉRICA,519,MIXTO,261,5,CHAMARTÍN,31,75,0.287,0.33899999999999997
2026,1,AVENIDA DE PORTUGAL,1022,MIXTO,427,10,LATINA,31,214,0.501,0.617
2026,2,AVENIDA DE PORTUGAL,1022,MIXTO,427,10,LATINA,28,235,0.55,0.7
2026,3,AVENIDA DE PORTUGAL,1022,MIXTO,427,10,LATINA,31,248,0.5820000000000001,0.708
2026,4,AVENIDA DE PORTUGAL,1022,MIXTO,427,10,LATINA,30,225,0.527,0.66
2026,5,AVENIDA DE PORTUGAL,1022,MIXTO,427,10,LATINA,31,251,0.5870000000000001,0.73
2026,6,AVENIDA DE PORTUGAL,1022,MIXTO,427,10,LATINA,30,246,0.5770000000000001,0.7040000000000001
2026,7,AVENIDA DE PORTUGAL,1022,MIXTO,427,10,LATINA,31,210,0.49200000000000005,0.604
2026,8,AVENIDA DE PORTUGAL,1022,MIXTO,427,10,LATINA,30,179,0.42,0.49
2026,1,BRASIL,602,MIXTO,237,6,TETUÁN,31,4,0.018000000000000002,0.031
2026,2,BRASIL,602,MIXTO,237,6,TETUÁN,28,5,0.02,0.036000000000000004
2026,3,BRASIL,602,MIXTO,237,6,TETUÁN,31,4,0.018000000000000002,0.032
2026,4,BRASIL,602,MIXTO,237,6,TETUÁN,30,4,0.015,0.027999999999999997
2026,5,BRASIL,602,MIXTO,237,6,TETUÁN,31,4,0.016,0.027999999999999997
2026,6,BRASIL,602,MIXTO,237,6,TETUÁN,30,4,0.016,0.027999999999999997
2026,7,BRASIL,602,MIXTO,237,6,TETUÁN,31,3,0.011000000000000001,0.02
2026,8,BRASIL,602,MIXTO,237,6,TETUÁN,31,1,0.006,0.011000000000000001
2026,1,CASINO DE LA REINA,122,MIXTO,131,1,CENTRO,31,87,0.6609999999999999,0.753
2026,2,CASINO DE LA REINA,122,MIXTO,131,1,CENTRO,28,90,0.687,0.784
2026,3,CASINO DE LA REINA,122,MIXTO,131,1,CENTRO,31,93,0.7090000000000001,0.8059999999999999
2026,4,CASINO DE LA REINA,122,MIXTO,131,1,CENTRO,30,94,0.716,0.802
2026,5,CASINO DE LA REINA,122,MIXTO,131,1,CENTRO,31,94,0.72,0.81
2026,6,CASINO DE LA REINA,122,MIXTO,131,1,CENTRO,30,90,0.6890000000000001,0.7809999999999999
2026,7,CASINO DE LA REINA,122,MIXTO,131,1,CENTRO,31,76,0.581,0.662
2026,8,CASINO DE LA REINA,122,MIXTO,131,1,CENTRO,31,66,0.501,0.5429999999999999
2026,1,CONDESA DE GAVIA,607,MIXTO,146,6,TETUÁN,29,1,0.004,0.009000000000000001
2026,2,CONDESA DE GAVIA,607,MIXTO,146,6,TETUÁN,27,1,0.005,0.009000000000000001
2026,3,CONDESA DE GAVIA,607,MIXTO,146,6,TETUÁN,28,1,0.005,0.01
2026,4,CONDESA DE GAVIA,607,MIXTO,146,6,TETUÁN,27,1,0.005,0.01
2026,5,CONDESA DE GAVIA,607,MIXTO,146,6,TETUÁN,28,1,0.005,0.01
2026,6,CONDESA DE GAVIA,607,MIXTO,146,6,TETUÁN,27,0,0.003,0.006
2026,7,CONDESA DE GAVIA,607,MIXTO,146,6,TETUÁN,28,0,0.003,0.005
2026,8,CONDESA DE GAVIA,607,MIXTO,146,6,TETUÁN,26,0,0.003,0.006
2026,1,CORAZÓN DE MARÍA II,511,MIXTO,320,5,CHAMARTÍN,31,2,0.006,0.011000000000000001
2026,2,CORAZÓN DE MARÍA II,511,MIXTO,320,5,CHAMARTÍN,28,2,0.008,0.013000000000000001
2026,3,CORAZÓN DE MARÍA II,511,MIXTO,320,5,CHAMARTÍN,31,2,0.006999999999999999,0.012
2026,4,CORAZÓN DE MARÍA II,511,MIXTO,320,5,CHAMARTÍN,30,2,0.006999999999999999,0.012
2026,5,CORAZÓN DE MARÍA II,511,MIXTO,320,5,CHAMARTÍN,31,2,0.006999999999999999,0.012
2026,6,CORAZÓN DE MARÍA II,511,MIXTO,320,5,CHAMARTÍN,30,2,0.006999999999999999,0.012
2026,7,CORAZÓN DE MARÍA II,511,MIXTO,320,5,CHAMARTÍN,31,2,0.005,0.009000000000000001
2026,8,CORAZÓN DE MARÍA II,511,MIXTO,320,5,CHAMARTÍN,31,1,0.002,0.004
2026,1,CORONA BOREAL,911,MIXTO,125,9,MONCLOA-ARAVACA,31,7,0.057,0.11199999999999999
2026,2,CORONA BOREAL,911,MIXTO,125,9,MONCLOA-ARAVACA,28,8,0.062,0.122
2026,3,CORONA BOREAL,911,MIXTO,125,9,MONCLOA-ARAVACA,31,8,0.06,0.12
2026,4,CORONA BOREAL,911,MIXTO,125,9,MONCLOA-ARAVACA,30,7,0.057999999999999996,0.115
2026,5,CORONA BOREAL,911,MIXTO,125,9,MONCLOA-ARAVACA,31,8,0.066,0.131
2026,6,CORONA BOREAL,911,MIXTO,125,9,MONCLOA-ARAVACA,30,9,0.07,0.13699999999999998
2026,7,CORONA BOREAL,911,MIXTO,125,9,MONCLOA-ARAVACA,31,6,0.05,0.1
2026,8,CORONA BOREAL,911,MIXTO,125,9,MONCLOA-ARAVACA,31,2,0.012,0.024
2026,1,DAOÍZ Y VELARDE,319,MIXTO,235,3,RETIRO,31,138,0.586,0.6890000000000001
2026,2,DAOÍZ Y VELARDE,319,MIXTO,235,3,RETIRO,28,142,0.604,0.715
2026,3,DAOÍZ Y VELARDE,319,MIXTO,235,3,RETIRO,31,134,0.5710000000000001,0.677
2026,4,DAOÍZ Y VELARDE,319,MIXTO,235,3,RETIRO,30,130,0.5529999999999999,0.636
2026,5,DAOÍZ Y VELARDE,319,MIXTO,235,3,RETIRO,31,123,0.524,0.597
2026,6,DAOÍZ Y VELARDE,319,MIXTO,235,3,RETIRO,30,123,0.522,0.602
2026,1,DESCALZAS,5003,ROTACIONAL,400,1,CENTRO,31,92,0.231,0.32299999999999995
2026,2,DESCALZAS,5003,ROTACIONAL,400,1,CENTRO,28,82,0.205,0.281
2026,3,DESCALZAS,5003,ROTACIONAL,400,1,CENTRO,31,73,0.182,0.254
2026,4,DESCALZAS,5003,ROTACIONAL,400,1,CENTRO,30,77,0.193,0.27
2026,5,DESCALZAS,5003,ROTACIONAL,400,1,CENTRO,31,77,0.192,0.26899999999999996
2026,6,DESCALZAS,5003,ROTACIONAL,400,1,CENTRO,30,72,0.179,0.244
2026,7,DESCALZAS,5003,ROTACIONAL,400,1,CENTRO,31,68,0.171,0.22899999999999998
2026,8,DESCALZAS,5003,ROTACIONAL,400,1,CENTRO,31,67,0.16699999999999998,0.218
2026,1,DÍAZ PORLIER,416,MIXTO,203,4,SALAMANCA,31,85,0.42,0.642
2026,2,DÍAZ PORLIER,416,MIXTO,203,4,SALAMANCA,28,95,0.467,0.723
2026,3,DÍAZ PORLIER,416,MIXTO,203,4,SALAMANCA,31,91,0.447,0.6940000000000001
2026,4,DÍAZ PORLIER,416,MIXTO,203,4,SALAMANCA,30,84,0.41200000000000003,0.636
2026,5,DÍAZ PORLIER,416,MIXTO,203,4,SALAMANCA,31,84,0.415,0.643
2026,6,DÍAZ PORLIER,416,MIXTO,203,4,SALAMANCA,30,86,0.426,0.665
2026,7,DÍAZ PORLIER,416,MIXTO,203,4,SALAMANCA,31,75,0.369,0.5670000000000001
2026,8,DÍAZ PORLIER,416,MIXTO,203,4,SALAMANCA,31,34,0.168,0.263
2026,9,DÍAZ PORLIER,416,MIXTO,203,4,SALAMANCA,1,10,0.047,0.013999999999999999
2026,1,ENCUENTRO,1419,MIXTO,90,14,MORATALAZ,31,0,0.005,0.006
2026,2,ENCUENTRO,1419,MIXTO,90,14,MORATALAZ,28,1,0.006,0.006999999999999999
2026,3,ENCUENTRO,1419,MIXTO,90,14,MORATALAZ,31,1,0.006999999999999999,0.008
2026,4,ENCUENTRO,1419,MIXTO,90,14,MORATALAZ,30,1,0.009000000000000001,0.011000000000000001
2026,5,ENCUENTRO,1419,MIXTO,90,14,MORATALAZ,31,1,0.009000000000000001,0.01
2026,6,ENCUENTRO,1419,MIXTO,90,14,MORATALAZ,30,1,0.009000000000000001,0.01
2026,7,ENCUENTRO,1419,MIXTO,90,14,MORATALAZ,31,1,0.008,0.01
2026,8,ENCUENTRO,1419,MIXTO,90,14,MORATALAZ,8,0,0.002,0.003
2026,1,FELIPE II,422,MIXTO,1175,4,SALAMANCA,31,121,0.10300000000000001,0.19399999999999998
2026,2,FELIPE II,422,MIXTO,1175,4,SALAMANCA,28,97,0.083,0.156
2026,3,FELIPE II,422,MIXTO,1175,4,SALAMANCA,31,87,0.07400000000000001,0.139
2026,4,FELIPE II,422,MIXTO,1175,4,SALAMANCA,30,86,0.073,0.13699999999999998
2026,5,FELIPE II,422,MIXTO,1175,4,SALAMANCA,31,95,0.081,0.15
2026,6,FELIPE II,422,MIXTO,1175,4,SALAMANCA,30,90,0.077,0.14300000000000002
2026,7,FELIPE II,422,MIXTO,1175,4,SALAMANCA,31,90,0.076,0.142
2026,8,FELIPE II,422,MIXTO,1175,4,SALAMANCA,31,59,0.05,0.094
2026,1,FERNÁNDEZ SHAW,5005,MIXTO,243,3,RETIRO,31,104,0.428,0.56
2026,2,FERNÁNDEZ SHAW,5005,MIXTO,243,3,RETIRO,28,114,0.469,0.645
2026,3,FERNÁNDEZ SHAW,5005,MIXTO,243,3,RETIRO,31,106,0.43799999999999994,0.59
2026,4,FERNÁNDEZ SHAW,5005,MIXTO,243,3,RETIRO,30,105,0.43200000000000005,0.5820000000000001
2026,5,FERNÁNDEZ SHAW,5005,MIXTO,243,3,RETIRO,31,101,0.415,0.557
2026,6,FERNÁNDEZ SHAW,5005,MIXTO,243,3,RETIRO,30,110,0.455,0.618
2026,7,FERNÁNDEZ SHAW,5005,MIXTO,243,3,RETIRO,31,108,0.446,0.578
2026,8,FERNÁNDEZ SHAW,5005,MIXTO,243,3,RETIRO,31,88,0.363,0.43
2026,1,FUENCARRAL,714,MIXTO,428,7,CHAMBERÍ,31,163,0.382,0.47
2026,2,FUENCARRAL,714,MIXTO,428,7,CHAMBERÍ,28,164,0.384,0.48100000000000004
2026,3,FUENCARRAL,714,MIXTO,428,7,CHAMBERÍ,31,154,0.36,0.445
2026,4,FUENCARRAL,714,MIXTO,428,7,CHAMBERÍ,30,160,0.375,0.46799999999999997
2026,5,FUENCARRAL,714,MIXTO,428,7,CHAMBERÍ,31,172,0.40299999999999997,0.507
2026,6,FUENCARRAL,714,MIXTO,428,7,CHAMBERÍ,30,189,0.44,0.52
2026,7,FUENCARRAL,714,MIXTO,428,7,CHAMBERÍ,31,118,0.276,0.342
2026,8,FUENCARRAL,714,MIXTO,428,7,CHAMBERÍ,30,102,0.23800000000000002,0.281
2026,1,HERNANI,617,MIXTO,115,6,TETUÁN,31,56,0.488,0.828
2026,2,HERNANI,617,MIXTO,115,6,TETUÁN,28,54,0.46799999999999997,0.774
2026,3,HERNANI,617,MIXTO,115,6,TETUÁN,31,50,0.434,0.7
2026,4,HERNANI,617,MIXTO,115,6,TETUÁN,30,48,0.414,0.6659999999999999
2026,5,HERNANI,617,MIXTO,115,6,TETUÁN,31,48,0.42,0.667
2026,6,HERNANI,617,MIXTO,115,6,TETUÁN,30,49,0.43,0.691
2026,7,HERNANI,617,MIXTO,115,6,TETUÁN,31,41,0.355,0.588
2026,8,HERNANI,617,MIXTO,115,6,TETUÁN,31,23,0.201,0.304
2026,1,JACINTO BENAVENTE,110,MIXTO,394,1,CENTRO,11,255,0.648,0.775
2026,1,JOSÉ CASTÁN TOBEÑAS,604,MIXTO,226,6,TETUÁN,31,33,0.14400000000000002,0.21899999999999997
2026,2,JOSÉ CASTÁN TOBEÑAS,604,MIXTO,226,6,TETUÁN,28,37,0.165,0.258
2026,3,JOSÉ CASTÁN TOBEÑAS,604,MIXTO,226,6,TETUÁN,31,32,0.14400000000000002,0.223
2026,4,JOSÉ CASTÁN TOBEÑAS,604,MIXTO,226,6,TETUÁN,30,34,0.151,0.22699999999999998
2026,5,JOSÉ CASTÁN TOBEÑAS,604,MIXTO,226,6,TETUÁN,31,33,0.146,0.226
2026,6,JOSÉ CASTÁN TOBEÑAS,604,MIXTO,226,6,TETUÁN,30,31,0.135,0.214
2026,7,JOSÉ CASTÁN TOBEÑAS,604,MIXTO,226,6,TETUÁN,31,25,0.11,0.168
2026,8,JOSÉ CASTÁN TOBEÑAS,604,MIXTO,226,6,TETUÁN,31,17,0.073,0.095
2026,1,LUNA TUDESCOS,5006,MIXTO,473,1,CENTRO,31,67,0.142,0.172
2026,2,LUNA TUDESCOS,5006,MIXTO,473,1,CENTRO,28,107,0.22699999999999998,0.259
2026,3,LUNA TUDESCOS,5006,MIXTO,473,1,CENTRO,31,59,0.124,0.15
2026,4,LUNA TUDESCOS,5006,MIXTO,473,1,CENTRO,30,65,0.13699999999999998,0.163
2026,5,LUNA TUDESCOS,5006,MIXTO,473,1,CENTRO,31,64,0.134,0.161
2026,6,LUNA TUDESCOS,5006,MIXTO,473,1,CENTRO,30,65,0.138,0.166
2026,7,LUNA TUDESCOS,5006,MIXTO,473,1,CENTRO,31,59,0.124,0.15
2026,8,LUNA TUDESCOS,5006,MIXTO,473,1,CENTRO,31,61,0.13,0.155
2026,1,MARQUÉS DE SALAMANCA,420,MIXTO,356,4,SALAMANCA,31,91,0.256,0.391
2026,2,MARQUÉS DE SALAMANCA,420,MIXTO,356,4,SALAMANCA,28,107,0.301,0.47200000000000003
2026,3,MARQUÉS DE SALAMANCA,420,MIXTO,356,4,SALAMANCA,31,139,0.39,0.5539999999999999
2026,4,MARQUÉS DE SALAMANCA,420,MIXTO,356,4,SALAMANCA,30,125,0.35200000000000004,0.498
2026,5,MARQUÉS DE SALAMANCA,420,MIXTO,356,4,SALAMANCA,31,132,0.37200000000000005,0.53
2026,6,MARQUÉS DE SALAMANCA,420,MIXTO,356,4,SALAMANCA,30,121,0.341,0.5
2026,7,MARQUÉS DE SALAMANCA,420,MIXTO,356,4,SALAMANCA,31,113,0.318,0.455
2026,8,MARQUÉS DE SALAMANCA,420,MIXTO,356,4,SALAMANCA,30,59,0.165,0.212
2026,1,MARQUÉS DE URQUIJO,5007,ROTACIONAL,436,9,MONCLOA-ARAVACA,31,59,0.136,0.21899999999999997
2026,2,MARQUÉS DE URQUIJO,5007,ROTACIONAL,436,9,MONCLOA-ARAVACA,28,70,0.161,0.263
2026,3,MARQUÉS DE URQUIJO,5007,ROTACIONAL,436,9,MONCLOA-ARAVACA,31,67,0.154,0.253
2026,4,MARQUÉS DE URQUIJO,5007,ROTACIONAL,436,9,MONCLOA-ARAVACA,30,59,0.136,0.222
2026,5,MARQUÉS DE URQUIJO,5007,ROTACIONAL,436,9,MONCLOA-ARAVACA,31,62,0.14300000000000002,0.22899999999999998
2026,6,MARQUÉS DE URQUIJO,5007,ROTACIONAL,436,9,MONCLOA-ARAVACA,30,53,0.121,0.198
2026,7,MARQUÉS DE URQUIJO,5007,ROTACIONAL,436,9,MONCLOA-ARAVACA,31,42,0.09699999999999999,0.151
2026,8,MARQUÉS DE URQUIJO,5007,ROTACIONAL,436,9,MONCLOA-ARAVACA,31,20,0.045,0.067
2026,1,MIGUEL YUSTE,2005,MIXTO,250,20,SAN BLAS-CANILLEJAS,18,3,0.011000000000000001,0.015
2026,2,MIGUEL YUSTE,2005,MIXTO,250,20,SAN BLAS-CANILLEJAS,20,3,0.01,0.013999999999999999
2026,3,MIGUEL YUSTE,2005,MIXTO,250,20,SAN BLAS-CANILLEJAS,22,3,0.011000000000000001,0.02
2026,4,MIGUEL YUSTE,2005,MIXTO,250,20,SAN BLAS-CANILLEJAS,20,3,0.011000000000000001,0.022000000000000002
2026,5,MIGUEL YUSTE,2005,MIXTO,250,20,SAN BLAS-CANILLEJAS,20,3,0.011000000000000001,0.02
2026,6,MIGUEL YUSTE,2005,MIXTO,250,20,SAN BLAS-CANILLEJAS,22,3,0.011000000000000001,0.021
2026,7,MIGUEL YUSTE,2005,MIXTO,250,20,SAN BLAS-CANILLEJAS,23,2,0.009000000000000001,0.016
2026,1,MOSTENSES,5010,ROTACIONAL,362,1,CENTRO,31,215,0.593,0.705
2026,2,MOSTENSES,5010,ROTACIONAL,362,1,CENTRO,28,209,0.5770000000000001,0.68
2026,3,MOSTENSES,5010,ROTACIONAL,362,1,CENTRO,31,167,0.461,0.544
2026,4,MOSTENSES,5010,ROTACIONAL,362,1,CENTRO,30,160,0.442,0.522
2026,5,MOSTENSES,5010,ROTACIONAL,362,1,CENTRO,31,149,0.41200000000000003,0.485
2026,6,MOSTENSES,5010,ROTACIONAL,362,1,CENTRO,30,169,0.466,0.551
2026,7,MOSTENSES,5010,ROTACIONAL,362,1,CENTRO,31,175,0.485,0.569
2026,8,MOSTENSES,5010,ROTACIONAL,362,1,CENTRO,30,144,0.39899999999999997,0.45
2026,1,OLAVIDE,5012,MIXTO,383,7,CHAMBERÍ,31,253,0.662,0.765
2026,2,OLAVIDE,5012,MIXTO,383,7,CHAMBERÍ,28,257,0.672,0.7879999999999999
2026,3,OLAVIDE,5012,MIXTO,383,7,CHAMBERÍ,31,247,0.645,0.746
2026,4,OLAVIDE,5012,MIXTO,383,7,CHAMBERÍ,30,237,0.62,0.7170000000000001
2026,5,OLAVIDE,5012,MIXTO,383,7,CHAMBERÍ,31,257,0.6709999999999999,0.779
2026,6,OLAVIDE,5012,MIXTO,383,7,CHAMBERÍ,30,232,0.605,0.688
2026,7,OLAVIDE,5012,MIXTO,383,7,CHAMBERÍ,31,209,0.545,0.624
2026,8,OLAVIDE,5012,MIXTO,383,7,CHAMBERÍ,30,162,0.423,0.46799999999999997
2026,1,ORENSE,610,MIXTO,144,6,TETUÁN,30,55,0.38299999999999995,0.46399999999999997
2026,2,ORENSE,610,MIXTO,144,6,TETUÁN,27,58,0.405,0.505
2026,3,ORENSE,610,MIXTO,144,6,TETUÁN,31,62,0.428,0.51
2026,4,ORENSE,610,MIXTO,144,6,TETUÁN,30,63,0.44,0.528
2026,5,ORENSE,610,MIXTO,144,6,TETUÁN,30,60,0.419,0.514
2026,6,ORENSE,610,MIXTO,144,6,TETUÁN,30,74,0.516,0.593
2026,7,ORENSE,610,MIXTO,144,6,TETUÁN,31,68,0.475,0.563
2026,8,ORENSE,610,MIXTO,144,6,TETUÁN,28,66,0.456,0.509
2026,1,PEDRO ZEROLO,101,MIXTO,118,1,CENTRO,31,84,0.7090000000000001,0.883
2026,2,PEDRO ZEROLO,101,MIXTO,118,1,CENTRO,28,85,0.7240000000000001,0.9109999999999999
2026,3,PEDRO ZEROLO,101,MIXTO,118,1,CENTRO,31,82,0.698,0.87
2026,4,PEDRO ZEROLO,101,MIXTO,118,1,CENTRO,30,82,0.693,0.852
2026,5,PEDRO ZEROLO,101,MIXTO,118,1,CENTRO,31,81,0.685,0.853
2026,6,PEDRO ZEROLO,101,MIXTO,118,1,CENTRO,30,79,0.672,0.828
2026,7,PEDRO ZEROLO,101,MIXTO,118,1,CENTRO,31,76,0.643,0.777
2026,8,PEDRO ZEROLO,101,MIXTO,118,1,CENTRO,30,75,0.631,0.748
2026,1,PLAZA DE COLÓN,5001,ROTACIONAL,612,4,SALAMANCA,31,163,0.266,0.433
2026,1,PLAZA DE ESPAÑA,5004,MIXTO,808,1,CENTRO,31,545,0.674,0.7929999999999999
2026,2,PLAZA DE ESPAÑA,5004,MIXTO,808,1,CENTRO,28,498,0.616,0.7340000000000001
2026,3,PLAZA DE ESPAÑA,5004,MIXTO,808,1,CENTRO,31,483,0.598,0.711
2026,4,PLAZA DE ESPAÑA,5004,MIXTO,808,1,CENTRO,30,472,0.585,0.6940000000000001
2026,5,PLAZA DE ESPAÑA,5004,MIXTO,808,1,CENTRO,31,473,0.585,0.7
2026,6,PLAZA DE ESPAÑA,5004,MIXTO,808,1,CENTRO,30,468,0.579,0.669
2026,7,PLAZA DE ESPAÑA,5004,MIXTO,808,1,CENTRO,31,444,0.5489999999999999,0.632
2026,8,PLAZA DE ESPAÑA,5004,MIXTO,808,1,CENTRO,30,423,0.524,0.594
2026,1,PLAZA DE LAS CORTES,5002,MIXTO,458,1,CENTRO,31,217,0.473,0.644
2026,2,PLAZA DE LAS CORTES,5002,MIXTO,458,1,CENTRO,28,235,0.513,0.696
2026,3,PLAZA DE LAS CORTES,5002,MIXTO,458,1,CENTRO,31,232,0.508,0.6990000000000001
2026,4,PLAZA DE LAS CORTES,5002,MIXTO,458,1,CENTRO,30,228,0.49700000000000005,0.685
2026,5,PLAZA DE LAS CORTES,5002,MIXTO,458,1,CENTRO,31,228,0.499,0.6859999999999999
2026,6,PLAZA DE LAS CORTES,5002,MIXTO,458,1,CENTRO,30,198,0.433,0.5820000000000001
2026,7,PLAZA DE LAS CORTES,5002,MIXTO,458,1,CENTRO,31,166,0.363,0.47600000000000003
2026,8,PLAZA DE LAS CORTES,5002,MIXTO,458,1,CENTRO,31,120,0.263,0.336
2026,1,PLAZA DE ORIENTE,107,MIXTO,212,1,CENTRO,31,22,0.10099999999999999,0.191
2026,2,PLAZA DE ORIENTE,107,MIXTO,212,1,CENTRO,28,23,0.11,0.20800000000000002
2026,3,PLAZA DE ORIENTE,107,MIXTO,212,1,CENTRO,31,23,0.10800000000000001,0.20199999999999999
2026,4,PLAZA DE ORIENTE,107,MIXTO,212,1,CENTRO,30,22,0.106,0.19699999999999998
2026,5,PLAZA DE ORIENTE,107,MIXTO,212,1,CENTRO,31,23,0.11,0.203
2026,6,PLAZA DE ORIENTE,107,MIXTO,212,1,CENTRO,30,22,0.102,0.187
2026,7,PLAZA DE ORIENTE,107,MIXTO,212,1,CENTRO,31,19,0.091,0.16699999999999998
2026,8,PLAZA DE ORIENTE,107,MIXTO,212,1,CENTRO,31,14,0.065,0.11900000000000001
2026,1,PLAZA DE SANTA ANA,5018,MIXTO,296,1,CENTRO,31,123,0.415,0.491
2026,2,PLAZA DE SANTA ANA,5018,MIXTO,296,1,CENTRO,28,110,0.37200000000000005,0.433
2026,3,PLAZA DE SANTA ANA,5018,MIXTO,296,1,CENTRO,31,158,0.534,0.62
2026,4,PLAZA DE SANTA ANA,5018,MIXTO,296,1,CENTRO,30,119,0.401,0.47200000000000003
2026,5,PLAZA DE SANTA ANA,5018,MIXTO,296,1,CENTRO,31,101,0.341,0.408
2026,6,PLAZA DE SANTA ANA,5018,MIXTO,296,1,CENTRO,30,82,0.27699999999999997,0.324
2026,7,PLAZA DE SANTA ANA,5018,MIXTO,296,1,CENTRO,31,75,0.255,0.29600000000000004
2026,8,PLAZA DE SANTA ANA,5018,MIXTO,296,1,CENTRO,31,76,0.257,0.28600000000000003
2026,1,PLAZA DE SANTO DOMINGO,105,MIXTO,333,1,CENTRO,31,20,0.059000000000000004,0.102
2026,2,PLAZA DE SANTO DOMINGO,105,MIXTO,333,1,CENTRO,28,20,0.06,0.10099999999999999
2026,3,PLAZA DE SANTO DOMINGO,105,MIXTO,333,1,CENTRO,31,18,0.054000000000000006,0.091
2026,4,PLAZA DE SANTO DOMINGO,105,MIXTO,333,1,CENTRO,30,17,0.052000000000000005,0.087
2026,5,PLAZA DE SANTO DOMINGO,105,MIXTO,333,1,CENTRO,31,17,0.052000000000000005,0.08800000000000001
2026,6,PLAZA DE SANTO DOMINGO,105,MIXTO,333,1,CENTRO,30,17,0.051,0.085
2026,7,PLAZA DE SANTO DOMINGO,105,MIXTO,333,1,CENTRO,31,13,0.04,0.067
2026,8,PLAZA DE SANTO DOMINGO,105,MIXTO,333,1,CENTRO,31,11,0.033,0.055
2026,1,PLAZA DEL CARMEN,113,ROTACIONAL,437,1,CENTRO,31,155,0.355,0.423
2026,2,PLAZA DEL CARMEN,113,ROTACIONAL,437,1,CENTRO,28,160,0.366,0.43200000000000005
2026,3,PLAZA DEL CARMEN,113,ROTACIONAL,437,1,CENTRO,31,185,0.423,0.501
2026,4,PLAZA DEL CARMEN,113,ROTACIONAL,437,1,CENTRO,30,219,0.501,0.5770000000000001
2026,5,PLAZA DEL CARMEN,113,ROTACIONAL,437,1,CENTRO,31,182,0.41600000000000004,0.49
2026,6,PLAZA DEL CARMEN,113,ROTACIONAL,437,1,CENTRO,30,168,0.385,0.451
2026,7,PLAZA DEL CARMEN,113,ROTACIONAL,437,1,CENTRO,31,161,0.368,0.42700000000000005
2026,8,PLAZA DEL CARMEN,113,ROTACIONAL,437,1,CENTRO,31,194,0.44299999999999995,0.502
2026,1,PLAZA DEL REY,5014,ROTACIONAL,155,1,CENTRO,31,8,0.05,0.08800000000000001
2026,2,PLAZA DEL REY,5014,ROTACIONAL,155,1,CENTRO,28,9,0.055999999999999994,0.099
2026,3,PLAZA DEL REY,5014,ROTACIONAL,155,1,CENTRO,31,8,0.053,0.094
2026,4,PLAZA DEL REY,5014,ROTACIONAL,155,1,CENTRO,30,9,0.055,0.09699999999999999
2026,5,PLAZA DEL REY,5014,ROTACIONAL,155,1,CENTRO,31,8,0.052000000000000005,0.092
2026,6,PLAZA DEL REY,5014,ROTACIONAL,155,1,CENTRO,30,7,0.044000000000000004,0.077
2026,7,PLAZA DEL REY,5014,ROTACIONAL,155,1,CENTRO,31,6,0.037000000000000005,0.065
2026,8,PLAZA DEL REY,5014,ROTACIONAL,155,1,CENTRO,31,4,0.025,0.040999999999999995
2026,1,PLAZA MAYOR,5008,MIXTO,699,1,CENTRO,31,512,0.732,0.8740000000000001
2026,2,PLAZA MAYOR,5008,MIXTO,699,1,CENTRO,28,528,0.7559999999999999,0.912
2026,3,PLAZA MAYOR,5008,MIXTO,699,1,CENTRO,31,528,0.755,0.899
2026,4,PLAZA MAYOR,5008,MIXTO,699,1,CENTRO,30,520,0.7440000000000001,0.8859999999999999
2026,5,PLAZA MAYOR,5008,MIXTO,699,1,CENTRO,31,528,0.755,0.905
2026,6,PLAZA MAYOR,5008,MIXTO,699,1,CENTRO,30,518,0.74,0.861
2026,7,PLAZA MAYOR,5008,MIXTO,699,1,CENTRO,31,526,0.752,0.884
2026,8,PLAZA MAYOR,5008,MIXTO,699,1,CENTRO,30,477,0.6829999999999999,0.79
2026,1,PRESIDENTE CARMONA,618,MIXTO,128,6,TETUÁN,31,7,0.054000000000000006,0.06
2026,2,PRESIDENTE CARMONA,618,MIXTO,128,6,TETUÁN,28,7,0.057999999999999996,0.067
2026,3,PRESIDENTE CARMONA,618,MIXTO,128,6,TETUÁN,31,7,0.055999999999999994,0.064
2026,4,PRESIDENTE CARMONA,618,MIXTO,128,6,TETUÁN,30,7,0.053,0.057999999999999996
2026,5,PRESIDENTE CARMONA,618,MIXTO,128,6,TETUÁN,31,7,0.053,0.059000000000000004
2026,6,PRESIDENTE CARMONA,618,MIXTO,128,6,TETUÁN,30,7,0.053,0.057999999999999996
2026,7,PRESIDENTE CARMONA,618,MIXTO,128,6,TETUÁN,31,6,0.049,0.052000000000000005
2026,1,PRíNCIPE DE VERGARA (AUDITORIO),5015,ROTACIONAL,366,5,CHAMARTÍN,31,9,0.025,0.048
2026,2,PRíNCIPE DE VERGARA (AUDITORIO),5015,ROTACIONAL,366,5,CHAMARTÍN,28,11,0.028999999999999998,0.057
2026,3,PRíNCIPE DE VERGARA (AUDITORIO),5015,ROTACIONAL,366,5,CHAMARTÍN,31,8,0.021,0.039
2026,4,PRíNCIPE DE VERGARA (AUDITORIO),5015,ROTACIONAL,366,5,CHAMARTÍN,30,6,0.018000000000000002,0.033
2026,5,PRíNCIPE DE VERGARA (AUDITORIO),5015,ROTACIONAL,366,5,CHAMARTÍN,31,8,0.021,0.04
2026,6,PRíNCIPE DE VERGARA (AUDITORIO),5015,ROTACIONAL,366,5,CHAMARTÍN,30,6,0.016,0.03
2026,7,PRíNCIPE DE VERGARA (AUDITORIO),5015,ROTACIONAL,366,5,CHAMARTÍN,30,2,0.005,0.009000000000000001
2026,1,PUERTA DE TOLEDO,5016,ROTACIONAL,240,1,CENTRO,31,135,0.564,0.642
2026,2,PUERTA DE TOLEDO,5016,ROTACIONAL,240,1,CENTRO,28,128,0.5329999999999999,0.614
2026,3,PUERTA DE TOLEDO,5016,ROTACIONAL,240,1,CENTRO,31,128,0.5329999999999999,0.612
2026,4,PUERTA DE TOLEDO,5016,ROTACIONAL,240,1,CENTRO,30,93,0.387,0.444
2026,5,PUERTA DE TOLEDO,5016,ROTACIONAL,240,1,CENTRO,31,128,0.5329999999999999,0.624
2026,6,PUERTA DE TOLEDO,5016,ROTACIONAL,240,1,CENTRO,30,109,0.45299999999999996,0.509
2026,7,PUERTA DE TOLEDO,5016,ROTACIONAL,240,1,CENTRO,31,78,0.327,0.38
2026,1,RECOLETOS,421,MIXTO,290,4,SALAMANCA,31,178,0.615,0.759
2026,2,RECOLETOS,421,MIXTO,290,4,SALAMANCA,25,173,0.597,0.7929999999999999
2026,3,RECOLETOS,421,MIXTO,290,4,SALAMANCA,31,166,0.573,0.755
2026,4,RECOLETOS,421,MIXTO,290,4,SALAMANCA,30,162,0.557,0.735
2026,5,RECOLETOS,421,MIXTO,290,4,SALAMANCA,31,162,0.557,0.73
2026,6,RECOLETOS,421,MIXTO,290,4,SALAMANCA,28,160,0.55,0.7170000000000001
2026,7,RECOLETOS,421,MIXTO,290,4,SALAMANCA,31,146,0.505,0.654
2026,8,RECOLETOS,421,MIXTO,290,4,SALAMANCA,30,116,0.39899999999999997,0.465
2026,1,REPÚBLICA DOMINICANA,512,MIXTO,210,5,CHAMARTÍN,31,95,0.45399999999999996,0.515
2026,2,REPÚBLICA DOMINICANA,512,MIXTO,210,5,CHAMARTÍN,28,86,0.41,0.473
2026,3,REPÚBLICA DOMINICANA,512,MIXTO,210,5,CHAMARTÍN,31,108,0.516,0.583
2026,4,REPÚBLICA DOMINICANA,512,MIXTO,210,5,CHAMARTÍN,30,103,0.49200000000000005,0.5529999999999999
2026,5,REPÚBLICA DOMINICANA,512,MIXTO,210,5,CHAMARTÍN,31,109,0.517,0.579
2026,6,REPÚBLICA DOMINICANA,512,MIXTO,210,5,CHAMARTÍN,30,110,0.523,0.5870000000000001
2026,7,REPÚBLICA DOMINICANA,512,MIXTO,210,5,CHAMARTÍN,31,94,0.446,0.499
2026,8,REPÚBLICA DOMINICANA,512,MIXTO,210,5,CHAMARTÍN,31,56,0.267,0.299
2026,1,REYES MAGOS,311,MIXTO,324,3,RETIRO,31,106,0.32799999999999996,0.358
2026,2,REYES MAGOS,311,MIXTO,324,3,RETIRO,28,108,0.33399999999999996,0.35700000000000004
2026,3,REYES MAGOS,311,MIXTO,324,3,RETIRO,31,107,0.331,0.36
2026,4,REYES MAGOS,311,MIXTO,324,3,RETIRO,30,106,0.32899999999999996,0.361
2026,5,REYES MAGOS,311,MIXTO,324,3,RETIRO,31,110,0.33899999999999997,0.37799999999999995
2026,6,REYES MAGOS,311,MIXTO,324,3,RETIRO,30,114,0.35200000000000004,0.401
2026,7,REYES MAGOS,311,MIXTO,324,3,RETIRO,31,93,0.287,0.314
2026,8,REYES MAGOS,311,MIXTO,324,3,RETIRO,31,63,0.19399999999999998,0.209
2026,1,SAN CAYETANO,427,MIXTO,222,4,SALAMANCA,31,58,0.259,0.342
2026,2,SAN CAYETANO,427,MIXTO,222,4,SALAMANCA,28,60,0.26899999999999996,0.36200000000000004
2026,3,SAN CAYETANO,427,MIXTO,222,4,SALAMANCA,31,56,0.251,0.33799999999999997
2026,4,SAN CAYETANO,427,MIXTO,222,4,SALAMANCA,30,56,0.251,0.33899999999999997
2026,5,SAN CAYETANO,427,MIXTO,222,4,SALAMANCA,31,64,0.29,0.389
2026,6,SAN CAYETANO,427,MIXTO,222,4,SALAMANCA,30,59,0.265,0.35700000000000004
2026,7,SAN CAYETANO,427,MIXTO,222,4,SALAMANCA,31,45,0.203,0.275
2026,8,SAN CAYETANO,427,MIXTO,222,4,SALAMANCA,31,31,0.142,0.171
2026,1,SAN GERMÁN II,613,MIXTO,419,6,TETUÁN,31,70,0.166,0.25
2026,2,SAN GERMÁN II,613,MIXTO,419,6,TETUÁN,28,85,0.20199999999999999,0.293
2026,3,SAN GERMÁN II,613,MIXTO,419,6,TETUÁN,31,73,0.175,0.249
2026,4,SAN GERMÁN II,613,MIXTO,419,6,TETUÁN,30,70,0.16699999999999998,0.239
2026,5,SAN GERMÁN II,613,MIXTO,419,6,TETUÁN,31,72,0.17300000000000001,0.247
2026,6,SAN GERMÁN II,613,MIXTO,419,6,TETUÁN,30,75,0.179,0.263
2026,7,SAN GERMÁN II,613,MIXTO,419,6,TETUÁN,31,57,0.135,0.209
2026,8,SAN GERMÁN II,613,MIXTO,419,6,TETUÁN,31,35,0.083,0.11
2026,1,SÁNCHEZ BUSTILLO,104,MIXTO,132,1,CENTRO,31,18,0.139,0.225
2026,2,SÁNCHEZ BUSTILLO,104,MIXTO,132,1,CENTRO,28,20,0.14800000000000002,0.24100000000000002
2026,3,SÁNCHEZ BUSTILLO,104,MIXTO,132,1,CENTRO,31,18,0.14,0.226
2026,4,SÁNCHEZ BUSTILLO,104,MIXTO,132,1,CENTRO,30,18,0.135,0.217
2026,5,SÁNCHEZ BUSTILLO,104,MIXTO,132,1,CENTRO,31,17,0.131,0.213
2026,6,SÁNCHEZ BUSTILLO,104,MIXTO,132,1,CENTRO,30,16,0.122,0.19399999999999998
2026,7,SÁNCHEZ BUSTILLO,104,MIXTO,132,1,CENTRO,31,13,0.09699999999999999,0.147
2026,8,SÁNCHEZ BUSTILLO,104,MIXTO,132,1,CENTRO,31,9,0.071,0.107
2026,1,SERRANO I,432,MIXTO,307,4,SALAMANCA,31,109,0.354,0.516
2026,2,SERRANO I,432,MIXTO,307,4,SALAMANCA,28,117,0.381,0.575
2026,3,SERRANO I,432,MIXTO,307,4,SALAMANCA,31,108,0.35100000000000003,0.534
2026,4,SERRANO I,432,MIXTO,307,4,SALAMANCA,30,101,0.33,0.495
2026,5,SERRANO I,432,MIXTO,307,4,SALAMANCA,31,106,0.344,0.505
2026,6,SERRANO I,432,MIXTO,307,4,SALAMANCA,30,106,0.34600000000000003,0.504
2026,7,SERRANO I,432,MIXTO,307,4,SALAMANCA,31,117,0.382,0.515
2026,8,SERRANO I,432,MIXTO,307,4,SALAMANCA,31,60,0.195,0.237
2026,1,SERRANO II,433,MIXTO,379,4,SALAMANCA,31,133,0.35200000000000004,0.5760000000000001
2026,2,SERRANO II,433,MIXTO,379,4,SALAMANCA,28,149,0.392,0.65
2026,3,SERRANO II,433,MIXTO,379,4,SALAMANCA,31,137,0.361,0.604
2026,4,SERRANO II,433,MIXTO,379,4,SALAMANCA,30,127,0.336,0.561
2026,5,SERRANO II,433,MIXTO,379,4,SALAMANCA,31,129,0.341,0.5710000000000001
2026,6,SERRANO II,433,MIXTO,379,4,SALAMANCA,30,123,0.325,0.546
2026,7,SERRANO II,433,MIXTO,379,4,SALAMANCA,31,122,0.321,0.521
2026,8,SERRANO II,433,MIXTO,379,4,SALAMANCA,31,59,0.156,0.23399999999999999
2026,1,SERRANO III,434,MIXTO,261,4,SALAMANCA,31,119,0.45799999999999996,0.7290000000000001
2026,2,SERRANO III,434,MIXTO,261,4,SALAMANCA,28,127,0.48700000000000004,0.7929999999999999
2026,3,SERRANO III,434,MIXTO,261,4,SALAMANCA,31,129,0.494,0.812
2026,4,SERRANO III,434,MIXTO,261,4,SALAMANCA,30,133,0.509,0.8220000000000001
2026,5,SERRANO III,434,MIXTO,261,4,SALAMANCA,31,132,0.506,0.81
2026,6,SERRANO III,434,MIXTO,261,4,SALAMANCA,30,121,0.462,0.737
2026,7,SERRANO III,434,MIXTO,261,4,SALAMANCA,31,110,0.423,0.6609999999999999
2026,8,SERRANO III,434,MIXTO,261,4,SALAMANCA,31,69,0.265,0.382
2026,1,SEVILLA,114,MIXTO,393,1,CENTRO,31,24,0.06,0.10800000000000001
2026,2,SEVILLA,114,MIXTO,393,1,CENTRO,28,24,0.062,0.109
2026,3,SEVILLA,114,MIXTO,393,1,CENTRO,31,23,0.059000000000000004,0.10400000000000001
2026,4,SEVILLA,114,MIXTO,393,1,CENTRO,30,22,0.055,0.09699999999999999
2026,5,SEVILLA,114,MIXTO,393,1,CENTRO,31,23,0.057999999999999996,0.10099999999999999
2026,6,SEVILLA,114,MIXTO,393,1,CENTRO,30,19,0.049,0.084
2026,7,SEVILLA,114,MIXTO,393,1,CENTRO,31,20,0.05,0.086
2026,1,VELÁZQUEZ JUAN BRAVO,5019,ROTACIONAL,328,4,SALAMANCA,31,62,0.18899999999999997,0.29600000000000004
2026,2,VELÁZQUEZ JUAN BRAVO,5019,ROTACIONAL,328,4,SALAMANCA,28,77,0.235,0.373
2026,3,VELÁZQUEZ JUAN BRAVO,5019,ROTACIONAL,328,4,SALAMANCA,31,75,0.22699999999999998,0.369
2026,4,VELÁZQUEZ JUAN BRAVO,5019,ROTACIONAL,328,4,SALAMANCA,30,73,0.222,0.366
2026,5,VELÁZQUEZ JUAN BRAVO,5019,ROTACIONAL,328,4,SALAMANCA,31,67,0.205,0.324
2026,6,VELÁZQUEZ JUAN BRAVO,5019,ROTACIONAL,328,4,SALAMANCA,30,82,0.251,0.42200000000000004
2026,7,VELÁZQUEZ JUAN BRAVO,5019,ROTACIONAL,328,4,SALAMANCA,31,72,0.21899999999999997,0.36200000000000004
2026,8,VELÁZQUEZ JUAN BRAVO,5019,ROTACIONAL,328,4,SALAMANCA,31,35,0.10800000000000001,0.14800000000000002
2026,1,VERDAGUER Y GARCÍA,1524,MIXTO,83,15,CIUDAD LINEAL,31,21,0.25,0.14300000000000002
2026,2,VERDAGUER Y GARCÍA,1524,MIXTO,83,15,CIUDAD LINEAL,28,22,0.262,0.157
2026,3,VERDAGUER Y GARCÍA,1524,MIXTO,83,15,CIUDAD LINEAL,31,19,0.23,0.13
2026,4,VERDAGUER Y GARCÍA,1524,MIXTO,83,15,CIUDAD LINEAL,30,17,0.207,0.151
2026,5,VERDAGUER Y GARCÍA,1524,MIXTO,83,15,CIUDAD LINEAL,31,23,0.275,0.201
2026,6,VERDAGUER Y GARCÍA,1524,MIXTO,83,15,CIUDAD LINEAL,30,39,0.47100000000000003,0.426
2026,7,VERDAGUER Y GARCÍA,1524,MIXTO,83,15,CIUDAD LINEAL,31,17,0.209,0.14800000000000002
2026,8,VERDAGUER Y GARCÍA,1524,MIXTO,83,15,CIUDAD LINEAL,31,15,0.182,0.152
2026,1,VILLA DE PARÍS,5020,ROTACIONAL,179,1,CENTRO,31,121,0.6779999999999999,0.8109999999999999
2026,2,VILLA DE PARÍS,5020,ROTACIONAL,179,1,CENTRO,28,126,0.705,0.866
2026,3,VILLA DE PARÍS,5020,ROTACIONAL,179,1,CENTRO,31,125,0.696,0.838
2026,4,VILLA DE PARÍS,5020,ROTACIONAL,179,1,CENTRO,30,123,0.6859999999999999,0.828
2026,5,VILLA DE PARÍS,5020,ROTACIONAL,179,1,CENTRO,31,123,0.6890000000000001,0.8390000000000001
2026,6,VILLA DE PARÍS,5020,ROTACIONAL,179,1,CENTRO,30,124,0.6940000000000001,0.815
2026,7,VILLA DE PARÍS,5020,ROTACIONAL,179,1,CENTRO,31,114,0.638,0.7609999999999999
2026,8,VILLA DE PARÍS,5020,ROTACIONAL,179,1,CENTRO,30,96,0.535,0.595
2022,1,ALMAGRO,5000,ROT,437,7,CHAMBERI,31,132,0.301,0.41200000000000003
2022,2,ALMAGRO,5000,ROT,437,7,CHAMBERI,27,158,0.361,0.501
2022,3,ALMAGRO,5000,ROT,437,7,CHAMBERI,31,173,0.396,0.5579999999999999
2022,4,ALMAGRO,5000,ROT,437,7,CHAMBERI,28,231,0.528,0.6829999999999999
2022,5,ALMAGRO,5000,ROT,437,7,CHAMBERI,31,268,0.614,0.738
2022,6,ALMAGRO,5000,ROT,437,7,CHAMBERI,26,286,0.655,0.8240000000000001
2022,7,ALMAGRO,5000,ROT,437,7,CHAMBERI,31,320,0.733,0.871
2022,8,ALMAGRO,5000,ROT,437,7,CHAMBERI,31,290,0.664,0.753
2022,9,ALMAGRO,5000,ROT,437,7,CHAMBERI,30,231,0.529,0.688
2022,10,ALMAGRO,5000,ROT,437,7,CHAMBERI,30,215,0.49200000000000005,0.6459999999999999
2022,11,ALMAGRO,5000,ROT,437,7,CHAMBERI,29,214,0.49,0.655
2022,12,ALMAGRO,5000,ROT,437,7,CHAMBERI,31,172,0.39399999999999996,0.508
2022,1,ARQUITECTO RIBERA,111,ROT,318,1,CENTRO,31,156,0.489,0.6920000000000001
2022,2,ARQUITECTO RIBERA,111,ROT,318,1,CENTRO,28,178,0.5579999999999999,0.805
2022,3,ARQUITECTO RIBERA,111,ROT,318,1,CENTRO,31,171,0.5379999999999999,0.777
2022,4,ARQUITECTO RIBERA,111,ROT,318,1,CENTRO,30,155,0.48700000000000004,0.659
2022,5,ARQUITECTO RIBERA,111,ROT,318,1,CENTRO,31,160,0.503,0.696
2022,6,ARQUITECTO RIBERA,111,ROT,318,1,CENTRO,30,157,0.494,0.6809999999999999
2022,7,ARQUITECTO RIBERA,111,ROT,318,1,CENTRO,31,129,0.406,0.5489999999999999
2022,8,ARQUITECTO RIBERA,111,ROT,318,1,CENTRO,31,78,0.245,0.331
2022,9,ARQUITECTO RIBERA,111,ROT,318,1,CENTRO,30,160,0.505,0.688
2022,10,ARQUITECTO RIBERA,111,ROT,318,1,CENTRO,31,163,0.514,0.715
2022,11,ARQUITECTO RIBERA,111,ROT,318,1,CENTRO,30,173,0.544,0.778
2022,12,ARQUITECTO RIBERA,111,ROT,318,1,CENTRO,31,172,0.54,0.745
2022,1,AVENIDA DE AMÉRICA,519,ROT,265,5,CHAMARTIN,31,113,0.425,0.503
2022,2,AVENIDA DE AMÉRICA,519,ROT,265,5,CHAMARTIN,28,123,0.46299999999999997,0.5579999999999999
2022,3,AVENIDA DE AMÉRICA,519,ROT,265,5,CHAMARTIN,31,121,0.456,0.546
2022,4,AVENIDA DE AMÉRICA,519,ROT,265,5,CHAMARTIN,30,114,0.429,0.512
2022,5,AVENIDA DE AMÉRICA,519,ROT,265,5,CHAMARTIN,31,117,0.441,0.524
2022,6,AVENIDA DE AMÉRICA,519,ROT,265,5,CHAMARTIN,30,118,0.444,0.528
2022,7,AVENIDA DE AMÉRICA,519,ROT,265,5,CHAMARTIN,31,104,0.392,0.46399999999999997
2022,8,AVENIDA DE AMÉRICA,519,ROT,265,5,CHAMARTIN,31,85,0.321,0.384
2022,9,AVENIDA DE AMÉRICA,519,ROT,265,5,CHAMARTIN,30,108,0.408,0.491
2022,10,AVENIDA DE AMÉRICA,519,ROT,265,5,CHAMARTIN,31,109,0.413,0.491
2022,11,AVENIDA DE AMÉRICA,519,ROT,265,5,CHAMARTIN,30,113,0.426,0.511
2022,12,AVENIDA DE AMÉRICA,519,ROT,265,5,CHAMARTIN,31,116,0.43799999999999994,0.519
2022,1,AVENIDA DE PORTUGAL,1022,ROT,428,10,LATINA,31,124,0.29,0.342
2022,2,AVENIDA DE PORTUGAL,1022,ROT,428,10,LATINA,27,243,0.568,0.6579999999999999
2022,3,AVENIDA DE PORTUGAL,1022,ROT,428,10,LATINA,31,292,0.6809999999999999,0.769
2022,4,AVENIDA DE PORTUGAL,1022,ROT,428,10,LATINA,28,261,0.609,0.6920000000000001
2022,5,AVENIDA DE PORTUGAL,1022,ROT,428,10,LATINA,31,268,0.627,0.6920000000000001
2022,6,AVENIDA DE PORTUGAL,1022,ROT,428,10,LATINA,26,171,0.39899999999999997,0.484
2022,7,AVENIDA DE PORTUGAL,1022,ROT,428,10,LATINA,31,142,0.331,0.397
2022,8,AVENIDA DE PORTUGAL,1022,ROT,428,10,LATINA,31,309,0.722,0.807
2022,9,AVENIDA DE PORTUGAL,1022,ROT,428,10,LATINA,30,257,0.6,0.688
2022,10,AVENIDA DE PORTUGAL,1022,ROT,428,10,LATINA,30,110,0.257,0.326
2022,11,AVENIDA DE PORTUGAL,1022,ROT,428,10,LATINA,29,157,0.36700000000000005,0.467
2022,12,AVENIDA DE PORTUGAL,1022,ROT,428,10,LATINA,31,197,0.461,0.616
2022,1,BRASIL,602,ROT,237,6,TETUAN,31,2,0.01,0.018000000000000002
2022,2,BRASIL,602,ROT,237,6,TETUAN,28,3,0.013000000000000001,0.024
2022,3,BRASIL,602,ROT,237,6,TETUAN,31,4,0.017,0.028999999999999998
2022,4,BRASIL,602,ROT,237,6,TETUAN,30,3,0.013000000000000001,0.023
2022,5,BRASIL,602,ROT,237,6,TETUAN,31,4,0.015,0.026000000000000002
2022,6,BRASIL,602,ROT,237,6,TETUAN,30,2,0.01,0.018000000000000002
2022,7,BRASIL,602,ROT,237,6,TETUAN,31,2,0.009000000000000001,0.015
2022,8,BRASIL,602,ROT,237,6,TETUAN,31,1,0.004,0.006999999999999999
2022,9,BRASIL,602,ROT,237,6,TETUAN,30,3,0.015,0.026000000000000002
2022,10,BRASIL,602,ROT,237,6,TETUAN,31,4,0.018000000000000002,0.032
2022,11,BRASIL,602,ROT,237,6,TETUAN,30,5,0.019,0.033
2022,12,BRASIL,602,ROT,237,6,TETUAN,31,4,0.018000000000000002,0.032
2022,1,CASINO DE LA REINA,122,ROT,131,1,CENTRO,31,95,0.7240000000000001,0.813
2022,2,CASINO DE LA REINA,122,ROT,131,1,CENTRO,28,99,0.757,0.8490000000000001
2022,3,CASINO DE LA REINA,122,ROT,131,1,CENTRO,31,97,0.741,0.826
2022,4,CASINO DE LA REINA,122,ROT,131,1,CENTRO,30,91,0.6970000000000001,0.768
2022,5,CASINO DE LA REINA,122,ROT,131,1,CENTRO,31,92,0.7020000000000001,0.7909999999999999
2022,6,CASINO DE LA REINA,122,ROT,131,1,CENTRO,30,90,0.69,0.774
2022,7,CASINO DE LA REINA,122,ROT,131,1,CENTRO,31,76,0.58,0.6559999999999999
2022,8,CASINO DE LA REINA,122,ROT,131,1,CENTRO,31,70,0.5329999999999999,0.586
2022,9,CASINO DE LA REINA,122,ROT,131,1,CENTRO,30,86,0.657,0.746
2022,10,CASINO DE LA REINA,122,ROT,131,1,CENTRO,31,92,0.701,0.7909999999999999
2022,11,CASINO DE LA REINA,122,ROT,131,1,CENTRO,30,91,0.6920000000000001,0.782
2022,12,CASINO DE LA REINA,122,ROT,131,1,CENTRO,31,88,0.675,0.763
2022,1,CONDESA DE GAVIA,607,ROT,146,6,TETUAN,24,1,0.008,0.015
2022,2,CONDESA DE GAVIA,607,ROT,146,6,TETUAN,24,1,0.008,0.016
2022,3,CONDESA DE GAVIA,607,ROT,146,6,TETUAN,27,1,0.006,0.012
2022,4,CONDESA DE GAVIA,607,ROT,146,6,TETUAN,23,1,0.006999999999999999,0.013000000000000001
2022,5,CONDESA DE GAVIA,607,ROT,146,6,TETUAN,24,1,0.005,0.011000000000000001
2022,6,CONDESA DE GAVIA,607,ROT,146,6,TETUAN,26,1,0.005,0.009000000000000001
2022,7,CONDESA DE GAVIA,607,ROT,146,6,TETUAN,25,1,0.005,0.009000000000000001
2022,8,CONDESA DE GAVIA,607,ROT,146,6,TETUAN,23,0,0.002,0.004
2022,9,CONDESA DE GAVIA,607,ROT,146,6,TETUAN,26,0,0.003,0.006
2022,10,CONDESA DE GAVIA,607,ROT,146,6,TETUAN,24,1,0.008,0.016
2022,11,CONDESA DE GAVIA,607,ROT,146,6,TETUAN,24,1,0.008,0.016
2022,12,CONDESA DE GAVIA,607,ROT,146,6,TETUAN,23,2,0.013000000000000001,0.027000000000000003
2022,1,CORAZÓN DE MARÍA II,511,ROT,511,5,CHAMARTIN,31,2,0.004,0.006999999999999999
2022,2,CORAZÓN DE MARÍA II,511,ROT,511,5,CHAMARTIN,28,3,0.005,0.01
2022,3,CORAZÓN DE MARÍA II,511,ROT,511,5,CHAMARTIN,31,3,0.006,0.011000000000000001
2022,4,CORAZÓN DE MARÍA II,511,ROT,511,5,CHAMARTIN,30,2,0.005,0.008
2022,5,CORAZÓN DE MARÍA II,511,ROT,511,5,CHAMARTIN,31,3,0.005,0.009000000000000001
2022,6,CORAZÓN DE MARÍA II,511,ROT,511,5,CHAMARTIN,30,3,0.005,0.009000000000000001
2022,7,CORAZÓN DE MARÍA II,511,ROT,511,5,CHAMARTIN,31,2,0.004,0.006999999999999999
2022,8,CORAZÓN DE MARÍA II,511,ROT,511,5,CHAMARTIN,29,1,0.002,0.003
2022,9,CORAZÓN DE MARÍA II,511,ROT,511,5,CHAMARTIN,30,2,0.005,0.009000000000000001
2022,10,CORAZÓN DE MARÍA II,511,ROT,511,5,CHAMARTIN,31,3,0.005,0.009000000000000001
2022,11,CORAZÓN DE MARÍA II,511,ROT,511,5,CHAMARTIN,30,3,0.006,0.01
2022,12,CORAZÓN DE MARÍA II,511,ROT,511,5,CHAMARTIN,31,3,0.006,0.01
2022,1,CORONA BOREAL,911,ROT,125,9,MONCLOA-ARAVACA,31,6,0.051,0.102
2022,2,CORONA BOREAL,911,ROT,125,9,MONCLOA-ARAVACA,28,8,0.06,0.12
2022,3,CORONA BOREAL,911,ROT,125,9,MONCLOA-ARAVACA,31,8,0.061,0.121
2022,4,CORONA BOREAL,911,ROT,125,9,MONCLOA-ARAVACA,30,6,0.05,0.099
2022,5,CORONA BOREAL,911,ROT,125,9,MONCLOA-ARAVACA,31,8,0.061,0.122
2022,6,CORONA BOREAL,911,ROT,125,9,MONCLOA-ARAVACA,30,8,0.065,0.129
2022,7,CORONA BOREAL,911,ROT,125,9,MONCLOA-ARAVACA,31,6,0.047,0.094
2022,8,CORONA BOREAL,911,ROT,125,9,MONCLOA-ARAVACA,30,2,0.017,0.033
2022,9,CORONA BOREAL,911,ROT,125,9,MONCLOA-ARAVACA,30,7,0.06,0.11800000000000001
2022,10,CORONA BOREAL,911,ROT,125,9,MONCLOA-ARAVACA,31,7,0.057,0.11199999999999999
2022,11,CORONA BOREAL,911,ROT,125,9,MONCLOA-ARAVACA,30,7,0.055999999999999994,0.11199999999999999
2022,12,CORONA BOREAL,911,ROT,125,9,MONCLOA-ARAVACA,31,7,0.06,0.11900000000000001
2022,1,DAOÍZ Y VELARDE,319,ROT,235,3,RETIRO,31,103,0.439,0.546
2022,2,DAOÍZ Y VELARDE,319,ROT,235,3,RETIRO,28,107,0.457,0.5770000000000001
2022,3,DAOÍZ Y VELARDE,319,ROT,235,3,RETIRO,31,104,0.441,0.542
2022,4,DAOÍZ Y VELARDE,319,ROT,235,3,RETIRO,30,104,0.444,0.546
2022,5,DAOÍZ Y VELARDE,319,ROT,235,3,RETIRO,31,104,0.44299999999999995,0.5379999999999999
2022,6,DAOÍZ Y VELARDE,319,ROT,235,3,RETIRO,30,105,0.446,0.5539999999999999
2022,7,DAOÍZ Y VELARDE,319,ROT,235,3,RETIRO,31,96,0.40700000000000003,0.49
2022,8,DAOÍZ Y VELARDE,319,ROT,235,3,RETIRO,31,77,0.326,0.364
2022,9,DAOÍZ Y VELARDE,319,ROT,235,3,RETIRO,30,95,0.405,0.473
2022,10,DAOÍZ Y VELARDE,319,ROT,235,3,RETIRO,31,102,0.433,0.512
2022,11,DAOÍZ Y VELARDE,319,ROT,235,3,RETIRO,30,109,0.465,0.578
2022,12,DAOÍZ Y VELARDE,319,ROT,235,3,RETIRO,31,112,0.47700000000000004,0.564
2022,1,DESCALZAS,5003,ROT,400,1,CENTRO,31,127,0.316,0.42200000000000004
2022,2,DESCALZAS,5003,ROT,400,1,CENTRO,28,124,0.311,0.415
2022,3,DESCALZAS,5003,ROT,400,1,CENTRO,31,102,0.254,0.34299999999999997
2022,4,DESCALZAS,5003,ROT,400,1,CENTRO,30,110,0.27399999999999997,0.365
2022,5,DESCALZAS,5003,ROT,400,1,CENTRO,31,100,0.25,0.32799999999999996
2022,6,DESCALZAS,5003,ROT,400,1,CENTRO,30,100,0.25,0.32
2022,7,DESCALZAS,5003,ROT,400,1,CENTRO,31,93,0.23199999999999998,0.29
2022,8,DESCALZAS,5003,ROT,400,1,CENTRO,31,92,0.23,0.27899999999999997
2022,9,DESCALZAS,5003,ROT,400,1,CENTRO,30,105,0.263,0.341
2022,10,DESCALZAS,5003,ROT,400,1,CENTRO,31,106,0.265,0.365
2022,11,DESCALZAS,5003,ROT,400,1,CENTRO,30,107,0.268,0.384
2022,12,DESCALZAS,5003,ROT,400,1,CENTRO,31,149,0.373,0.521
2022,1,DÍAZ PORLIER,416,ROT,203,4,SALAMANCA,31,95,0.469,0.657
2022,2,DÍAZ PORLIER,416,ROT,203,4,SALAMANCA,28,107,0.526,0.748
2022,3,DÍAZ PORLIER,416,ROT,203,4,SALAMANCA,31,118,0.58,0.8270000000000001
2022,4,DÍAZ PORLIER,416,ROT,203,4,SALAMANCA,30,104,0.514,0.726
2022,5,DÍAZ PORLIER,416,ROT,203,4,SALAMANCA,31,109,0.539,0.7609999999999999
2022,6,DÍAZ PORLIER,416,ROT,203,4,SALAMANCA,30,107,0.527,0.7659999999999999
2022,7,DÍAZ PORLIER,416,ROT,203,4,SALAMANCA,31,85,0.42100000000000004,0.624
2022,8,DÍAZ PORLIER,416,ROT,203,4,SALAMANCA,31,47,0.231,0.34700000000000003
2022,9,DÍAZ PORLIER,416,ROT,203,4,SALAMANCA,30,99,0.486,0.7190000000000001
2022,10,DÍAZ PORLIER,416,ROT,203,4,SALAMANCA,31,105,0.515,0.75
2022,11,DÍAZ PORLIER,416,ROT,203,4,SALAMANCA,30,112,0.552,0.8029999999999999
2022,12,DÍAZ PORLIER,416,ROT,203,4,SALAMANCA,31,101,0.496,0.698
2022,1,ENCUENTRO,1419,ROT,90,14,MORATALAZ,31,0,0.004,0.005
2022,2,ENCUENTRO,1419,ROT,90,14,MORATALAZ,28,0,0.004,0.005
2022,3,ENCUENTRO,1419,ROT,90,14,MORATALAZ,31,0,0.005,0.006
2022,4,ENCUENTRO,1419,ROT,90,14,MORATALAZ,30,0,0.005,0.006
2022,5,ENCUENTRO,1419,ROT,90,14,MORATALAZ,31,0,0.005,0.006
2022,6,ENCUENTRO,1419,ROT,90,14,MORATALAZ,30,1,0.006,0.008
2022,7,ENCUENTRO,1419,ROT,90,14,MORATALAZ,31,0,0.005,0.006
2022,8,ENCUENTRO,1419,ROT,90,14,MORATALAZ,31,0,0.003,0.005
2022,9,ENCUENTRO,1419,ROT,90,14,MORATALAZ,30,0,0.005,0.006
2022,10,ENCUENTRO,1419,ROT,90,14,MORATALAZ,31,0,0.004,0.005
2022,11,ENCUENTRO,1419,ROT,90,14,MORATALAZ,30,1,0.006,0.006999999999999999
2022,12,ENCUENTRO,1419,ROT,90,14,MORATALAZ,31,0,0.005,0.006999999999999999
2022,1,FELIPE II,422,ROT,1175,4,SALAMANCA,31,119,0.10099999999999999,0.195
2022,2,FELIPE II,422,ROT,1175,4,SALAMANCA,28,96,0.08199999999999999,0.154
2022,3,FELIPE II,422,ROT,1175,4,SALAMANCA,31,89,0.076,0.14300000000000002
2022,4,FELIPE II,422,ROT,1175,4,SALAMANCA,30,91,0.077,0.145
2022,5,FELIPE II,422,ROT,1175,4,SALAMANCA,31,98,0.083,0.156
2022,6,FELIPE II,422,ROT,1175,4,SALAMANCA,30,97,0.083,0.154
2022,7,FELIPE II,422,ROT,1175,4,SALAMANCA,31,90,0.077,0.142
2022,8,FELIPE II,422,ROT,1175,4,SALAMANCA,31,61,0.052000000000000005,0.099
2022,9,FELIPE II,422,ROT,1175,4,SALAMANCA,30,87,0.07400000000000001,0.139
2022,10,FELIPE II,422,ROT,1175,4,SALAMANCA,31,93,0.079,0.14800000000000002
2022,11,FELIPE II,422,ROT,1175,4,SALAMANCA,30,102,0.087,0.165
2022,12,FELIPE II,422,ROT,1175,4,SALAMANCA,31,121,0.10300000000000001,0.192
2022,1,FERNÁNDEZ SHAW,5005,ROT,243,3,RETIRO,31,23,0.095,0.102
2022,2,FERNÁNDEZ SHAW,5005,ROT,243,3,RETIRO,28,32,0.131,0.204
2022,3,FERNÁNDEZ SHAW,5005,ROT,243,3,RETIRO,31,33,0.135,0.225
2022,4,FERNÁNDEZ SHAW,5005,ROT,243,3,RETIRO,30,30,0.124,0.19399999999999998
2022,5,FERNÁNDEZ SHAW,5005,ROT,243,3,RETIRO,31,32,0.13,0.22
2022,6,FERNÁNDEZ SHAW,5005,ROT,243,3,RETIRO,30,35,0.145,0.235
2022,7,FERNÁNDEZ SHAW,5005,ROT,243,3,RETIRO,31,30,0.122,0.165
2022,8,FERNÁNDEZ SHAW,5005,ROT,243,3,RETIRO,31,30,0.124,0.124
2022,9,FERNÁNDEZ SHAW,5005,ROT,243,3,RETIRO,30,36,0.147,0.24100000000000002
2022,10,FERNÁNDEZ SHAW,5005,ROT,243,3,RETIRO,31,32,0.133,0.217
2022,11,FERNÁNDEZ SHAW,5005,ROT,243,3,RETIRO,30,37,0.153,0.245
2022,12,FERNÁNDEZ SHAW,5005,ROT,243,3,RETIRO,31,25,0.10300000000000001,0.155
2022,1,FUENCARRAL,714,ROT,290,7,CHAMBERI,31,29,-6.521,-2.35
2022,2,FUENCARRAL,714,ROT,290,7,CHAMBERI,27,47,-1.056,0.28300000000000003
2022,3,FUENCARRAL,714,ROT,290,7,CHAMBERI,31,76,0.261,0.39399999999999996
2022,4,FUENCARRAL,714,ROT,290,7,CHAMBERI,30,76,0.264,0.39
2022,5,FUENCARRAL,714,ROT,290,7,CHAMBERI,31,77,0.264,0.377
2022,6,FUENCARRAL,714,ROT,290,7,CHAMBERI,30,75,0.259,0.371
2022,7,FUENCARRAL,714,ROT,290,7,CHAMBERI,31,60,0.207,0.289
2022,8,FUENCARRAL,714,ROT,290,7,CHAMBERI,31,31,0.106,0.15
2022,9,FUENCARRAL,714,ROT,290,7,CHAMBERI,29,187,0.6459999999999999,0.79
2022,10,FUENCARRAL,714,ROT,290,7,CHAMBERI,31,76,0.261,0.39399999999999996
2022,11,FUENCARRAL,714,ROT,290,7,CHAMBERI,30,273,0.943,1.12
2022,12,FUENCARRAL,714,ROT,290,7,CHAMBERI,31,156,0.5379999999999999,0.684
2022,1,HERNANI,617,ROT,116,6,TETUAN,31,51,0.43799999999999994,0.763
2022,2,HERNANI,617,ROT,116,6,TETUAN,28,51,0.43700000000000006,0.759
2022,3,HERNANI,617,ROT,116,6,TETUAN,31,53,0.45399999999999996,0.7879999999999999
2022,4,HERNANI,617,ROT,116,6,TETUAN,30,44,0.382,0.65
2022,5,HERNANI,617,ROT,116,6,TETUAN,31,48,0.41600000000000004,0.711
2022,6,HERNANI,617,ROT,116,6,TETUAN,30,48,0.413,0.7190000000000001
2022,7,HERNANI,617,ROT,116,6,TETUAN,31,42,0.364,0.647
2022,8,HERNANI,617,ROT,116,6,TETUAN,31,20,0.175,0.315
2022,9,HERNANI,617,ROT,116,6,TETUAN,30,50,0.43,0.745
2022,10,HERNANI,617,ROT,116,6,TETUAN,31,54,0.46399999999999997,0.789
2022,11,HERNANI,617,ROT,116,6,TETUAN,30,59,0.51,0.858
2022,12,HERNANI,617,ROT,116,6,TETUAN,31,63,0.54,0.885
2022,1,JACINTO BENAVENTE,110,ROT,276,1,CENTRO,31,137,0.496,0.6629999999999999
2022,2,JACINTO BENAVENTE,110,ROT,276,1,CENTRO,27,129,0.467,0.626
2022,3,JACINTO BENAVENTE,110,ROT,276,1,CENTRO,31,172,0.622,0.787
2022,4,JACINTO BENAVENTE,110,ROT,276,1,CENTRO,28,234,0.848,1.031
2022,5,JACINTO BENAVENTE,110,ROT,276,1,CENTRO,31,209,0.757,0.8759999999999999
2022,6,JACINTO BENAVENTE,110,ROT,276,1,CENTRO,26,214,0.774,0.9109999999999999
2022,7,JACINTO BENAVENTE,110,ROT,276,1,CENTRO,31,223,0.807,0.9329999999999999
2022,8,JACINTO BENAVENTE,110,ROT,276,1,CENTRO,31,214,0.777,0.902
2022,9,JACINTO BENAVENTE,110,ROT,276,1,CENTRO,30,228,0.826,0.98
2022,10,JACINTO BENAVENTE,110,ROT,276,1,CENTRO,31,254,0.92,1.102
2022,11,JACINTO BENAVENTE,110,ROT,276,1,CENTRO,29,245,0.888,1.0859999999999999
2022,12,JACINTO BENAVENTE,110,ROT,276,1,CENTRO,31,267,0.9670000000000001,1.157
2022,1,JOSÉ CASTÁN TOBEÑAS,604,ROT,226,6,TETUAN,31,33,0.145,0.225
2022,2,JOSÉ CASTÁN TOBEÑAS,604,ROT,226,6,TETUAN,28,42,0.18600000000000003,0.298
2022,3,JOSÉ CASTÁN TOBEÑAS,604,ROT,226,6,TETUAN,31,275,1.217,2.3480000000000003
2022,4,JOSÉ CASTÁN TOBEÑAS,604,ROT,226,6,TETUAN,30,38,0.168,0.261
2022,5,JOSÉ CASTÁN TOBEÑAS,604,ROT,226,6,TETUAN,31,43,0.18899999999999997,0.305
2022,6,JOSÉ CASTÁN TOBEÑAS,604,ROT,226,6,TETUAN,30,39,0.174,0.28600000000000003
2022,7,JOSÉ CASTÁN TOBEÑAS,604,ROT,226,6,TETUAN,31,28,0.126,0.20199999999999999
2022,8,JOSÉ CASTÁN TOBEÑAS,604,ROT,226,6,TETUAN,31,20,0.09,0.129
2022,9,JOSÉ CASTÁN TOBEÑAS,604,ROT,226,6,TETUAN,30,38,0.16699999999999998,0.271
2022,10,JOSÉ CASTÁN TOBEÑAS,604,ROT,226,6,TETUAN,31,41,0.183,0.28600000000000003
2022,11,JOSÉ CASTÁN TOBEÑAS,604,ROT,226,6,TETUAN,30,44,0.19699999999999998,0.313
2022,12,JOSÉ CASTÁN TOBEÑAS,604,ROT,226,6,TETUAN,31,38,0.168,0.25
2022,1,LUNA TUDESCOS,5006,ROT,481,1,CENTRO,31,190,0.396,0.515
2022,2,LUNA TUDESCOS,5006,ROT,481,1,CENTRO,28,186,0.387,0.513
2022,3,LUNA TUDESCOS,5006,ROT,481,1,CENTRO,31,175,0.364,0.49200000000000005
2022,4,LUNA TUDESCOS,5006,ROT,481,1,CENTRO,30,166,0.34600000000000003,0.445
2022,5,LUNA TUDESCOS,5006,ROT,481,1,CENTRO,31,102,0.21100000000000002,0.312
2022,6,LUNA TUDESCOS,5006,ROT,481,1,CENTRO,30,106,0.22,0.314
2022,7,LUNA TUDESCOS,5006,ROT,481,1,CENTRO,31,278,0.578,0.6920000000000001
2022,8,LUNA TUDESCOS,5006,ROT,481,1,CENTRO,31,288,0.599,0.6940000000000001
2022,9,LUNA TUDESCOS,5006,ROT,481,1,CENTRO,30,242,0.504,0.63
2022,10,LUNA TUDESCOS,5006,ROT,481,1,CENTRO,31,168,0.349,0.45899999999999996
2022,11,LUNA TUDESCOS,5006,ROT,481,1,CENTRO,30,204,0.425,0.551
2022,12,LUNA TUDESCOS,5006,ROT,481,1,CENTRO,31,173,0.359,0.479
2022,1,MARQUÉS DE SALAMANCA,420,ROT,281,4,SALAMANCA,31,62,0.22,0.34600000000000003
2022,2,MARQUÉS DE SALAMANCA,420,ROT,281,4,SALAMANCA,27,116,0.41200000000000003,0.573
2022,3,MARQUÉS DE SALAMANCA,420,ROT,281,4,SALAMANCA,31,178,0.632,0.7609999999999999
2022,4,MARQUÉS DE SALAMANCA,420,ROT,281,4,SALAMANCA,28,97,0.344,0.494
2022,5,MARQUÉS DE SALAMANCA,420,ROT,281,4,SALAMANCA,31,98,0.348,0.483
2022,6,MARQUÉS DE SALAMANCA,420,ROT,281,4,SALAMANCA,26,72,0.256,0.359
2022,7,MARQUÉS DE SALAMANCA,420,ROT,281,4,SALAMANCA,31,36,0.128,0.175
2022,8,MARQUÉS DE SALAMANCA,420,ROT,281,4,SALAMANCA,31,32,0.11199999999999999,0.161
2022,9,MARQUÉS DE SALAMANCA,420,ROT,281,4,SALAMANCA,30,75,0.266,0.409
2022,10,MARQUÉS DE SALAMANCA,420,ROT,281,4,SALAMANCA,30,150,0.535,0.6990000000000001
2022,11,MARQUÉS DE SALAMANCA,420,ROT,281,4,SALAMANCA,29,115,0.408,0.575
2022,12,MARQUÉS DE SALAMANCA,420,ROT,281,4,SALAMANCA,31,88,0.312,0.435
2022,1,MARQUÉS DE URQUIJO,5007,ROT,428,9,MONCLOA-ARAVACA,31,41,0.09699999999999999,0.16899999999999998
2022,2,MARQUÉS DE URQUIJO,5007,ROT,428,9,MONCLOA-ARAVACA,28,49,0.115,0.201
2022,3,MARQUÉS DE URQUIJO,5007,ROT,428,9,MONCLOA-ARAVACA,31,48,0.113,0.19699999999999998
2022,4,MARQUÉS DE URQUIJO,5007,ROT,428,9,MONCLOA-ARAVACA,30,46,0.10800000000000001,0.179
2022,5,MARQUÉS DE URQUIJO,5007,ROT,428,9,MONCLOA-ARAVACA,31,46,0.107,0.182
2022,6,MARQUÉS DE URQUIJO,5007,ROT,428,9,MONCLOA-ARAVACA,30,47,0.11,0.17600000000000002
2022,7,MARQUÉS DE URQUIJO,5007,ROT,428,9,MONCLOA-ARAVACA,31,34,0.08,0.12300000000000001
2022,8,MARQUÉS DE URQUIJO,5007,ROT,428,9,MONCLOA-ARAVACA,31,18,0.042,0.062
2022,9,MARQUÉS DE URQUIJO,5007,ROT,428,9,MONCLOA-ARAVACA,30,51,0.11900000000000001,0.18899999999999997
2022,10,MARQUÉS DE URQUIJO,5007,ROT,428,9,MONCLOA-ARAVACA,31,53,0.124,0.20600000000000002
2022,11,MARQUÉS DE URQUIJO,5007,ROT,428,9,MONCLOA-ARAVACA,30,58,0.135,0.21600000000000003
2022,12,MARQUÉS DE URQUIJO,5007,ROT,428,9,MONCLOA-ARAVACA,31,66,0.155,0.226
2022,1,MIGUEL YUSTE,2005,ROT,250,20,SAN BLAS-CANILLEJAS,19,3,0.01,0.006999999999999999
2022,2,MIGUEL YUSTE,2005,ROT,250,20,SAN BLAS-CANILLEJAS,20,3,0.011000000000000001,0.009000000000000001
2022,3,MIGUEL YUSTE,2005,ROT,250,20,SAN BLAS-CANILLEJAS,23,3,0.012,0.01
2022,4,MIGUEL YUSTE,2005,ROT,250,20,SAN BLAS-CANILLEJAS,18,3,0.01,0.01
2022,5,MIGUEL YUSTE,2005,ROT,250,20,SAN BLAS-CANILLEJAS,20,3,0.011000000000000001,0.01
2022,6,MIGUEL YUSTE,2005,ROT,250,20,SAN BLAS-CANILLEJAS,22,3,0.011000000000000001,0.009000000000000001
2022,7,MIGUEL YUSTE,2005,ROT,250,20,SAN BLAS-CANILLEJAS,21,2,0.009000000000000001,0.008
2022,8,MIGUEL YUSTE,2005,ROT,250,20,SAN BLAS-CANILLEJAS,22,1,0.006,0.004
2022,9,MIGUEL YUSTE,2005,ROT,250,20,SAN BLAS-CANILLEJAS,22,3,0.011000000000000001,0.01
2022,10,MIGUEL YUSTE,2005,ROT,250,20,SAN BLAS-CANILLEJAS,20,3,0.011000000000000001,0.01
2022,11,MIGUEL YUSTE,2005,ROT,250,20,SAN BLAS-CANILLEJAS,20,3,0.012,0.011000000000000001
2022,12,MIGUEL YUSTE,2005,ROT,250,20,SAN BLAS-CANILLEJAS,19,2,0.01,0.008
2022,1,MONTALBÁN,5009,ROT,690,3,RETIRO,31,69,0.1,0.14800000000000002
2022,2,MONTALBÁN,5009,ROT,690,3,RETIRO,27,74,0.107,0.159
2022,3,MONTALBÁN,5009,ROT,690,3,RETIRO,31,73,0.106,0.156
2022,4,MONTALBÁN,5009,ROT,690,3,RETIRO,28,73,0.106,0.156
2022,5,MONTALBÁN,5009,ROT,690,3,RETIRO,31,67,0.098,0.138
2022,6,MONTALBÁN,5009,ROT,690,3,RETIRO,26,72,0.10400000000000001,0.152
2022,7,MONTALBÁN,5009,ROT,690,3,RETIRO,31,67,0.098,0.133
2022,8,MONTALBÁN,5009,ROT,690,3,RETIRO,31,63,0.092,0.11900000000000001
2022,9,MONTALBÁN,5009,ROT,690,3,RETIRO,30,77,0.111,0.16
2022,10,MONTALBÁN,5009,ROT,690,3,RETIRO,30,76,0.11,0.159
2022,11,MONTALBÁN,5009,ROT,690,3,RETIRO,29,78,0.113,0.166
2022,12,MONTALBÁN,5009,ROT,690,3,RETIRO,31,78,0.113,0.157
2022,1,MOSTENSES,5010,ROT,362,1,CENTRO,31,112,0.311,0.387
2022,2,MOSTENSES,5010,ROT,362,1,CENTRO,28,138,0.381,0.46399999999999997
2022,3,MOSTENSES,5010,ROT,362,1,CENTRO,31,126,0.349,0.431
2022,4,MOSTENSES,5010,ROT,362,1,CENTRO,30,119,0.32899999999999996,0.397
2022,5,MOSTENSES,5010,ROT,362,1,CENTRO,31,99,0.27399999999999997,0.34
2022,6,MOSTENSES,5010,ROT,362,1,CENTRO,30,99,0.275,0.34
2022,7,MOSTENSES,5010,ROT,362,1,CENTRO,31,94,0.259,0.309
2022,8,MOSTENSES,5010,ROT,362,1,CENTRO,31,99,0.273,0.302
2022,9,MOSTENSES,5010,ROT,362,1,CENTRO,30,115,0.317,0.373
2022,10,MOSTENSES,5010,ROT,362,1,CENTRO,31,120,0.33,0.39399999999999996
2022,11,MOSTENSES,5010,ROT,362,1,CENTRO,30,121,0.335,0.409
2022,12,MOSTENSES,5010,ROT,362,1,CENTRO,31,150,0.415,0.494
2022,1,MUSEO DE LA CIUDAD,5011,ROT,149,5,CHAMARTIN,31,3,0.019,0.037000000000000005
2022,2,MUSEO DE LA CIUDAD,5011,ROT,149,5,CHAMARTIN,28,4,0.026000000000000002,0.051
2022,3,MUSEO DE LA CIUDAD,5011,ROT,149,5,CHAMARTIN,31,4,0.027000000000000003,0.052000000000000005
2022,4,MUSEO DE LA CIUDAD,5011,ROT,149,5,CHAMARTIN,30,3,0.021,0.04
2022,5,MUSEO DE LA CIUDAD,5011,ROT,149,5,CHAMARTIN,31,3,0.023,0.043
2022,6,MUSEO DE LA CIUDAD,5011,ROT,149,5,CHAMARTIN,30,3,0.017,0.034
2022,7,MUSEO DE LA CIUDAD,5011,ROT,149,5,CHAMARTIN,31,1,0.008,0.016
2022,8,MUSEO DE LA CIUDAD,5011,ROT,149,5,CHAMARTIN,31,1,0.003,0.006999999999999999
2022,9,MUSEO DE LA CIUDAD,5011,ROT,149,5,CHAMARTIN,30,2,0.016,0.03
2022,10,MUSEO DE LA CIUDAD,5011,ROT,149,5,CHAMARTIN,31,2,0.016,0.031
2022,11,MUSEO DE LA CIUDAD,5011,ROT,149,5,CHAMARTIN,30,3,0.022000000000000002,0.040999999999999995
2022,12,MUSEO DE LA CIUDAD,5011,ROT,149,5,CHAMARTIN,31,3,0.02,0.038
2022,1,OLAVIDE,5012,ROT,375,7,CHAMBERI,31,43,0.11599999999999999,0.16899999999999998
2022,2,OLAVIDE,5012,ROT,375,7,CHAMBERI,28,63,0.168,0.265
2022,3,OLAVIDE,5012,ROT,375,7,CHAMBERI,31,43,0.11599999999999999,0.16899999999999998
2022,4,OLAVIDE,5012,ROT,375,7,CHAMBERI,30,50,0.132,0.183
2022,5,OLAVIDE,5012,ROT,375,7,CHAMBERI,31,42,0.11199999999999999,0.155
2022,6,OLAVIDE,5012,ROT,375,7,CHAMBERI,30,48,0.127,0.17
2022,7,OLAVIDE,5012,ROT,375,7,CHAMBERI,31,36,0.095,0.128
2022,8,OLAVIDE,5012,ROT,375,7,CHAMBERI,31,211,0.562,0.623
2022,9,OLAVIDE,5012,ROT,375,7,CHAMBERI,29,171,0.456,0.526
2022,10,OLAVIDE,5012,ROT,375,7,CHAMBERI,31,43,0.11599999999999999,0.16899999999999998
2022,11,OLAVIDE,5012,ROT,375,7,CHAMBERI,30,197,0.525,0.608
2022,12,OLAVIDE,5012,ROT,375,7,CHAMBERI,31,176,0.469,0.545
2022,1,ORENSE,610,ROT,129,6,TETUAN,31,37,0.289,0.348
2022,2,ORENSE,610,ROT,129,6,TETUAN,27,34,0.262,0.33
2022,3,ORENSE,610,ROT,129,6,TETUAN,31,41,0.316,0.395
2022,4,ORENSE,610,ROT,129,6,TETUAN,28,51,0.392,0.47100000000000003
2022,5,ORENSE,610,ROT,129,6,TETUAN,31,58,0.452,0.491
2022,6,ORENSE,610,ROT,129,6,TETUAN,26,49,0.381,0.456
2022,7,ORENSE,610,ROT,129,6,TETUAN,31,49,0.379,0.44799999999999995
2022,8,ORENSE,610,ROT,129,6,TETUAN,31,53,0.413,0.46399999999999997
2022,9,ORENSE,610,ROT,129,6,TETUAN,30,58,0.44799999999999995,0.542
2022,10,ORENSE,610,ROT,129,6,TETUAN,30,56,0.43700000000000006,0.5329999999999999
2022,11,ORENSE,610,ROT,129,6,TETUAN,29,58,0.44799999999999995,0.556
2022,12,ORENSE,610,ROT,129,6,TETUAN,31,61,0.47100000000000003,0.5720000000000001
2022,1,PEDRO ZEROLO,101,ROT,113,1,CENTRO,31,81,0.72,0.9209999999999999
2022,2,PEDRO ZEROLO,101,ROT,113,1,CENTRO,27,82,0.7240000000000001,0.924
2022,3,PEDRO ZEROLO,101,ROT,113,1,CENTRO,31,80,0.711,0.92
2022,4,PEDRO ZEROLO,101,ROT,113,1,CENTRO,28,84,0.745,0.941
2022,5,PEDRO ZEROLO,101,ROT,113,1,CENTRO,31,75,0.6629999999999999,0.818
2022,6,PEDRO ZEROLO,101,ROT,113,1,CENTRO,26,80,0.708,0.899
2022,7,PEDRO ZEROLO,101,ROT,113,1,CENTRO,31,86,0.764,0.924
2022,8,PEDRO ZEROLO,101,ROT,113,1,CENTRO,31,85,0.753,0.9229999999999999
2022,9,PEDRO ZEROLO,101,ROT,113,1,CENTRO,30,82,0.722,0.915
2022,10,PEDRO ZEROLO,101,ROT,113,1,CENTRO,30,85,0.75,0.935
2022,11,PEDRO ZEROLO,101,ROT,113,1,CENTRO,29,84,0.7440000000000001,0.9540000000000001
2022,12,PEDRO ZEROLO,101,ROT,113,1,CENTRO,31,83,0.735,0.9179999999999999
2022,1,PLAZA DE COLÓN,5001,ROT,612,1,CENTRO,31,234,0.38299999999999995,0.564
2022,2,PLAZA DE COLÓN,5001,ROT,612,1,CENTRO,28,253,0.413,0.63
2022,3,PLAZA DE COLÓN,5001,ROT,612,1,CENTRO,31,265,0.43200000000000005,0.6609999999999999
2022,4,PLAZA DE COLÓN,5001,ROT,612,1,CENTRO,30,233,0.38,0.563
2022,5,PLAZA DE COLÓN,5001,ROT,612,1,CENTRO,31,243,0.396,0.6
2022,6,PLAZA DE COLÓN,5001,ROT,612,1,CENTRO,30,238,0.38799999999999996,0.58
2022,7,PLAZA DE COLÓN,5001,ROT,612,1,CENTRO,31,201,0.32899999999999996,0.48200000000000004
2022,8,PLAZA DE COLÓN,5001,ROT,612,1,CENTRO,31,134,0.21899999999999997,0.295
2022,9,PLAZA DE COLÓN,5001,ROT,612,1,CENTRO,30,238,0.39,0.593
2022,10,PLAZA DE COLÓN,5001,ROT,612,1,CENTRO,31,240,0.392,0.5920000000000001
2022,11,PLAZA DE COLÓN,5001,ROT,612,1,CENTRO,30,258,0.42200000000000004,0.637
2022,12,PLAZA DE COLÓN,5001,ROT,612,1,CENTRO,31,295,0.48100000000000004,0.7
2022,1,PLAZA DE ESPAÑA,5004,ROT,800,1,CENTRO,31,238,0.298,0.371
2022,2,PLAZA DE ESPAÑA,5004,ROT,800,1,CENTRO,27,227,0.284,0.35200000000000004
2022,3,PLAZA DE ESPAÑA,5004,ROT,800,1,CENTRO,31,230,0.28800000000000003,0.368
2022,4,PLAZA DE ESPAÑA,5004,ROT,800,1,CENTRO,28,252,0.315,0.414
2022,5,PLAZA DE ESPAÑA,5004,ROT,800,1,CENTRO,31,224,0.28,0.349
2022,6,PLAZA DE ESPAÑA,5004,ROT,800,1,CENTRO,26,242,0.303,0.375
2022,7,PLAZA DE ESPAÑA,5004,ROT,800,1,CENTRO,31,212,0.264,0.312
2022,8,PLAZA DE ESPAÑA,5004,ROT,800,1,CENTRO,31,204,0.255,0.292
2022,9,PLAZA DE ESPAÑA,5004,ROT,800,1,CENTRO,30,259,0.32299999999999995,0.395
2022,10,PLAZA DE ESPAÑA,5004,ROT,800,1,CENTRO,30,391,0.488,0.615
2022,11,PLAZA DE ESPAÑA,5004,ROT,800,1,CENTRO,29,436,0.546,0.682
2022,12,PLAZA DE ESPAÑA,5004,ROT,800,1,CENTRO,31,556,0.695,0.845
2022,1,PLAZA DE LAS CORTES,5002,ROT,480,1,CENTRO,31,143,0.298,0.467
2022,2,PLAZA DE LAS CORTES,5002,ROT,480,1,CENTRO,28,197,0.41100000000000003,0.622
2022,3,PLAZA DE LAS CORTES,5002,ROT,480,1,CENTRO,31,227,0.474,0.7190000000000001
2022,4,PLAZA DE LAS CORTES,5002,ROT,480,1,CENTRO,30,220,0.45899999999999996,0.6829999999999999
2022,5,PLAZA DE LAS CORTES,5002,ROT,480,1,CENTRO,31,203,0.423,0.648
2022,6,PLAZA DE LAS CORTES,5002,ROT,480,1,CENTRO,30,169,0.353,0.54
2022,7,PLAZA DE LAS CORTES,5002,ROT,480,1,CENTRO,31,132,0.275,0.418
2022,8,PLAZA DE LAS CORTES,5002,ROT,480,1,CENTRO,31,222,0.46299999999999997,0.5760000000000001
2022,9,PLAZA DE LAS CORTES,5002,ROT,480,1,CENTRO,30,186,0.38799999999999996,0.589
2022,10,PLAZA DE LAS CORTES,5002,ROT,480,1,CENTRO,31,220,0.45899999999999996,0.684
2022,11,PLAZA DE LAS CORTES,5002,ROT,480,1,CENTRO,30,231,0.48200000000000004,0.72
2022,12,PLAZA DE LAS CORTES,5002,ROT,480,1,CENTRO,31,253,0.527,0.75
2022,1,PLAZA DE ORIENTE,107,ROT,212,1,CENTRO,31,20,0.095,0.177
2022,2,PLAZA DE ORIENTE,107,ROT,212,1,CENTRO,28,22,0.10400000000000001,0.191
2022,3,PLAZA DE ORIENTE,107,ROT,212,1,CENTRO,31,22,0.10400000000000001,0.19
2022,4,PLAZA DE ORIENTE,107,ROT,212,1,CENTRO,30,23,0.11,0.198
2022,5,PLAZA DE ORIENTE,107,ROT,212,1,CENTRO,31,24,0.113,0.212
2022,6,PLAZA DE ORIENTE,107,ROT,212,1,CENTRO,30,21,0.099,0.184
2022,7,PLAZA DE ORIENTE,107,ROT,212,1,CENTRO,31,20,0.094,0.172
2022,8,PLAZA DE ORIENTE,107,ROT,212,1,CENTRO,31,13,0.063,0.11699999999999999
2022,9,PLAZA DE ORIENTE,107,ROT,212,1,CENTRO,30,21,0.1,0.188
2022,10,PLAZA DE ORIENTE,107,ROT,212,1,CENTRO,31,23,0.111,0.20800000000000002
2022,11,PLAZA DE ORIENTE,107,ROT,212,1,CENTRO,30,30,0.14300000000000002,0.272
2022,12,PLAZA DE ORIENTE,107,ROT,212,1,CENTRO,31,25,0.12,0.225
2022,1,PLAZA DE SANTA ANA,5018,ROT,328,1,CENTRO,31,144,0.43799999999999994,0.532
2022,2,PLAZA DE SANTA ANA,5018,ROT,328,1,CENTRO,28,160,0.488,0.589
2022,3,PLAZA DE SANTA ANA,5018,ROT,328,1,CENTRO,31,174,0.532,0.643
2022,4,PLAZA DE SANTA ANA,5018,ROT,328,1,CENTRO,30,175,0.532,0.637
2022,5,PLAZA DE SANTA ANA,5018,ROT,328,1,CENTRO,31,152,0.46299999999999997,0.5579999999999999
2022,6,PLAZA DE SANTA ANA,5018,ROT,328,1,CENTRO,30,157,0.479,0.5660000000000001
2022,7,PLAZA DE SANTA ANA,5018,ROT,328,1,CENTRO,31,210,0.64,0.7140000000000001
2022,8,PLAZA DE SANTA ANA,5018,ROT,328,1,CENTRO,31,223,0.679,0.74
2022,9,PLAZA DE SANTA ANA,5018,ROT,328,1,CENTRO,30,164,0.501,0.593
2022,10,PLAZA DE SANTA ANA,5018,ROT,328,1,CENTRO,31,146,0.444,0.534
2022,11,PLAZA DE SANTA ANA,5018,ROT,328,1,CENTRO,30,156,0.47600000000000003,0.589
2022,12,PLAZA DE SANTA ANA,5018,ROT,328,1,CENTRO,31,177,0.5379999999999999,0.653
2022,1,PLAZA DEL REY,5014,ROT,155,1,CENTRO,31,7,0.043,0.073
2022,2,PLAZA DEL REY,5014,ROT,155,1,CENTRO,28,8,0.049,0.083
2022,3,PLAZA DEL REY,5014,ROT,155,1,CENTRO,31,8,0.052000000000000005,0.08800000000000001
2022,4,PLAZA DEL REY,5014,ROT,155,1,CENTRO,30,8,0.051,0.087
2022,5,PLAZA DEL REY,5014,ROT,155,1,CENTRO,31,7,0.047,0.078
2022,6,PLAZA DEL REY,5014,ROT,155,1,CENTRO,30,5,0.03,0.05
2022,7,PLAZA DEL REY,5014,ROT,155,1,CENTRO,31,5,0.028999999999999998,0.048
2022,8,PLAZA DEL REY,5014,ROT,155,1,CENTRO,31,4,0.023,0.038
2022,9,PLAZA DEL REY,5014,ROT,155,1,CENTRO,30,7,0.045,0.076
2022,10,PLAZA DEL REY,5014,ROT,155,1,CENTRO,31,8,0.05,0.083
2022,11,PLAZA DEL REY,5014,ROT,155,1,CENTRO,30,9,0.055999999999999994,0.09699999999999999
2022,12,PLAZA DEL REY,5014,ROT,155,1,CENTRO,31,8,0.054000000000000006,0.09300000000000001
2022,1,PLAZA MAYOR,5008,ROT,690,1,CENTRO,31,410,0.594,0.7140000000000001
2022,2,PLAZA MAYOR,5008,ROT,690,1,CENTRO,27,401,0.581,0.6990000000000001
2022,3,PLAZA MAYOR,5008,ROT,690,1,CENTRO,31,386,0.5589999999999999,0.675
2022,4,PLAZA MAYOR,5008,ROT,690,1,CENTRO,28,401,0.581,0.6990000000000001
2022,5,PLAZA MAYOR,5008,ROT,690,1,CENTRO,31,381,0.552,0.633
2022,6,PLAZA MAYOR,5008,ROT,690,1,CENTRO,26,376,0.545,0.64
2022,7,PLAZA MAYOR,5008,ROT,690,1,CENTRO,31,390,0.5660000000000001,0.654
2022,8,PLAZA MAYOR,5008,ROT,690,1,CENTRO,31,402,0.5820000000000001,0.6759999999999999
2022,9,PLAZA MAYOR,5008,ROT,690,1,CENTRO,30,401,0.5820000000000001,0.691
2022,10,PLAZA MAYOR,5008,ROT,690,1,CENTRO,30,415,0.602,0.727
2022,11,PLAZA MAYOR,5008,ROT,690,1,CENTRO,29,428,0.621,0.757
2022,12,PLAZA MAYOR,5008,ROT,690,1,CENTRO,31,482,0.6990000000000001,0.858
2022,1,PRESIDENTE CARMONA,618,ROT,127,6,TETUAN,31,10,0.08,0.102
2022,2,PRESIDENTE CARMONA,618,ROT,127,6,TETUAN,28,10,0.078,0.102
2022,3,PRESIDENTE CARMONA,618,ROT,127,6,TETUAN,31,9,0.073,0.102
2022,4,PRESIDENTE CARMONA,618,ROT,127,6,TETUAN,30,5,0.039,0.055999999999999994
2022,5,PRESIDENTE CARMONA,618,ROT,127,6,TETUAN,31,5,0.039,0.055999999999999994
2022,6,PRESIDENTE CARMONA,618,ROT,127,6,TETUAN,30,5,0.038,0.057999999999999996
2022,7,PRESIDENTE CARMONA,618,ROT,127,6,TETUAN,31,4,0.028999999999999998,0.047
2022,8,PRESIDENTE CARMONA,618,ROT,127,6,TETUAN,31,2,0.016,0.023
2022,9,PRESIDENTE CARMONA,618,ROT,127,6,TETUAN,30,5,0.04,0.063
2022,10,PRESIDENTE CARMONA,618,ROT,127,6,TETUAN,31,5,0.043,0.065
2022,11,PRESIDENTE CARMONA,618,ROT,127,6,TETUAN,30,6,0.045,0.07
2022,12,PRESIDENTE CARMONA,618,ROT,127,6,TETUAN,31,6,0.045,0.069
2022,1,PRíNCIPE DE VERGARA (AUDITORIO),5015,ROT,366,5,CHAMARTIN,31,6,0.016,0.03
2022,2,PRíNCIPE DE VERGARA (AUDITORIO),5015,ROT,366,5,CHAMARTIN,28,7,0.019,0.036000000000000004
2022,3,PRíNCIPE DE VERGARA (AUDITORIO),5015,ROT,366,5,CHAMARTIN,31,8,0.021,0.039
2022,4,PRíNCIPE DE VERGARA (AUDITORIO),5015,ROT,366,5,CHAMARTIN,29,6,0.016,0.03
2022,5,PRíNCIPE DE VERGARA (AUDITORIO),5015,ROT,366,5,CHAMARTIN,31,7,0.018000000000000002,0.034
2022,6,PRíNCIPE DE VERGARA (AUDITORIO),5015,ROT,366,5,CHAMARTIN,30,4,0.011000000000000001,0.02
2022,7,PRíNCIPE DE VERGARA (AUDITORIO),5015,ROT,366,5,CHAMARTIN,30,2,0.005,0.01
2022,8,PRíNCIPE DE VERGARA (AUDITORIO),5015,ROT,366,5,CHAMARTIN,27,1,0.002,0.003
2022,9,PRíNCIPE DE VERGARA (AUDITORIO),5015,ROT,366,5,CHAMARTIN,30,5,0.012,0.023
2022,10,PRíNCIPE DE VERGARA (AUDITORIO),5015,ROT,366,5,CHAMARTIN,31,6,0.018000000000000002,0.033
2022,11,PRíNCIPE DE VERGARA (AUDITORIO),5015,ROT,366,5,CHAMARTIN,30,10,0.027999999999999997,0.053
2022,12,PRíNCIPE DE VERGARA (AUDITORIO),5015,ROT,366,5,CHAMARTIN,31,8,0.021,0.039
2022,1,PUERTA DE TOLEDO,5016,ROT,240,1,CENTRO,31,21,0.08900000000000001,0.15
2022,2,PUERTA DE TOLEDO,5016,ROT,240,1,CENTRO,28,23,0.095,0.156
2022,3,PUERTA DE TOLEDO,5016,ROT,240,1,CENTRO,31,21,0.08800000000000001,0.145
2022,4,PUERTA DE TOLEDO,5016,ROT,240,1,CENTRO,30,19,0.079,0.127
2022,5,PUERTA DE TOLEDO,5016,ROT,240,1,CENTRO,31,20,0.083,0.138
2022,6,PUERTA DE TOLEDO,5016,ROT,240,1,CENTRO,30,17,0.071,0.11699999999999999
2022,7,PUERTA DE TOLEDO,5016,ROT,240,1,CENTRO,31,14,0.057,0.09699999999999999
2022,8,PUERTA DE TOLEDO,5016,ROT,240,1,CENTRO,31,12,0.05,0.079
2022,9,PUERTA DE TOLEDO,5016,ROT,240,1,CENTRO,30,20,0.08199999999999999,0.13699999999999998
2022,10,PUERTA DE TOLEDO,5016,ROT,240,1,CENTRO,31,23,0.095,0.157
2022,11,PUERTA DE TOLEDO,5016,ROT,240,1,CENTRO,30,23,0.096,0.156
2022,12,PUERTA DE TOLEDO,5016,ROT,240,1,CENTRO,31,21,0.08900000000000001,0.142
2022,1,REPÚBLICA DOMINICANA,512,ROT,210,5,CHAMARTIN,31,13,0.06,0.098
2022,2,REPÚBLICA DOMINICANA,512,ROT,210,5,CHAMARTIN,28,19,0.08900000000000001,0.139
2022,3,REPÚBLICA DOMINICANA,512,ROT,210,5,CHAMARTIN,31,18,0.084,0.131
2022,4,REPÚBLICA DOMINICANA,512,ROT,210,5,CHAMARTIN,30,14,0.065,0.10300000000000001
2022,5,REPÚBLICA DOMINICANA,512,ROT,210,5,CHAMARTIN,31,15,0.07,0.111
2022,6,REPÚBLICA DOMINICANA,512,ROT,210,5,CHAMARTIN,30,15,0.069,0.11
2022,7,REPÚBLICA DOMINICANA,512,ROT,210,5,CHAMARTIN,31,13,0.06,0.091
2022,8,REPÚBLICA DOMINICANA,512,ROT,210,5,CHAMARTIN,31,7,0.033,0.049
2022,9,REPÚBLICA DOMINICANA,512,ROT,210,5,CHAMARTIN,30,16,0.077,0.121
2022,10,REPÚBLICA DOMINICANA,512,ROT,210,5,CHAMARTIN,31,16,0.075,0.11699999999999999
2022,11,REPÚBLICA DOMINICANA,512,ROT,210,5,CHAMARTIN,30,16,0.078,0.121
2022,12,REPÚBLICA DOMINICANA,512,ROT,210,5,CHAMARTIN,31,18,0.086,0.133
2022,1,REYES MAGOS,311,ROT,356,3,RETIRO,31,4,0.011000000000000001,0.001
2022,2,REYES MAGOS,311,ROT,356,3,RETIRO,28,5,0.013000000000000001,0.001
2022,3,REYES MAGOS,311,ROT,356,3,RETIRO,31,4,0.012,0.001
2022,4,REYES MAGOS,311,ROT,356,3,RETIRO,30,4,0.012,0.001
2022,5,REYES MAGOS,311,ROT,356,3,RETIRO,31,5,0.013999999999999999,0.001
2022,6,REYES MAGOS,311,ROT,356,3,RETIRO,30,6,0.018000000000000002,0.001
2022,7,REYES MAGOS,311,ROT,356,3,RETIRO,31,3,0.008,0.001
2022,8,REYES MAGOS,311,ROT,356,3,RETIRO,31,1,0.004,0.0
2022,9,REYES MAGOS,311,ROT,356,3,RETIRO,30,4,0.011000000000000001,0.001
2022,10,REYES MAGOS,311,ROT,356,3,RETIRO,31,5,0.013000000000000001,0.001
2022,11,REYES MAGOS,311,ROT,356,3,RETIRO,30,5,0.013000000000000001,0.001
2022,12,REYES MAGOS,311,ROT,356,3,RETIRO,31,4,0.012,0.001
2022,1,SAN CAYETANO,427,ROT,222,4,SALAMANCA,31,5,0.023,0.043
2022,2,SAN CAYETANO,427,ROT,222,4,SALAMANCA,28,7,0.03,0.055999999999999994
2022,3,SAN CAYETANO,427,ROT,222,4,SALAMANCA,31,7,0.028999999999999998,0.055
2022,4,SAN CAYETANO,427,ROT,222,4,SALAMANCA,30,6,0.025,0.046
2022,5,SAN CAYETANO,427,ROT,222,4,SALAMANCA,31,8,0.037000000000000005,0.07
2022,6,SAN CAYETANO,427,ROT,222,4,SALAMANCA,30,6,0.027999999999999997,0.051
2022,7,SAN CAYETANO,427,ROT,222,4,SALAMANCA,31,4,0.017,0.031
2022,8,SAN CAYETANO,427,ROT,222,4,SALAMANCA,31,2,0.009000000000000001,0.016
2022,9,SAN CAYETANO,427,ROT,222,4,SALAMANCA,30,6,0.026000000000000002,0.047
2022,10,SAN CAYETANO,427,ROT,222,4,SALAMANCA,31,7,0.028999999999999998,0.055
2022,11,SAN CAYETANO,427,ROT,222,4,SALAMANCA,30,6,0.027000000000000003,0.05
2022,12,SAN CAYETANO,427,ROT,222,4,SALAMANCA,31,6,0.026000000000000002,0.049
2022,1,SAN GERMÁN II,613,ROT,419,6,TETUAN,31,18,0.043,0.061
2022,2,SAN GERMÁN II,613,ROT,419,6,TETUAN,28,27,0.066,0.08800000000000001
2022,3,SAN GERMÁN II,613,ROT,419,6,TETUAN,31,34,0.081,0.1
2022,4,SAN GERMÁN II,613,ROT,419,6,TETUAN,30,24,0.057999999999999996,0.078
2022,5,SAN GERMÁN II,613,ROT,419,6,TETUAN,31,27,0.064,0.08
2022,6,SAN GERMÁN II,613,ROT,419,6,TETUAN,30,19,0.045,0.071
2022,7,SAN GERMÁN II,613,ROT,419,6,TETUAN,31,13,0.032,0.052000000000000005
2022,8,SAN GERMÁN II,613,ROT,419,6,TETUAN,31,7,0.018000000000000002,0.027999999999999997
2022,9,SAN GERMÁN II,613,ROT,419,6,TETUAN,30,29,0.068,0.098
2022,10,SAN GERMÁN II,613,ROT,419,6,TETUAN,31,38,0.09,0.114
2022,11,SAN GERMÁN II,613,ROT,419,6,TETUAN,30,32,0.077,0.10300000000000001
2022,12,SAN GERMÁN II,613,ROT,419,6,TETUAN,31,27,0.064,0.09
2022,1,SÁNCHEZ BUSTILLO,104,ROT,132,1,CENTRO,31,19,0.145,0.23
2022,2,SÁNCHEZ BUSTILLO,104,ROT,132,1,CENTRO,28,21,0.158,0.255
2022,3,SÁNCHEZ BUSTILLO,104,ROT,132,1,CENTRO,31,21,0.158,0.252
2022,4,SÁNCHEZ BUSTILLO,104,ROT,132,1,CENTRO,30,18,0.134,0.21100000000000002
2022,5,SÁNCHEZ BUSTILLO,104,ROT,132,1,CENTRO,31,19,0.141,0.22699999999999998
2022,6,SÁNCHEZ BUSTILLO,104,ROT,132,1,CENTRO,30,18,0.133,0.21600000000000003
2022,7,SÁNCHEZ BUSTILLO,104,ROT,132,1,CENTRO,31,14,0.11,0.171
2022,8,SÁNCHEZ BUSTILLO,104,ROT,132,1,CENTRO,31,11,0.083,0.125
2022,9,SÁNCHEZ BUSTILLO,104,ROT,132,1,CENTRO,30,19,0.14300000000000002,0.228
2022,10,SÁNCHEZ BUSTILLO,104,ROT,132,1,CENTRO,31,20,0.154,0.244
2022,11,SÁNCHEZ BUSTILLO,104,ROT,132,1,CENTRO,30,21,0.161,0.255
2022,12,SÁNCHEZ BUSTILLO,104,ROT,132,1,CENTRO,31,21,0.157,0.24600000000000002
2022,1,SERRANO I,432,ROT,307,4,SALAMANCA,31,33,0.10800000000000001,0.182
2022,2,SERRANO I,432,ROT,307,4,SALAMANCA,28,46,0.149,0.248
2022,3,SERRANO I,432,ROT,307,4,SALAMANCA,31,44,0.142,0.242
2022,4,SERRANO I,432,ROT,307,4,SALAMANCA,30,39,0.126,0.21100000000000002
2022,5,SERRANO I,432,ROT,307,4,SALAMANCA,31,38,0.124,0.21899999999999997
2022,6,SERRANO I,432,ROT,307,4,SALAMANCA,30,43,0.14,0.231
2022,7,SERRANO I,432,ROT,307,4,SALAMANCA,31,34,0.111,0.17800000000000002
2022,8,SERRANO I,432,ROT,307,4,SALAMANCA,31,24,0.077,0.109
2022,9,SERRANO I,432,ROT,307,4,SALAMANCA,30,49,0.159,0.25
2022,10,SERRANO I,432,ROT,307,4,SALAMANCA,31,42,0.136,0.225
2022,11,SERRANO I,432,ROT,307,4,SALAMANCA,30,45,0.145,0.242
2022,12,SERRANO I,432,ROT,307,4,SALAMANCA,31,44,0.142,0.22899999999999998
2022,1,SERRANO II,433,ROT,379,4,SALAMANCA,31,69,0.183,0.299
2022,2,SERRANO II,433,ROT,379,4,SALAMANCA,28,97,0.257,0.38
2022,3,SERRANO II,433,ROT,379,4,SALAMANCA,31,89,0.23399999999999999,0.35700000000000004
2022,4,SERRANO II,433,ROT,379,4,SALAMANCA,30,59,0.154,0.259
2022,5,SERRANO II,433,ROT,379,4,SALAMANCA,31,58,0.152,0.265
2022,6,SERRANO II,433,ROT,379,4,SALAMANCA,30,63,0.166,0.27399999999999997
2022,7,SERRANO II,433,ROT,379,4,SALAMANCA,31,48,0.127,0.21600000000000003
2022,8,SERRANO II,433,ROT,379,4,SALAMANCA,31,22,0.059000000000000004,0.10400000000000001
2022,9,SERRANO II,433,ROT,379,4,SALAMANCA,30,55,0.14400000000000002,0.254
2022,10,SERRANO II,433,ROT,379,4,SALAMANCA,31,64,0.168,0.28
2022,11,SERRANO II,433,ROT,379,4,SALAMANCA,30,68,0.18,0.301
2022,12,SERRANO II,433,ROT,379,4,SALAMANCA,31,73,0.193,0.313
2022,1,SERRANO III,434,ROT,261,4,SALAMANCA,31,76,0.292,0.495
2022,2,SERRANO III,434,ROT,261,4,SALAMANCA,28,84,0.321,0.5379999999999999
2022,3,SERRANO III,434,ROT,261,4,SALAMANCA,31,82,0.316,0.532
2022,4,SERRANO III,434,ROT,261,4,SALAMANCA,30,80,0.305,0.52
2022,5,SERRANO III,434,ROT,261,4,SALAMANCA,31,82,0.314,0.532
2022,6,SERRANO III,434,ROT,261,4,SALAMANCA,30,82,0.313,0.51
2022,7,SERRANO III,434,ROT,261,4,SALAMANCA,31,61,0.235,0.371
2022,8,SERRANO III,434,ROT,261,4,SALAMANCA,31,33,0.128,0.203
2022,9,SERRANO III,434,ROT,261,4,SALAMANCA,30,80,0.306,0.505
2022,10,SERRANO III,434,ROT,261,4,SALAMANCA,31,85,0.327,0.537
2022,11,SERRANO III,434,ROT,261,4,SALAMANCA,30,84,0.32,0.53
2022,12,SERRANO III,434,ROT,261,4,SALAMANCA,31,90,0.344,0.545
2022,1,SEVILLA,114,ROT,393,1,CENTRO,31,43,0.109,0.196
2022,2,SEVILLA,114,ROT,393,1,CENTRO,28,44,0.113,0.2
2022,3,SEVILLA,114,ROT,393,1,CENTRO,31,43,0.11,0.195
2022,4,SEVILLA,114,ROT,393,1,CENTRO,30,39,0.1,0.177
2022,5,SEVILLA,114,ROT,393,1,CENTRO,31,36,0.092,0.161
2022,6,SEVILLA,114,ROT,393,1,CENTRO,30,36,0.091,0.156
2022,7,SEVILLA,114,ROT,393,1,CENTRO,31,34,0.086,0.145
2022,8,SEVILLA,114,ROT,393,1,CENTRO,31,29,0.073,0.124
2022,9,SEVILLA,114,ROT,393,1,CENTRO,30,37,0.09300000000000001,0.16
2022,10,SEVILLA,114,ROT,393,1,CENTRO,31,36,0.092,0.158
2022,11,SEVILLA,114,ROT,393,1,CENTRO,30,37,0.095,0.165
2022,12,SEVILLA,114,ROT,393,1,CENTRO,31,40,0.10099999999999999,0.174
2022,1,VELÁZQUEZ AYALA,424,ROT,444,4,SALAMANCA,31,163,0.36700000000000005,0.565
2022,2,VELÁZQUEZ AYALA,424,ROT,444,4,SALAMANCA,28,180,0.406,0.633
2022,3,VELÁZQUEZ AYALA,424,ROT,444,4,SALAMANCA,31,183,0.41200000000000003,0.654
2022,4,VELÁZQUEZ AYALA,424,ROT,444,4,SALAMANCA,30,159,0.35700000000000004,0.5539999999999999
2022,5,VELÁZQUEZ AYALA,424,ROT,444,4,SALAMANCA,31,168,0.37799999999999995,0.589
2022,6,VELÁZQUEZ AYALA,424,ROT,444,4,SALAMANCA,30,167,0.376,0.5870000000000001
2022,7,VELÁZQUEZ AYALA,424,ROT,444,4,SALAMANCA,31,146,0.32799999999999996,0.49700000000000005
2022,8,VELÁZQUEZ AYALA,424,ROT,444,4,SALAMANCA,31,71,0.159,0.237
2022,9,VELÁZQUEZ AYALA,424,ROT,444,4,SALAMANCA,30,166,0.373,0.585
2022,10,VELÁZQUEZ AYALA,424,ROT,444,4,SALAMANCA,31,168,0.379,0.596
2022,11,VELÁZQUEZ AYALA,424,ROT,444,4,SALAMANCA,30,176,0.396,0.619
2022,12,VELÁZQUEZ AYALA,424,ROT,444,4,SALAMANCA,31,166,0.374,0.556
2022,1,VELÁZQUEZ JORGE JUAN,423,ROT,547,4,SALAMANCA,31,187,0.342,0.522
2022,2,VELÁZQUEZ JORGE JUAN,423,ROT,547,4,SALAMANCA,28,221,0.40399999999999997,0.617
2022,3,VELÁZQUEZ JORGE JUAN,423,ROT,547,4,SALAMANCA,31,218,0.39899999999999997,0.62
2022,4,VELÁZQUEZ JORGE JUAN,423,ROT,547,4,SALAMANCA,30,190,0.34700000000000003,0.521
2022,5,VELÁZQUEZ JORGE JUAN,423,ROT,547,4,SALAMANCA,31,219,0.401,0.593
2022,6,VELÁZQUEZ JORGE JUAN,423,ROT,547,4,SALAMANCA,30,200,0.366,0.5529999999999999
2022,7,VELÁZQUEZ JORGE JUAN,423,ROT,547,4,SALAMANCA,31,158,0.29,0.425
2022,8,VELÁZQUEZ JORGE JUAN,423,ROT,547,4,SALAMANCA,31,67,0.122,0.17800000000000002
2022,9,VELÁZQUEZ JORGE JUAN,423,ROT,547,4,SALAMANCA,30,190,0.348,0.532
2022,10,VELÁZQUEZ JORGE JUAN,423,ROT,547,4,SALAMANCA,31,204,0.373,0.562
2022,11,VELÁZQUEZ JORGE JUAN,423,ROT,547,4,SALAMANCA,30,214,0.39,0.5920000000000001
2022,12,VELÁZQUEZ JORGE JUAN,423,ROT,547,4,SALAMANCA,31,214,0.392,0.5579999999999999
2022,1,VELÁZQUEZ JUAN BRAVO,5019,ROT,368,4,SALAMANCA,31,69,0.18600000000000003,0.289
2022,2,VELÁZQUEZ JUAN BRAVO,5019,ROT,368,4,SALAMANCA,28,83,0.225,0.36700000000000005
2022,3,VELÁZQUEZ JUAN BRAVO,5019,ROT,368,4,SALAMANCA,31,92,0.249,0.406
2022,4,VELÁZQUEZ JUAN BRAVO,5019,ROT,368,4,SALAMANCA,30,72,0.19699999999999998,0.311
2022,5,VELÁZQUEZ JUAN BRAVO,5019,ROT,368,4,SALAMANCA,31,81,0.221,0.35700000000000004
2022,6,VELÁZQUEZ JUAN BRAVO,5019,ROT,368,4,SALAMANCA,30,79,0.21600000000000003,0.34600000000000003
2022,7,VELÁZQUEZ JUAN BRAVO,5019,ROT,368,4,SALAMANCA,31,59,0.16,0.258
2022,8,VELÁZQUEZ JUAN BRAVO,5019,ROT,368,4,SALAMANCA,31,36,0.099,0.13699999999999998
2022,9,VELÁZQUEZ JUAN BRAVO,5019,ROT,368,4,SALAMANCA,30,75,0.204,0.33399999999999996
2022,10,VELÁZQUEZ JUAN BRAVO,5019,ROT,368,4,SALAMANCA,31,64,0.175,0.28600000000000003
2022,11,VELÁZQUEZ JUAN BRAVO,5019,ROT,368,4,SALAMANCA,30,73,0.19899999999999998,0.335
2022,12,VELÁZQUEZ JUAN BRAVO,5019,ROT,368,4,SALAMANCA,31,52,0.142,0.22
2022,1,VERDAGUER Y GARCÍA,1524,ROT,83,15,CIUDAD LINEAL,31,10,0.124,0.20199999999999999
2022,2,VERDAGUER Y GARCÍA,1524,ROT,83,15,CIUDAD LINEAL,28,14,0.16699999999999998,0.275
2022,3,VERDAGUER Y GARCÍA,1524,ROT,83,15,CIUDAD LINEAL,31,14,0.16699999999999998,0.275
2022,4,VERDAGUER Y GARCÍA,1524,ROT,83,15,CIUDAD LINEAL,30,14,0.16399999999999998,0.23800000000000002
2022,5,VERDAGUER Y GARCÍA,1524,ROT,83,15,CIUDAD LINEAL,31,14,0.174,0.26899999999999996
2022,6,VERDAGUER Y GARCÍA,1524,ROT,83,15,CIUDAD LINEAL,30,13,0.155,0.223
2022,7,VERDAGUER Y GARCÍA,1524,ROT,83,15,CIUDAD LINEAL,31,13,0.16,0.223
2022,8,VERDAGUER Y GARCÍA,1524,ROT,83,15,CIUDAD LINEAL,31,10,0.124,0.155
2022,9,VERDAGUER Y GARCÍA,1524,ROT,83,15,CIUDAD LINEAL,30,8,0.094,0.145
2022,10,VERDAGUER Y GARCÍA,1524,ROT,83,15,CIUDAD LINEAL,31,15,0.177,0.276
2022,11,VERDAGUER Y GARCÍA,1524,ROT,83,15,CIUDAD LINEAL,30,15,0.177,0.28300000000000003
2022,12,VERDAGUER Y GARCÍA,1524,ROT,83,15,CIUDAD LINEAL,31,22,0.27,0.39899999999999997
2022,1,VILLA DE PARÍS,5020,ROT,169,1,CENTRO,31,105,0.622,0.7509999999999999
2022,2,VILLA DE PARÍS,5020,ROT,169,1,CENTRO,27,110,0.652,0.805
2022,3,VILLA DE PARÍS,5020,ROT,169,1,CENTRO,31,119,0.7020000000000001,0.873
2022,4,VILLA DE PARÍS,5020,ROT,169,1,CENTRO,28,117,0.695,0.847
2022,5,VILLA DE PARÍS,5020,ROT,169,1,CENTRO,31,110,0.6509999999999999,0.774
2022,6,VILLA DE PARÍS,5020,ROT,169,1,CENTRO,26,117,0.691,0.8590000000000001
2022,7,VILLA DE PARÍS,5020,ROT,169,1,CENTRO,31,110,0.6509999999999999,0.785
2022,8,VILLA DE PARÍS,5020,ROT,169,1,CENTRO,31,91,0.54,0.62
2022,9,VILLA DE PARÍS,5020,ROT,169,1,CENTRO,30,116,0.684,0.8370000000000001
2022,10,VILLA DE PARÍS,5020,ROT,169,1,CENTRO,30,122,0.7190000000000001,0.87
2022,11,VILLA DE PARÍS,5020,ROT,169,1,CENTRO,29,127,0.75,0.917
2022,12,VILLA DE PARÍS,5020,ROT,169,1,CENTRO,31,119,0.706,0.8370000000000001
2025,1,ALMAGRO,5000,ROT,453,7,CHAMBERI,31,173,0.38299999999999995,0.515
2025,2,ALMAGRO,5000,ROT,453,7,CHAMBERI,28,184,0.40700000000000003,0.56
2025,3,ALMAGRO,5000,ROT,453,7,CHAMBERI,31,192,0.424,0.5770000000000001
2025,4,ALMAGRO,5000,ROT,453,7,CHAMBERI,30,143,0.317,0.441
2025,5,ALMAGRO,5000,ROT,453,7,CHAMBERI,31,141,0.31,0.455
2025,6,ALMAGRO,5000,ROT,453,7,CHAMBERI,30,142,0.315,0.456
2025,7,ALMAGRO,5000,ROT,453,7,CHAMBERI,28,136,0.3,0.41200000000000003
2025,8,ALMAGRO,5000,ROT,453,7,CHAMBERI,31,572,1.262,1.426
2025,9,ALMAGRO,5000,ROT,453,7,CHAMBERI,30,189,0.41700000000000004,0.569
2025,10,ALMAGRO,5000,ROT,453,7,CHAMBERI,31,193,0.42700000000000005,0.59
2025,11,ALMAGRO,5000,ROT,453,7,CHAMBERI,29,189,0.41700000000000004,0.5660000000000001
2025,12,ALMAGRO,5000,ROT,453,7,CHAMBERI,30,194,0.429,0.5479999999999999
2025,1,ARQUITECTO RIBERA,111,ROT,318,1,CENTRO,31,147,0.461,0.6609999999999999
2025,2,ARQUITECTO RIBERA,111,ROT,318,1,CENTRO,28,151,0.475,0.696
2025,3,ARQUITECTO RIBERA,111,ROT,318,1,CENTRO,31,154,0.483,0.7
2025,4,ARQUITECTO RIBERA,111,ROT,318,1,CENTRO,30,139,0.43799999999999994,0.603
2025,5,ARQUITECTO RIBERA,111,ROT,318,1,CENTRO,31,141,0.445,0.636
2025,6,ARQUITECTO RIBERA,111,ROT,318,1,CENTRO,30,137,0.43,0.608
2025,7,ARQUITECTO RIBERA,111,ROT,318,1,CENTRO,31,111,0.35,0.5
2025,8,ARQUITECTO RIBERA,111,ROT,318,1,CENTRO,31,67,0.212,0.284
2025,9,ARQUITECTO RIBERA,111,ROT,318,1,CENTRO,30,136,0.42700000000000005,0.621
2025,10,ARQUITECTO RIBERA,111,ROT,318,1,CENTRO,31,156,0.49,0.703
2025,11,ARQUITECTO RIBERA,111,ROT,318,1,CENTRO,30,156,0.491,0.688
2025,12,ARQUITECTO RIBERA,111,ROT,318,1,CENTRO,31,151,0.47600000000000003,0.674
2025,1,ARTILLEROS,1907,ROT,148,19,VICÁLVARO,5,44,0.297,0.32
2025,2,ARTILLEROS,1907,ROT,148,19,VICÁLVARO,28,76,0.511,0.526
2025,3,ARTILLEROS,1907,ROT,148,19,VICÁLVARO,29,78,0.527,0.526
2025,4,ARTILLEROS,1907,ROT,148,19,VICÁLVARO,25,86,0.583,0.5820000000000001
2025,5,ARTILLEROS,1907,ROT,148,19,VICÁLVARO,28,97,0.655,0.6709999999999999
2025,6,ARTILLEROS,1907,ROT,148,19,VICÁLVARO,29,96,0.6509999999999999,0.664
2025,7,ARTILLEROS,1907,ROT,148,19,VICÁLVARO,23,92,0.625,0.648
2025,8,ARTILLEROS,1907,ROT,148,19,VICÁLVARO,19,84,0.57,0.615
2025,9,ARTILLEROS,1907,ROT,148,19,VICÁLVARO,30,102,0.688,0.7040000000000001
2025,10,ARTILLEROS,1907,ROT,148,19,VICÁLVARO,31,92,0.624,0.623
2025,11,ARTILLEROS,1907,ROT,148,19,VICÁLVARO,29,97,0.6579999999999999,0.6659999999999999
2025,12,ARTILLEROS,1907,ROT,148,19,VICÁLVARO,28,95,0.644,0.643
2025,1,AVENIDA DE AMÉRICA,519,ROT,265,5,CHAMARTIN,31,103,0.389,0.469
2025,2,AVENIDA DE AMÉRICA,519,ROT,265,5,CHAMARTIN,28,104,0.39299999999999996,0.475
2025,3,AVENIDA DE AMÉRICA,519,ROT,265,5,CHAMARTIN,31,103,0.38799999999999996,0.47100000000000003
2025,4,AVENIDA DE AMÉRICA,519,ROT,265,5,CHAMARTIN,30,97,0.365,0.44299999999999995
2025,5,AVENIDA DE AMÉRICA,519,ROT,265,5,CHAMARTIN,31,96,0.363,0.442
2025,6,AVENIDA DE AMÉRICA,519,ROT,265,5,CHAMARTIN,30,101,0.382,0.466
2025,7,AVENIDA DE AMÉRICA,519,ROT,265,5,CHAMARTIN,31,92,0.345,0.423
2025,8,AVENIDA DE AMÉRICA,519,ROT,265,5,CHAMARTIN,31,76,0.28800000000000003,0.344
2025,9,AVENIDA DE AMÉRICA,519,ROT,265,5,CHAMARTIN,30,105,0.396,0.48200000000000004
2025,10,AVENIDA DE AMÉRICA,519,ROT,265,5,CHAMARTIN,31,108,0.40700000000000003,0.49200000000000005
2025,11,AVENIDA DE AMÉRICA,519,ROT,265,5,CHAMARTIN,30,109,0.41,0.495
2025,12,AVENIDA DE AMÉRICA,519,ROT,265,5,CHAMARTIN,31,109,0.41,0.494
2025,1,AVENIDA DE PORTUGAL,1022,ROT,427,10,LATINA,31,198,0.46399999999999997,0.604
2025,2,AVENIDA DE PORTUGAL,1022,ROT,427,10,LATINA,28,204,0.47700000000000004,0.653
2025,3,AVENIDA DE PORTUGAL,1022,ROT,427,10,LATINA,31,185,0.434,0.573
2025,4,AVENIDA DE PORTUGAL,1022,ROT,427,10,LATINA,30,140,0.32799999999999996,0.449
2025,5,AVENIDA DE PORTUGAL,1022,ROT,427,10,LATINA,31,117,0.27399999999999997,0.386
2025,6,AVENIDA DE PORTUGAL,1022,ROT,427,10,LATINA,30,309,0.7240000000000001,0.83
2025,7,AVENIDA DE PORTUGAL,1022,ROT,427,10,LATINA,28,102,0.239,0.312
2025,8,AVENIDA DE PORTUGAL,1022,ROT,427,10,LATINA,31,140,0.327,0.395
2025,9,AVENIDA DE PORTUGAL,1022,ROT,427,10,LATINA,30,210,0.493,0.614
2025,10,AVENIDA DE PORTUGAL,1022,ROT,427,10,LATINA,31,205,0.48100000000000004,0.602
2025,11,AVENIDA DE PORTUGAL,1022,ROT,427,10,LATINA,29,197,0.462,0.57
2025,12,AVENIDA DE PORTUGAL,1022,ROT,427,10,LATINA,30,217,0.509,0.616
2025,1,BRASIL,602,ROT,237,6,TETUAN,31,4,0.016,0.027999999999999997
2025,2,BRASIL,602,ROT,237,6,TETUAN,28,4,0.016,0.028999999999999998
2025,3,BRASIL,602,ROT,237,6,TETUAN,30,4,0.016,0.028999999999999998
2025,4,BRASIL,602,ROT,237,6,TETUAN,30,3,0.015,0.026000000000000002
2025,5,BRASIL,602,ROT,237,6,TETUAN,31,3,0.013999999999999999,0.026000000000000002
2025,6,BRASIL,602,ROT,237,6,TETUAN,30,3,0.015,0.026000000000000002
2025,7,BRASIL,602,ROT,237,6,TETUAN,31,3,0.011000000000000001,0.019
2025,8,BRASIL,602,ROT,237,6,TETUAN,31,1,0.006,0.01
2025,9,BRASIL,602,ROT,237,6,TETUAN,30,4,0.015,0.026000000000000002
2025,10,BRASIL,602,ROT,237,6,TETUAN,31,5,0.019,0.034
2025,11,BRASIL,602,ROT,237,6,TETUAN,30,5,0.02,0.034
2025,12,BRASIL,602,ROT,237,6,TETUAN,31,5,0.02,0.036000000000000004
2025,1,CASINO DE LA REINA,122,ROT,131,1,CENTRO,31,88,0.6709999999999999,0.765
2025,2,CASINO DE LA REINA,122,ROT,131,1,CENTRO,28,98,0.746,0.848
2025,3,CASINO DE LA REINA,122,ROT,131,1,CENTRO,31,88,0.67,0.768
2025,4,CASINO DE LA REINA,122,ROT,131,1,CENTRO,30,84,0.6409999999999999,0.721
2025,5,CASINO DE LA REINA,122,ROT,131,1,CENTRO,31,80,0.609,0.695
2025,6,CASINO DE LA REINA,122,ROT,131,1,CENTRO,30,81,0.62,0.705
2025,7,CASINO DE LA REINA,122,ROT,131,1,CENTRO,31,68,0.517,0.5820000000000001
2025,8,CASINO DE LA REINA,122,ROT,131,1,CENTRO,31,59,0.45299999999999996,0.499
2025,9,CASINO DE LA REINA,122,ROT,131,1,CENTRO,30,86,0.659,0.748
2025,10,CASINO DE LA REINA,122,ROT,131,1,CENTRO,31,90,0.688,0.772
2025,11,CASINO DE LA REINA,122,ROT,131,1,CENTRO,30,91,0.695,0.7879999999999999
2025,12,CASINO DE LA REINA,122,ROT,131,1,CENTRO,31,94,0.7170000000000001,0.8170000000000001
2025,1,CONDESA DE GAVIA,607,ROT,146,6,TETUAN,30,1,0.004,0.008
2025,2,CONDESA DE GAVIA,607,ROT,146,6,TETUAN,26,1,0.005,0.01
2025,3,CONDESA DE GAVIA,607,ROT,146,6,TETUAN,30,1,0.006,0.012
2025,4,CONDESA DE GAVIA,607,ROT,146,6,TETUAN,24,1,0.005,0.009000000000000001
2025,5,CONDESA DE GAVIA,607,ROT,146,6,TETUAN,29,1,0.005,0.01
2025,6,CONDESA DE GAVIA,607,ROT,146,6,TETUAN,29,1,0.005,0.009000000000000001
2025,7,CONDESA DE GAVIA,607,ROT,146,6,TETUAN,29,1,0.004,0.008
2025,8,CONDESA DE GAVIA,607,ROT,146,6,TETUAN,28,1,0.004,0.006999999999999999
2025,9,CONDESA DE GAVIA,607,ROT,146,6,TETUAN,27,1,0.005,0.011000000000000001
2025,10,CONDESA DE GAVIA,607,ROT,146,6,TETUAN,30,1,0.006,0.011000000000000001
2025,11,CONDESA DE GAVIA,607,ROT,146,6,TETUAN,29,1,0.008,0.015
2025,12,CONDESA DE GAVIA,607,ROT,146,6,TETUAN,30,2,0.012,0.023
2025,1,CORAZÓN DE MARÍA II,511,ROT,320,5,CHAMARTIN,31,2,0.006,0.011000000000000001
2025,2,CORAZÓN DE MARÍA II,511,ROT,320,5,CHAMARTIN,28,2,0.006,0.012
2025,3,CORAZÓN DE MARÍA II,511,ROT,320,5,CHAMARTIN,31,2,0.006,0.011000000000000001
2025,4,CORAZÓN DE MARÍA II,511,ROT,320,5,CHAMARTIN,30,2,0.006,0.01
2025,5,CORAZÓN DE MARÍA II,511,ROT,320,5,CHAMARTIN,31,2,0.006,0.011000000000000001
2025,6,CORAZÓN DE MARÍA II,511,ROT,320,5,CHAMARTIN,30,2,0.006999999999999999,0.011000000000000001
2025,7,CORAZÓN DE MARÍA II,511,ROT,320,5,CHAMARTIN,31,2,0.006,0.01
2025,8,CORAZÓN DE MARÍA II,511,ROT,320,5,CHAMARTIN,31,1,0.002,0.003
2025,9,CORAZÓN DE MARÍA II,511,ROT,320,5,CHAMARTIN,30,2,0.006,0.011000000000000001
2025,10,CORAZÓN DE MARÍA II,511,ROT,320,5,CHAMARTIN,31,2,0.006999999999999999,0.012
2025,11,CORAZÓN DE MARÍA II,511,ROT,320,5,CHAMARTIN,30,2,0.006999999999999999,0.013000000000000001
2025,12,CORAZÓN DE MARÍA II,511,ROT,320,5,CHAMARTIN,31,2,0.006999999999999999,0.013000000000000001
2025,1,CORONA BOREAL,911,ROT,125,9,MONCLOA-ARAVACA,31,7,0.057,0.113
2025,2,CORONA BOREAL,911,ROT,125,9,MONCLOA-ARAVACA,28,7,0.054000000000000006,0.106
2025,3,CORONA BOREAL,911,ROT,125,9,MONCLOA-ARAVACA,31,7,0.054000000000000006,0.107
2025,4,CORONA BOREAL,911,ROT,125,9,MONCLOA-ARAVACA,30,6,0.05,0.098
2025,5,CORONA BOREAL,911,ROT,125,9,MONCLOA-ARAVACA,31,7,0.057999999999999996,0.115
2025,6,CORONA BOREAL,911,ROT,125,9,MONCLOA-ARAVACA,30,7,0.06,0.11800000000000001
2025,7,CORONA BOREAL,911,ROT,125,9,MONCLOA-ARAVACA,31,6,0.047,0.09300000000000001
2025,8,CORONA BOREAL,911,ROT,125,9,MONCLOA-ARAVACA,30,2,0.015,0.03
2025,9,CORONA BOREAL,911,ROT,125,9,MONCLOA-ARAVACA,30,7,0.057999999999999996,0.114
2025,10,CORONA BOREAL,911,ROT,125,9,MONCLOA-ARAVACA,31,8,0.062,0.124
2025,11,CORONA BOREAL,911,ROT,125,9,MONCLOA-ARAVACA,30,7,0.059000000000000004,0.11699999999999999
2025,12,CORONA BOREAL,911,ROT,125,9,MONCLOA-ARAVACA,31,8,0.062,0.124
2025,1,DAOÍZ Y VELARDE,319,ROT,235,3,RETIRO,31,119,0.505,0.604
2025,2,DAOÍZ Y VELARDE,319,ROT,235,3,RETIRO,28,127,0.54,0.652
2025,3,DAOÍZ Y VELARDE,319,ROT,235,3,RETIRO,31,139,0.59,0.7140000000000001
2025,4,DAOÍZ Y VELARDE,319,ROT,235,3,RETIRO,30,134,0.569,0.675
2025,5,DAOÍZ Y VELARDE,319,ROT,235,3,RETIRO,31,141,0.598,0.71
2025,6,DAOÍZ Y VELARDE,319,ROT,235,3,RETIRO,30,138,0.5870000000000001,0.695
2025,7,DAOÍZ Y VELARDE,319,ROT,235,3,RETIRO,31,130,0.551,0.635
2025,8,DAOÍZ Y VELARDE,319,ROT,235,3,RETIRO,31,128,0.5429999999999999,0.6
2025,9,DAOÍZ Y VELARDE,319,ROT,235,3,RETIRO,30,136,0.58,0.6859999999999999
2025,10,DAOÍZ Y VELARDE,319,ROT,235,3,RETIRO,31,146,0.622,0.7440000000000001
2025,11,DAOÍZ Y VELARDE,319,ROT,235,3,RETIRO,30,135,0.574,0.677
2025,12,DAOÍZ Y VELARDE,319,ROT,235,3,RETIRO,31,136,0.5770000000000001,0.684
2025,1,DESCALZAS,5003,ROT,400,1,CENTRO,31,105,0.262,0.35600000000000004
2025,2,DESCALZAS,5003,ROT,400,1,CENTRO,28,86,0.215,0.29600000000000004
2025,3,DESCALZAS,5003,ROT,400,1,CENTRO,31,80,0.201,0.275
2025,4,DESCALZAS,5003,ROT,400,1,CENTRO,30,93,0.23199999999999998,0.316
2025,5,DESCALZAS,5003,ROT,400,1,CENTRO,31,88,0.22,0.29600000000000004
2025,6,DESCALZAS,5003,ROT,400,1,CENTRO,30,79,0.198,0.264
2025,7,DESCALZAS,5003,ROT,400,1,CENTRO,31,95,0.239,0.312
2025,8,DESCALZAS,5003,ROT,400,1,CENTRO,31,89,0.223,0.285
2025,9,DESCALZAS,5003,ROT,400,1,CENTRO,30,97,0.242,0.316
2025,10,DESCALZAS,5003,ROT,400,1,CENTRO,31,96,0.24,0.331
2025,11,DESCALZAS,5003,ROT,400,1,CENTRO,30,105,0.263,0.369
2025,12,DESCALZAS,5003,ROT,400,1,CENTRO,31,144,0.359,0.523
2025,1,DÍAZ PORLIER,416,ROT,203,4,SALAMANCA,31,93,0.457,0.698
2025,2,DÍAZ PORLIER,416,ROT,203,4,SALAMANCA,28,100,0.493,0.746
2025,3,DÍAZ PORLIER,416,ROT,203,4,SALAMANCA,31,97,0.479,0.732
2025,4,DÍAZ PORLIER,416,ROT,203,4,SALAMANCA,30,86,0.424,0.654
2025,5,DÍAZ PORLIER,416,ROT,203,4,SALAMANCA,31,88,0.436,0.49
2025,6,DÍAZ PORLIER,416,ROT,203,4,SALAMANCA,30,91,0.44799999999999995,0.693
2025,7,DÍAZ PORLIER,416,ROT,203,4,SALAMANCA,31,71,0.348,0.551
2025,8,DÍAZ PORLIER,416,ROT,203,4,SALAMANCA,31,40,0.195,0.28600000000000003
2025,9,DÍAZ PORLIER,416,ROT,203,4,SALAMANCA,30,83,0.408,0.638
2025,10,DÍAZ PORLIER,416,ROT,203,4,SALAMANCA,31,94,0.46299999999999997,0.72
2025,11,DÍAZ PORLIER,416,ROT,203,4,SALAMANCA,30,94,0.46299999999999997,0.7040000000000001
2025,12,DÍAZ PORLIER,416,ROT,203,4,SALAMANCA,31,84,0.41200000000000003,0.628
2025,1,ENCUENTRO,1419,ROT,90,14,MORATALAZ,31,1,0.008,0.011000000000000001
2025,2,ENCUENTRO,1419,ROT,90,14,MORATALAZ,28,1,0.006999999999999999,0.009000000000000001
2025,3,ENCUENTRO,1419,ROT,90,14,MORATALAZ,31,0,0.005,0.008
2025,4,ENCUENTRO,1419,ROT,90,14,MORATALAZ,30,1,0.008,0.01
2025,5,ENCUENTRO,1419,ROT,90,14,MORATALAZ,31,1,0.009000000000000001,0.011000000000000001
2025,6,ENCUENTRO,1419,ROT,90,14,MORATALAZ,30,1,0.006999999999999999,0.01
2025,7,ENCUENTRO,1419,ROT,90,14,MORATALAZ,31,0,0.003,0.004
2025,8,ENCUENTRO,1419,ROT,90,14,MORATALAZ,31,0,0.005,0.006999999999999999
2025,9,ENCUENTRO,1419,ROT,90,14,MORATALAZ,30,1,0.006,0.008
2025,10,ENCUENTRO,1419,ROT,90,14,MORATALAZ,31,1,0.006,0.006999999999999999
2025,11,ENCUENTRO,1419,ROT,90,14,MORATALAZ,30,1,0.006999999999999999,0.009000000000000001
2025,12,ENCUENTRO,1419,ROT,90,14,MORATALAZ,31,1,0.006,0.008
2025,1,FELIPE II,422,ROT,1175,4,SALAMANCA,31,120,0.102,0.19399999999999998
2025,2,FELIPE II,422,ROT,1175,4,SALAMANCA,28,96,0.081,0.155
2025,3,FELIPE II,422,ROT,1175,4,SALAMANCA,31,93,0.079,0.15
2025,4,FELIPE II,422,ROT,1175,4,SALAMANCA,30,86,0.073,0.136
2025,5,FELIPE II,422,ROT,1175,4,SALAMANCA,31,92,0.078,0.146
2025,6,FELIPE II,422,ROT,1175,4,SALAMANCA,30,100,0.085,0.157
2025,7,FELIPE II,422,ROT,1175,4,SALAMANCA,31,91,0.077,0.145
2025,8,FELIPE II,422,ROT,1175,4,SALAMANCA,31,61,0.052000000000000005,0.099
2025,9,FELIPE II,422,ROT,1175,4,SALAMANCA,30,90,0.076,0.14400000000000002
2025,10,FELIPE II,422,ROT,1175,4,SALAMANCA,31,99,0.084,0.156
2025,11,FELIPE II,422,ROT,1175,4,SALAMANCA,30,107,0.091,0.171
2025,12,FELIPE II,422,ROT,1175,4,SALAMANCA,31,125,0.106,0.19899999999999998
2025,1,FERNÁNDEZ SHAW,5005,ROT,243,3,RETIRO,31,97,0.39899999999999997,0.369
2025,2,FERNÁNDEZ SHAW,5005,ROT,243,3,RETIRO,28,147,0.606,0.5720000000000001
2025,3,FERNÁNDEZ SHAW,5005,ROT,243,3,RETIRO,31,112,0.461,0.425
2025,4,FERNÁNDEZ SHAW,5005,ROT,243,3,RETIRO,30,123,0.507,0.466
2025,5,FERNÁNDEZ SHAW,5005,ROT,243,3,RETIRO,31,132,0.544,0.49
2025,6,FERNÁNDEZ SHAW,5005,ROT,243,3,RETIRO,30,139,0.5720000000000001,0.507
2025,7,FERNÁNDEZ SHAW,5005,ROT,243,3,RETIRO,31,138,0.5670000000000001,0.506
2025,8,FERNÁNDEZ SHAW,5005,ROT,243,3,RETIRO,31,163,0.669,0.6890000000000001
2025,9,FERNÁNDEZ SHAW,5005,ROT,243,3,RETIRO,30,127,0.523,0.47200000000000003
2025,10,FERNÁNDEZ SHAW,5005,ROT,243,3,RETIRO,31,123,0.504,0.648
2025,11,FERNÁNDEZ SHAW,5005,ROT,243,3,RETIRO,30,107,0.439,0.5870000000000001
2025,12,FERNÁNDEZ SHAW,5005,ROT,243,3,RETIRO,31,117,0.483,0.595
2025,1,FUENCARRAL,714,ROT,428,7,CHAMBERI,31,201,0.469,0.583
2025,2,FUENCARRAL,714,ROT,428,7,CHAMBERI,28,330,0.7709999999999999,0.91
2025,3,FUENCARRAL,714,ROT,428,7,CHAMBERI,31,332,0.7759999999999999,0.904
2025,4,FUENCARRAL,714,ROT,428,7,CHAMBERI,30,334,0.7809999999999999,0.905
2025,5,FUENCARRAL,714,ROT,428,7,CHAMBERI,31,339,0.7929999999999999,0.925
2025,6,FUENCARRAL,714,ROT,428,7,CHAMBERI,30,63,0.147,0.172
2025,7,FUENCARRAL,714,ROT,428,7,CHAMBERI,28,282,0.66,0.757
2025,8,FUENCARRAL,714,ROT,428,7,CHAMBERI,31,147,0.345,0.395
2025,9,FUENCARRAL,714,ROT,428,7,CHAMBERI,30,178,0.41600000000000004,0.499
2025,10,FUENCARRAL,714,ROT,428,7,CHAMBERI,31,158,0.369,0.451
2025,11,FUENCARRAL,714,ROT,428,7,CHAMBERI,29,151,0.353,0.441
2025,12,FUENCARRAL,714,ROT,428,7,CHAMBERI,30,144,0.336,0.42200000000000004
2025,1,HERNANI,617,ROT,115,6,TETUAN,31,59,0.509,0.8590000000000001
2025,2,HERNANI,617,ROT,115,6,TETUAN,28,53,0.46,0.789
2025,3,HERNANI,617,ROT,115,6,TETUAN,31,52,0.449,0.7709999999999999
2025,4,HERNANI,617,ROT,115,6,TETUAN,30,47,0.409,0.7
2025,5,HERNANI,617,ROT,115,6,TETUAN,31,43,0.37799999999999995,0.491
2025,6,HERNANI,617,ROT,115,6,TETUAN,30,54,0.466,0.804
2025,7,HERNANI,617,ROT,115,6,TETUAN,31,44,0.386,0.688
2025,8,HERNANI,617,ROT,115,6,TETUAN,31,19,0.168,0.29600000000000004
2025,9,HERNANI,617,ROT,115,6,TETUAN,30,51,0.445,0.775
2025,10,HERNANI,617,ROT,115,6,TETUAN,31,78,0.674,0.96
2025,11,HERNANI,617,ROT,115,6,TETUAN,30,58,0.503,0.782
2025,12,HERNANI,617,ROT,115,6,TETUAN,31,60,0.523,0.816
2025,1,JACINTO BENAVENTE,110,ROT,394,1,CENTRO,31,255,0.6459999999999999,0.778
2025,2,JACINTO BENAVENTE,110,ROT,394,1,CENTRO,28,256,0.6509999999999999,0.7879999999999999
2025,3,JACINTO BENAVENTE,110,ROT,394,1,CENTRO,31,244,0.62,0.746
2025,4,JACINTO BENAVENTE,110,ROT,394,1,CENTRO,30,249,0.631,0.7609999999999999
2025,5,JACINTO BENAVENTE,110,ROT,394,1,CENTRO,31,245,0.623,0.7440000000000001
2025,6,JACINTO BENAVENTE,110,ROT,394,1,CENTRO,30,240,0.609,0.711
2025,7,JACINTO BENAVENTE,110,ROT,394,1,CENTRO,28,241,0.611,0.718
2025,8,JACINTO BENAVENTE,110,ROT,394,1,CENTRO,31,228,0.58,0.6779999999999999
2025,9,JACINTO BENAVENTE,110,ROT,394,1,CENTRO,30,235,0.595,0.7190000000000001
2025,10,JACINTO BENAVENTE,110,ROT,394,1,CENTRO,31,226,0.5720000000000001,0.682
2025,11,JACINTO BENAVENTE,110,ROT,394,1,CENTRO,29,246,0.623,0.747
2025,12,JACINTO BENAVENTE,110,ROT,394,1,CENTRO,30,249,0.631,0.7440000000000001
2025,1,JOSÉ CASTÁN TOBEÑAS,604,ROT,226,6,TETUAN,31,32,0.139,0.228
2025,2,JOSÉ CASTÁN TOBEÑAS,604,ROT,226,6,TETUAN,28,36,0.158,0.256
2025,3,JOSÉ CASTÁN TOBEÑAS,604,ROT,226,6,TETUAN,31,38,0.16699999999999998,0.268
2025,4,JOSÉ CASTÁN TOBEÑAS,604,ROT,226,6,TETUAN,30,31,0.13699999999999998,0.21600000000000003
2025,5,JOSÉ CASTÁN TOBEÑAS,604,ROT,226,6,TETUAN,31,32,0.14300000000000002,0.231
2025,6,JOSÉ CASTÁN TOBEÑAS,604,ROT,226,6,TETUAN,30,34,0.152,0.247
2025,7,JOSÉ CASTÁN TOBEÑAS,604,ROT,226,6,TETUAN,31,26,0.11599999999999999,0.179
2025,8,JOSÉ CASTÁN TOBEÑAS,604,ROT,226,6,TETUAN,31,15,0.065,0.083
2025,9,JOSÉ CASTÁN TOBEÑAS,604,ROT,226,6,TETUAN,30,33,0.147,0.23600000000000002
2025,10,JOSÉ CASTÁN TOBEÑAS,604,ROT,226,6,TETUAN,31,38,0.17,0.267
2025,11,JOSÉ CASTÁN TOBEÑAS,604,ROT,226,6,TETUAN,30,42,0.185,0.28300000000000003
2025,12,JOSÉ CASTÁN TOBEÑAS,604,ROT,226,6,TETUAN,12,41,0.18100000000000002,0.273
2025,1,MARQUÉS DE SALAMANCA,420,ROT,356,4,SALAMANCA,31,99,0.278,0.43799999999999994
2025,2,MARQUÉS DE SALAMANCA,420,ROT,356,4,SALAMANCA,28,104,0.293,0.467
2025,3,MARQUÉS DE SALAMANCA,420,ROT,356,4,SALAMANCA,31,110,0.309,0.474
2025,4,MARQUÉS DE SALAMANCA,420,ROT,356,4,SALAMANCA,30,102,0.28600000000000003,0.431
2025,5,MARQUÉS DE SALAMANCA,420,ROT,356,4,SALAMANCA,31,94,0.265,0.415
2025,6,MARQUÉS DE SALAMANCA,420,ROT,356,4,SALAMANCA,30,105,0.295,0.435
2025,7,MARQUÉS DE SALAMANCA,420,ROT,356,4,SALAMANCA,28,113,0.318,0.436
2025,8,MARQUÉS DE SALAMANCA,420,ROT,356,4,SALAMANCA,31,52,0.147,0.196
2025,9,MARQUÉS DE SALAMANCA,420,ROT,356,4,SALAMANCA,30,108,0.303,0.45799999999999996
2025,10,MARQUÉS DE SALAMANCA,420,ROT,356,4,SALAMANCA,29,143,0.4,0.5770000000000001
2025,11,MARQUÉS DE SALAMANCA,420,ROT,356,4,SALAMANCA,29,114,0.322,0.485
2025,12,MARQUÉS DE SALAMANCA,420,ROT,356,4,SALAMANCA,30,92,0.26,0.39299999999999996
2025,1,MARQUÉS DE URQUIJO,5007,ROT,436,9,MONCLOA-ARAVACA,31,62,0.141,0.22899999999999998
2025,2,MARQUÉS DE URQUIJO,5007,ROT,436,9,MONCLOA-ARAVACA,27,75,0.172,0.284
2025,3,MARQUÉS DE URQUIJO,5007,ROT,436,9,MONCLOA-ARAVACA,31,66,0.15,0.247
2025,4,MARQUÉS DE URQUIJO,5007,ROT,436,9,MONCLOA-ARAVACA,30,57,0.13,0.21100000000000002
2025,5,MARQUÉS DE URQUIJO,5007,ROT,436,9,MONCLOA-ARAVACA,31,62,0.141,0.22899999999999998
2025,6,MARQUÉS DE URQUIJO,5007,ROT,436,9,MONCLOA-ARAVACA,30,61,0.139,0.22399999999999998
2025,7,MARQUÉS DE URQUIJO,5007,ROT,436,9,MONCLOA-ARAVACA,31,45,0.10400000000000001,0.165
2025,8,MARQUÉS DE URQUIJO,5007,ROT,436,9,MONCLOA-ARAVACA,31,20,0.046,0.067
2025,9,MARQUÉS DE URQUIJO,5007,ROT,436,9,MONCLOA-ARAVACA,30,56,0.127,0.205
2025,10,MARQUÉS DE URQUIJO,5007,ROT,436,9,MONCLOA-ARAVACA,31,69,0.158,0.257
2025,11,MARQUÉS DE URQUIJO,5007,ROT,436,9,MONCLOA-ARAVACA,30,67,0.155,0.245
2025,12,MARQUÉS DE URQUIJO,5007,ROT,436,9,MONCLOA-ARAVACA,31,63,0.145,0.22899999999999998
2025,1,MIGUEL YUSTE,2005,ROT,250,20,SAN BLAS-CANILLEJAS,21,3,0.011000000000000001,0.015
2025,2,MIGUEL YUSTE,2005,ROT,250,20,SAN BLAS-CANILLEJAS,20,3,0.011000000000000001,0.016
2025,3,MIGUEL YUSTE,2005,ROT,250,20,SAN BLAS-CANILLEJAS,21,3,0.011000000000000001,0.015
2025,4,MIGUEL YUSTE,2005,ROT,250,20,SAN BLAS-CANILLEJAS,19,3,0.011000000000000001,0.015
2025,5,MIGUEL YUSTE,2005,ROT,250,20,SAN BLAS-CANILLEJAS,18,3,0.012,0.016
2025,6,MIGUEL YUSTE,2005,ROT,250,20,SAN BLAS-CANILLEJAS,21,3,0.011000000000000001,0.016
2025,7,MIGUEL YUSTE,2005,ROT,250,20,SAN BLAS-CANILLEJAS,22,3,0.01,0.013999999999999999
2025,8,MIGUEL YUSTE,2005,ROT,250,20,SAN BLAS-CANILLEJAS,20,1,0.005,0.006999999999999999
2025,9,MIGUEL YUSTE,2005,ROT,250,20,SAN BLAS-CANILLEJAS,22,3,0.012,0.017
2025,10,MIGUEL YUSTE,2005,ROT,250,20,SAN BLAS-CANILLEJAS,23,3,0.011000000000000001,0.015
2025,11,MIGUEL YUSTE,2005,ROT,250,20,SAN BLAS-CANILLEJAS,19,3,0.011000000000000001,0.015
2025,12,MIGUEL YUSTE,2005,ROT,250,20,SAN BLAS-CANILLEJAS,19,2,0.01,0.013000000000000001
2025,1,MONTALBÁN,5009,ROT,278,3,RETIRO,31,53,0.191,0.292
2025,2,MONTALBÁN,5009,ROT,278,3,RETIRO,28,203,0.73,0.895
2025,3,MONTALBÁN,5009,ROT,278,3,RETIRO,31,192,0.691,0.833
2025,4,MONTALBÁN,5009,ROT,278,3,RETIRO,30,203,0.731,0.89
2025,5,MONTALBÁN,5009,ROT,278,3,RETIRO,31,202,0.728,0.885
2025,6,MONTALBÁN,5009,ROT,278,3,RETIRO,30,195,0.701,0.847
2025,7,MONTALBÁN,5009,ROT,278,3,RETIRO,28,193,0.6940000000000001,0.812
2025,8,MONTALBÁN,5009,ROT,278,3,RETIRO,31,194,0.698,0.7909999999999999
2025,9,MONTALBÁN,5009,ROT,278,3,RETIRO,14,213,0.767,0.899
2025,1,MOSTENSES,5010,ROT,362,1,CENTRO,31,205,0.565,0.6829999999999999
2025,2,MOSTENSES,5010,ROT,362,1,CENTRO,28,208,0.575,0.7040000000000001
2025,3,MOSTENSES,5010,ROT,362,1,CENTRO,31,204,0.563,0.685
2025,4,MOSTENSES,5010,ROT,362,1,CENTRO,30,190,0.524,0.632
2025,5,MOSTENSES,5010,ROT,362,1,CENTRO,31,202,0.5589999999999999,0.6629999999999999
2025,6,MOSTENSES,5010,ROT,362,1,CENTRO,30,214,0.59,0.695
2025,7,MOSTENSES,5010,ROT,362,1,CENTRO,31,213,0.588,0.69
2025,8,MOSTENSES,5010,ROT,362,1,CENTRO,31,222,0.614,0.6859999999999999
2025,9,MOSTENSES,5010,ROT,362,1,CENTRO,30,218,0.601,0.708
2025,10,MOSTENSES,5010,ROT,362,1,CENTRO,31,219,0.605,0.7190000000000001
2025,11,MOSTENSES,5010,ROT,362,1,CENTRO,30,223,0.616,0.736
2025,12,MOSTENSES,5010,ROT,362,1,CENTRO,31,235,0.648,0.763
2025,1,MUSEO DE LA CIUDAD,5011,ROT,149,5,CHAMARTIN,31,2,0.016,0.03
2025,2,MUSEO DE LA CIUDAD,5011,ROT,149,5,CHAMARTIN,27,2,0.013999999999999999,0.027999999999999997
2025,3,MUSEO DE LA CIUDAD,5011,ROT,149,5,CHAMARTIN,25,2,0.015,0.028999999999999998
2025,1,OLAVIDE,5012,ROT,383,7,CHAMBERI,31,234,0.61,0.7040000000000001
2025,2,OLAVIDE,5012,ROT,383,7,CHAMBERI,28,246,0.642,0.753
2025,3,OLAVIDE,5012,ROT,383,7,CHAMBERI,31,238,0.621,0.715
2025,4,OLAVIDE,5012,ROT,383,7,CHAMBERI,30,203,0.531,0.6459999999999999
2025,5,OLAVIDE,5012,ROT,383,7,CHAMBERI,31,248,0.648,0.7490000000000001
2025,6,OLAVIDE,5012,ROT,383,7,CHAMBERI,30,241,0.63,0.716
2025,7,OLAVIDE,5012,ROT,383,7,CHAMBERI,28,213,0.557,0.627
2025,8,OLAVIDE,5012,ROT,383,7,CHAMBERI,31,170,0.444,0.499
2025,9,OLAVIDE,5012,ROT,383,7,CHAMBERI,30,238,0.623,0.713
2025,10,OLAVIDE,5012,ROT,383,7,CHAMBERI,31,250,0.653,0.745
2025,11,OLAVIDE,5012,ROT,383,7,CHAMBERI,29,254,0.6629999999999999,0.762
2025,12,OLAVIDE,5012,ROT,383,7,CHAMBERI,30,238,0.621,0.7090000000000001
2025,1,ORENSE,610,ROT,144,6,TETUAN,31,66,0.45799999999999996,0.5479999999999999
2025,2,ORENSE,610,ROT,144,6,TETUAN,28,61,0.425,0.525
2025,3,ORENSE,610,ROT,144,6,TETUAN,31,61,0.426,0.511
2025,4,ORENSE,610,ROT,144,6,TETUAN,30,54,0.376,0.445
2025,5,ORENSE,610,ROT,144,6,TETUAN,31,67,0.46399999999999997,0.5579999999999999
2025,6,ORENSE,610,ROT,144,6,TETUAN,30,63,0.43700000000000006,0.511
2025,7,ORENSE,610,ROT,144,6,TETUAN,28,56,0.391,0.45399999999999996
2025,8,ORENSE,610,ROT,144,6,TETUAN,31,54,0.376,0.414
2025,9,ORENSE,610,ROT,144,6,TETUAN,30,59,0.41200000000000003,0.514
2025,10,ORENSE,610,ROT,144,6,TETUAN,31,52,0.359,0.45899999999999996
2025,11,ORENSE,610,ROT,144,6,TETUAN,29,59,0.409,0.49700000000000005
2025,12,ORENSE,610,ROT,144,6,TETUAN,30,54,0.377,0.45
2025,1,PEDRO ZEROLO,101,ROT,118,1,CENTRO,31,82,0.6990000000000001,0.878
2025,2,PEDRO ZEROLO,101,ROT,118,1,CENTRO,28,81,0.684,0.8759999999999999
2025,3,PEDRO ZEROLO,101,ROT,118,1,CENTRO,31,79,0.67,0.8420000000000001
2025,4,PEDRO ZEROLO,101,ROT,118,1,CENTRO,30,82,0.6970000000000001,0.879
2025,5,PEDRO ZEROLO,101,ROT,118,1,CENTRO,31,81,0.685,0.856
2025,6,PEDRO ZEROLO,101,ROT,118,1,CENTRO,30,79,0.669,0.823
2025,7,PEDRO ZEROLO,101,ROT,118,1,CENTRO,28,77,0.649,0.7959999999999999
2025,8,PEDRO ZEROLO,101,ROT,118,1,CENTRO,31,83,0.701,0.8270000000000001
2025,9,PEDRO ZEROLO,101,ROT,118,1,CENTRO,30,86,0.731,0.92
2025,10,PEDRO ZEROLO,101,ROT,118,1,CENTRO,31,80,0.68,0.851
2025,11,PEDRO ZEROLO,101,ROT,118,1,CENTRO,29,85,0.721,0.895
2025,12,PEDRO ZEROLO,101,ROT,118,1,CENTRO,30,82,0.693,0.838
2025,1,PLAZA DE COLÓN,5001,ROT,612,1,CENTRO,31,304,0.496,0.711
2025,2,PLAZA DE COLÓN,5001,ROT,612,1,CENTRO,28,254,0.41600000000000004,0.645
2025,3,PLAZA DE COLÓN,5001,ROT,612,1,CENTRO,31,244,0.39899999999999997,0.615
2025,4,PLAZA DE COLÓN,5001,ROT,612,1,CENTRO,30,231,0.37799999999999995,0.563
2025,5,PLAZA DE COLÓN,5001,ROT,612,1,CENTRO,31,243,0.39799999999999996,0.5870000000000001
2025,6,PLAZA DE COLÓN,5001,ROT,612,1,CENTRO,30,221,0.36,0.5589999999999999
2025,7,PLAZA DE COLÓN,5001,ROT,612,1,CENTRO,31,190,0.311,0.483
2025,8,PLAZA DE COLÓN,5001,ROT,612,1,CENTRO,31,138,0.226,0.28800000000000003
2025,9,PLAZA DE COLÓN,5001,ROT,612,1,CENTRO,30,211,0.345,0.564
2025,10,PLAZA DE COLÓN,5001,ROT,612,1,CENTRO,31,229,0.375,0.609
2025,11,PLAZA DE COLÓN,5001,ROT,612,1,CENTRO,30,239,0.391,0.612
2025,12,PLAZA DE COLÓN,5001,ROT,612,1,CENTRO,31,255,0.41700000000000004,0.647
2025,1,PLAZA DE ESPAÑA,5004,ROT,824,1,CENTRO,31,723,0.878,1.005
2025,2,PLAZA DE ESPAÑA,5004,ROT,824,1,CENTRO,28,699,0.8490000000000001,0.978
2025,3,PLAZA DE ESPAÑA,5004,ROT,824,1,CENTRO,31,673,0.816,0.9259999999999999
2025,4,PLAZA DE ESPAÑA,5004,ROT,824,1,CENTRO,30,696,0.845,0.971
2025,5,PLAZA DE ESPAÑA,5004,ROT,824,1,CENTRO,31,714,0.866,0.9990000000000001
2025,6,PLAZA DE ESPAÑA,5004,ROT,824,1,CENTRO,30,659,0.8,0.914
2025,7,PLAZA DE ESPAÑA,5004,ROT,824,1,CENTRO,28,599,0.727,0.833
2025,8,PLAZA DE ESPAÑA,5004,ROT,824,1,CENTRO,31,574,0.696,0.7759999999999999
2025,9,PLAZA DE ESPAÑA,5004,ROT,824,1,CENTRO,30,601,0.73,0.8220000000000001
2025,10,PLAZA DE ESPAÑA,5004,ROT,824,1,CENTRO,31,560,0.68,0.7809999999999999
2025,11,PLAZA DE ESPAÑA,5004,ROT,824,1,CENTRO,29,549,0.6659999999999999,0.785
2025,12,PLAZA DE ESPAÑA,5004,ROT,824,1,CENTRO,30,553,0.6709999999999999,0.792
2025,1,PLAZA DE LAS CORTES,5002,ROT,458,1,CENTRO,31,126,0.276,0.38
2025,2,PLAZA DE LAS CORTES,5002,ROT,458,1,CENTRO,28,124,0.27,0.39399999999999996
2025,3,PLAZA DE LAS CORTES,5002,ROT,458,1,CENTRO,31,128,0.28,0.41600000000000004
2025,4,PLAZA DE LAS CORTES,5002,ROT,458,1,CENTRO,30,128,0.28,0.41200000000000003
2025,5,PLAZA DE LAS CORTES,5002,ROT,458,1,CENTRO,31,129,0.281,0.42200000000000004
2025,6,PLAZA DE LAS CORTES,5002,ROT,458,1,CENTRO,30,179,0.39,0.529
2025,7,PLAZA DE LAS CORTES,5002,ROT,458,1,CENTRO,31,150,0.327,0.431
2025,8,PLAZA DE LAS CORTES,5002,ROT,458,1,CENTRO,31,109,0.23800000000000002,0.29600000000000004
2025,9,PLAZA DE LAS CORTES,5002,ROT,458,1,CENTRO,30,205,0.44799999999999995,0.588
2025,10,PLAZA DE LAS CORTES,5002,ROT,458,1,CENTRO,31,228,0.498,0.659
2025,11,PLAZA DE LAS CORTES,5002,ROT,458,1,CENTRO,30,248,0.541,0.7290000000000001
2025,12,PLAZA DE LAS CORTES,5002,ROT,458,1,CENTRO,31,235,0.513,0.688
2025,1,PLAZA DE ORIENTE,107,ROT,212,1,CENTRO,31,22,0.10400000000000001,0.198
2025,2,PLAZA DE ORIENTE,107,ROT,212,1,CENTRO,28,22,0.10300000000000001,0.193
2025,3,PLAZA DE ORIENTE,107,ROT,212,1,CENTRO,31,23,0.109,0.204
2025,4,PLAZA DE ORIENTE,107,ROT,212,1,CENTRO,30,22,0.10400000000000001,0.196
2025,5,PLAZA DE ORIENTE,107,ROT,212,1,CENTRO,31,23,0.11,0.203
2025,6,PLAZA DE ORIENTE,107,ROT,212,1,CENTRO,30,23,0.10800000000000001,0.2
2025,7,PLAZA DE ORIENTE,107,ROT,212,1,CENTRO,31,22,0.10300000000000001,0.191
2025,8,PLAZA DE ORIENTE,107,ROT,212,1,CENTRO,31,15,0.068,0.124
2025,9,PLAZA DE ORIENTE,107,ROT,212,1,CENTRO,30,23,0.107,0.2
2025,10,PLAZA DE ORIENTE,107,ROT,212,1,CENTRO,31,24,0.111,0.209
2025,11,PLAZA DE ORIENTE,107,ROT,212,1,CENTRO,30,32,0.15,0.284
2025,12,PLAZA DE ORIENTE,107,ROT,212,1,CENTRO,31,28,0.131,0.244
2025,1,PLAZA DE SANTO DOMINGO,105,ROT,333,1,CENTRO,31,21,0.062,0.107
2025,2,PLAZA DE SANTO DOMINGO,105,ROT,333,1,CENTRO,28,21,0.064,0.109
2025,3,PLAZA DE SANTO DOMINGO,105,ROT,333,1,CENTRO,31,21,0.062,0.107
2025,4,PLAZA DE SANTO DOMINGO,105,ROT,333,1,CENTRO,30,19,0.057999999999999996,0.099
2025,5,PLAZA DE SANTO DOMINGO,105,ROT,333,1,CENTRO,31,20,0.059000000000000004,0.099
2025,6,PLAZA DE SANTO DOMINGO,105,ROT,333,1,CENTRO,30,19,0.057,0.09300000000000001
2025,7,PLAZA DE SANTO DOMINGO,105,ROT,333,1,CENTRO,31,17,0.05,0.08199999999999999
2025,8,PLAZA DE SANTO DOMINGO,105,ROT,333,1,CENTRO,28,15,0.046,0.07400000000000001
2025,9,PLAZA DE SANTO DOMINGO,105,ROT,333,1,CENTRO,30,20,0.061,0.10300000000000001
2025,10,PLAZA DE SANTO DOMINGO,105,ROT,333,1,CENTRO,31,21,0.063,0.106
2025,11,PLAZA DE SANTO DOMINGO,105,ROT,333,1,CENTRO,30,23,0.068,0.11699999999999999
2025,12,PLAZA DE SANTO DOMINGO,105,ROT,333,1,CENTRO,31,25,0.07400000000000001,0.127
2025,1,PLAZA DEL REY,5014,ROT,155,1,CENTRO,31,8,0.05,0.087
2025,2,PLAZA DEL REY,5014,ROT,155,1,CENTRO,28,8,0.054000000000000006,0.094
2025,3,PLAZA DEL REY,5014,ROT,155,1,CENTRO,31,8,0.055,0.09300000000000001
2025,4,PLAZA DEL REY,5014,ROT,155,1,CENTRO,30,7,0.046,0.08
2025,5,PLAZA DEL REY,5014,ROT,155,1,CENTRO,31,8,0.049,0.084
2025,6,PLAZA DEL REY,5014,ROT,155,1,CENTRO,30,8,0.05,0.086
2025,7,PLAZA DEL REY,5014,ROT,155,1,CENTRO,31,6,0.04,0.068
2025,8,PLAZA DEL REY,5014,ROT,155,1,CENTRO,31,4,0.027000000000000003,0.044000000000000004
2025,9,PLAZA DEL REY,5014,ROT,155,1,CENTRO,30,8,0.05,0.085
2025,10,PLAZA DEL REY,5014,ROT,155,1,CENTRO,31,9,0.055999999999999994,0.09699999999999999
2025,11,PLAZA DEL REY,5014,ROT,155,1,CENTRO,30,9,0.057999999999999996,0.10300000000000001
2025,12,PLAZA DEL REY,5014,ROT,155,1,CENTRO,31,9,0.059000000000000004,0.106
2025,1,PLAZA MAYOR,5008,ROT,893,1,CENTRO,31,445,0.499,0.593
2025,2,PLAZA MAYOR,5008,ROT,893,1,CENTRO,28,633,0.7090000000000001,0.8290000000000001
2025,3,PLAZA MAYOR,5008,ROT,893,1,CENTRO,31,409,0.45799999999999996,0.544
2025,4,PLAZA MAYOR,5008,ROT,893,1,CENTRO,30,432,0.484,0.58
2025,5,PLAZA MAYOR,5008,ROT,893,1,CENTRO,31,429,0.48100000000000004,0.5760000000000001
2025,6,PLAZA MAYOR,5008,ROT,893,1,CENTRO,30,407,0.456,0.526
2025,7,PLAZA MAYOR,5008,ROT,893,1,CENTRO,28,387,0.434,0.495
2025,8,PLAZA MAYOR,5008,ROT,893,1,CENTRO,31,386,0.433,0.494
2025,9,PLAZA MAYOR,5008,ROT,893,1,CENTRO,30,427,0.479,0.565
2025,10,PLAZA MAYOR,5008,ROT,893,1,CENTRO,31,409,0.45799999999999996,0.5379999999999999
2025,11,PLAZA MAYOR,5008,ROT,893,1,CENTRO,29,450,0.504,0.6
2025,12,PLAZA MAYOR,5008,ROT,893,1,CENTRO,30,455,0.509,0.613
2025,1,PRESIDENTE CARMONA,618,ROT,128,6,TETUAN,31,7,0.055,0.062
2025,2,PRESIDENTE CARMONA,618,ROT,128,6,TETUAN,28,7,0.055999999999999994,0.063
2025,3,PRESIDENTE CARMONA,618,ROT,128,6,TETUAN,31,7,0.054000000000000006,0.061
2025,4,PRESIDENTE CARMONA,618,ROT,128,6,TETUAN,30,7,0.051,0.054000000000000006
2025,5,PRESIDENTE CARMONA,618,ROT,128,6,TETUAN,31,7,0.055,0.06
2025,6,PRESIDENTE CARMONA,618,ROT,128,6,TETUAN,30,7,0.055999999999999994,0.064
2025,7,PRESIDENTE CARMONA,618,ROT,128,6,TETUAN,31,6,0.049,0.052000000000000005
2025,8,PRESIDENTE CARMONA,618,ROT,128,6,TETUAN,31,3,0.027000000000000003,0.026000000000000002
2025,9,PRESIDENTE CARMONA,618,ROT,128,6,TETUAN,30,7,0.052000000000000005,0.055999999999999994
2025,10,PRESIDENTE CARMONA,618,ROT,128,6,TETUAN,31,7,0.057,0.065
2025,11,PRESIDENTE CARMONA,618,ROT,128,6,TETUAN,30,7,0.057999999999999996,0.065
2025,12,PRESIDENTE CARMONA,618,ROT,128,6,TETUAN,31,7,0.055999999999999994,0.062
2025,1,PRíNCIPE DE VERGARA (AUDITORIO),5015,ROT,366,5,CHAMARTIN,31,8,0.023,0.042
2025,2,PRíNCIPE DE VERGARA (AUDITORIO),5015,ROT,366,5,CHAMARTIN,28,7,0.02,0.038
2025,3,PRíNCIPE DE VERGARA (AUDITORIO),5015,ROT,366,5,CHAMARTIN,31,8,0.023,0.044000000000000004
2025,4,PRíNCIPE DE VERGARA (AUDITORIO),5015,ROT,366,5,CHAMARTIN,30,6,0.017,0.032
2025,5,PRíNCIPE DE VERGARA (AUDITORIO),5015,ROT,366,5,CHAMARTIN,31,7,0.02,0.038
2025,6,PRíNCIPE DE VERGARA (AUDITORIO),5015,ROT,366,5,CHAMARTIN,30,6,0.016,0.032
2025,7,PRíNCIPE DE VERGARA (AUDITORIO),5015,ROT,366,5,CHAMARTIN,30,2,0.005,0.009000000000000001
2025,8,PRíNCIPE DE VERGARA (AUDITORIO),5015,ROT,366,5,CHAMARTIN,28,0,0.001,0.001
2025,9,PRíNCIPE DE VERGARA (AUDITORIO),5015,ROT,366,5,CHAMARTIN,30,2,0.006999999999999999,0.012
2025,10,PRíNCIPE DE VERGARA (AUDITORIO),5015,ROT,366,5,CHAMARTIN,31,8,0.023,0.043
2025,11,PRíNCIPE DE VERGARA (AUDITORIO),5015,ROT,366,5,CHAMARTIN,30,10,0.027000000000000003,0.052000000000000005
2025,12,PRíNCIPE DE VERGARA (AUDITORIO),5015,ROT,366,5,CHAMARTIN,29,11,0.03,0.055
2025,1,PUERTA DE TOLEDO,5016,ROT,240,1,CENTRO,31,16,0.067,0.115
2025,2,PUERTA DE TOLEDO,5016,ROT,240,1,CENTRO,28,107,0.44799999999999995,0.535
2025,3,PUERTA DE TOLEDO,5016,ROT,240,1,CENTRO,31,86,0.35600000000000004,0.433
2025,4,PUERTA DE TOLEDO,5016,ROT,240,1,CENTRO,30,92,0.384,0.445
2025,5,PUERTA DE TOLEDO,5016,ROT,240,1,CENTRO,31,79,0.33,0.408
2025,6,PUERTA DE TOLEDO,5016,ROT,240,1,CENTRO,30,71,0.294,0.35200000000000004
2025,7,PUERTA DE TOLEDO,5016,ROT,240,1,CENTRO,31,58,0.244,0.292
2025,8,PUERTA DE TOLEDO,5016,ROT,240,1,CENTRO,31,65,0.27,0.326
2025,9,PUERTA DE TOLEDO,5016,ROT,240,1,CENTRO,30,90,0.375,0.452
2025,10,PUERTA DE TOLEDO,5016,ROT,240,1,CENTRO,31,42,0.174,0.21899999999999997
2025,11,PUERTA DE TOLEDO,5016,ROT,240,1,CENTRO,30,99,0.414,0.493
2025,12,PUERTA DE TOLEDO,5016,ROT,240,1,CENTRO,31,140,0.584,0.665
2025,1,RECOLETOS,421,ROT,290,4,SALAMANCA,27,48,0.16399999999999998,0.25
2025,2,RECOLETOS,421,ROT,290,4,SALAMANCA,21,136,0.469,0.57
2025,3,RECOLETOS,421,ROT,290,4,SALAMANCA,29,145,0.501,0.637
2025,4,RECOLETOS,421,ROT,290,4,SALAMANCA,29,131,0.45,0.569
2025,5,RECOLETOS,421,ROT,290,4,SALAMANCA,31,141,0.486,0.606
2025,6,RECOLETOS,421,ROT,290,4,SALAMANCA,30,142,0.49,0.613
2025,7,RECOLETOS,421,ROT,290,4,SALAMANCA,31,142,0.491,0.598
2025,8,RECOLETOS,421,ROT,290,4,SALAMANCA,31,130,0.44799999999999995,0.51
2025,9,RECOLETOS,421,ROT,290,4,SALAMANCA,30,174,0.598,0.732
2025,10,RECOLETOS,421,ROT,290,4,SALAMANCA,30,167,0.575,0.755
2025,11,RECOLETOS,421,ROT,290,4,SALAMANCA,30,177,0.609,0.792
2025,12,RECOLETOS,421,ROT,290,4,SALAMANCA,31,180,0.621,0.8029999999999999
2025,1,REPÚBLICA DOMINICANA,512,ROT,210,5,CHAMARTIN,31,19,0.08900000000000001,0.131
2025,2,REPÚBLICA DOMINICANA,512,ROT,210,5,CHAMARTIN,28,21,0.10099999999999999,0.14800000000000002
2025,3,REPÚBLICA DOMINICANA,512,ROT,210,5,CHAMARTIN,31,21,0.1,0.14800000000000002
2025,4,REPÚBLICA DOMINICANA,512,ROT,210,5,CHAMARTIN,30,12,0.059000000000000004,0.08800000000000001
2025,5,REPÚBLICA DOMINICANA,512,ROT,210,5,CHAMARTIN,31,20,0.098,0.14400000000000002
2025,6,REPÚBLICA DOMINICANA,512,ROT,210,5,CHAMARTIN,30,19,0.08800000000000001,0.134
2025,7,REPÚBLICA DOMINICANA,512,ROT,210,5,CHAMARTIN,31,15,0.071,0.1
2025,8,REPÚBLICA DOMINICANA,512,ROT,210,5,CHAMARTIN,31,4,0.02,0.028999999999999998
2025,9,REPÚBLICA DOMINICANA,512,ROT,210,5,CHAMARTIN,30,18,0.08800000000000001,0.128
2025,10,REPÚBLICA DOMINICANA,512,ROT,210,5,CHAMARTIN,31,18,0.08800000000000001,0.13
2025,11,REPÚBLICA DOMINICANA,512,ROT,210,5,CHAMARTIN,30,21,0.098,0.141
2025,12,REPÚBLICA DOMINICANA,512,ROT,210,5,CHAMARTIN,31,19,0.09300000000000001,0.131
2025,1,REYES MAGOS,311,ROT,324,3,RETIRO,31,96,0.29600000000000004,0.33899999999999997
2025,2,REYES MAGOS,311,ROT,324,3,RETIRO,28,91,0.281,0.32
2025,3,REYES MAGOS,311,ROT,324,3,RETIRO,31,92,0.28300000000000003,0.318
2025,4,REYES MAGOS,311,ROT,324,3,RETIRO,30,87,0.26899999999999996,0.304
2025,5,REYES MAGOS,311,ROT,324,3,RETIRO,31,85,0.263,0.304
2025,6,REYES MAGOS,311,ROT,324,3,RETIRO,30,92,0.28300000000000003,0.33399999999999996
2025,7,REYES MAGOS,311,ROT,324,3,RETIRO,31,79,0.244,0.263
2025,8,REYES MAGOS,311,ROT,324,3,RETIRO,31,56,0.172,0.184
2025,9,REYES MAGOS,311,ROT,324,3,RETIRO,30,110,0.33899999999999997,0.358
2025,10,REYES MAGOS,311,ROT,324,3,RETIRO,31,131,0.405,0.444
2025,11,REYES MAGOS,311,ROT,324,3,RETIRO,30,113,0.349,0.381
2025,12,REYES MAGOS,311,ROT,324,3,RETIRO,31,114,0.35200000000000004,0.38799999999999996
2025,1,SAN CAYETANO,427,ROT,222,4,SALAMANCA,31,4,0.019,0.035
2025,2,SAN CAYETANO,427,ROT,222,4,SALAMANCA,28,4,0.019,0.035
2025,3,SAN CAYETANO,427,ROT,222,4,SALAMANCA,31,3,0.015,0.027999999999999997
2025,4,SAN CAYETANO,427,ROT,222,4,SALAMANCA,30,3,0.013000000000000001,0.025
2025,5,SAN CAYETANO,427,ROT,222,4,SALAMANCA,31,5,0.022000000000000002,0.042
2025,6,SAN CAYETANO,427,ROT,222,4,SALAMANCA,30,5,0.02,0.039
2025,7,SAN CAYETANO,427,ROT,222,4,SALAMANCA,31,3,0.012,0.023
2025,8,SAN CAYETANO,427,ROT,222,4,SALAMANCA,31,1,0.005,0.009000000000000001
2025,9,SAN CAYETANO,427,ROT,222,4,SALAMANCA,30,4,0.017,0.032
2025,10,SAN CAYETANO,427,ROT,222,4,SALAMANCA,31,5,0.023,0.044000000000000004
2025,11,SAN CAYETANO,427,ROT,222,4,SALAMANCA,30,4,0.02,0.038
2025,12,SAN CAYETANO,427,ROT,222,4,SALAMANCA,31,5,0.021,0.039
2025,1,SAN GERMÁN II,613,ROT,419,6,TETUAN,31,26,0.061,0.083
2025,2,SAN GERMÁN II,613,ROT,419,6,TETUAN,28,30,0.071,0.096
2025,3,SAN GERMÁN II,613,ROT,419,6,TETUAN,31,29,0.07,0.096
2025,4,SAN GERMÁN II,613,ROT,419,6,TETUAN,30,35,0.083,0.10400000000000001
2025,5,SAN GERMÁN II,613,ROT,419,6,TETUAN,31,28,0.066,0.091
2025,6,SAN GERMÁN II,613,ROT,419,6,TETUAN,30,20,0.049,0.07400000000000001
2025,7,SAN GERMÁN II,613,ROT,419,6,TETUAN,31,12,0.027999999999999997,0.046
2025,8,SAN GERMÁN II,613,ROT,419,6,TETUAN,31,10,0.024,0.027000000000000003
2025,9,SAN GERMÁN II,613,ROT,419,6,TETUAN,30,24,0.057999999999999996,0.08
2025,10,SAN GERMÁN II,613,ROT,419,6,TETUAN,31,29,0.068,0.09300000000000001
2025,11,SAN GERMÁN II,613,ROT,419,6,TETUAN,30,23,0.055,0.08
2025,12,SAN GERMÁN II,613,ROT,419,6,TETUAN,31,28,0.067,0.084
2025,1,SÁNCHEZ BUSTILLO,104,ROT,132,1,CENTRO,31,17,0.131,0.207
2025,2,SÁNCHEZ BUSTILLO,104,ROT,132,1,CENTRO,28,19,0.14300000000000002,0.22899999999999998
2025,3,SÁNCHEZ BUSTILLO,104,ROT,132,1,CENTRO,31,19,0.145,0.23
2025,4,SÁNCHEZ BUSTILLO,104,ROT,132,1,CENTRO,30,17,0.128,0.201
2025,5,SÁNCHEZ BUSTILLO,104,ROT,132,1,CENTRO,31,19,0.14300000000000002,0.23
2025,6,SÁNCHEZ BUSTILLO,104,ROT,132,1,CENTRO,30,19,0.142,0.22699999999999998
2025,7,SÁNCHEZ BUSTILLO,104,ROT,132,1,CENTRO,31,15,0.11,0.172
2025,8,SÁNCHEZ BUSTILLO,104,ROT,132,1,CENTRO,31,10,0.078,0.114
2025,9,SÁNCHEZ BUSTILLO,104,ROT,132,1,CENTRO,30,17,0.131,0.20600000000000002
2025,10,SÁNCHEZ BUSTILLO,104,ROT,132,1,CENTRO,31,20,0.149,0.23399999999999999
2025,11,SÁNCHEZ BUSTILLO,104,ROT,132,1,CENTRO,30,20,0.15,0.24100000000000002
2025,12,SÁNCHEZ BUSTILLO,104,ROT,132,1,CENTRO,31,18,0.139,0.221
2025,1,SERRANO I,432,ROT,307,4,SALAMANCA,31,103,0.335,0.514
2025,2,SERRANO I,432,ROT,307,4,SALAMANCA,28,115,0.375,0.57
2025,3,SERRANO I,432,ROT,307,4,SALAMANCA,31,119,0.387,0.586
2025,4,SERRANO I,432,ROT,307,4,SALAMANCA,30,114,0.37200000000000005,0.54
2025,5,SERRANO I,432,ROT,307,4,SALAMANCA,31,117,0.381,0.5579999999999999
2025,6,SERRANO I,432,ROT,307,4,SALAMANCA,30,124,0.40399999999999997,0.586
2025,7,SERRANO I,432,ROT,307,4,SALAMANCA,31,104,0.34,0.48700000000000004
2025,8,SERRANO I,432,ROT,307,4,SALAMANCA,31,53,0.171,0.212
2025,9,SERRANO I,432,ROT,307,4,SALAMANCA,30,112,0.365,0.5379999999999999
2025,10,SERRANO I,432,ROT,307,4,SALAMANCA,31,123,0.39899999999999997,0.591
2025,11,SERRANO I,432,ROT,307,4,SALAMANCA,30,118,0.384,0.565
2025,12,SERRANO I,432,ROT,307,4,SALAMANCA,31,112,0.365,0.527
2025,1,SERRANO II,433,ROT,379,4,SALAMANCA,31,121,0.319,0.545
2025,2,SERRANO II,433,ROT,379,4,SALAMANCA,28,129,0.341,0.5670000000000001
2025,3,SERRANO II,433,ROT,379,4,SALAMANCA,31,125,0.33,0.55
2025,4,SERRANO II,433,ROT,379,4,SALAMANCA,30,113,0.298,0.498
2025,5,SERRANO II,433,ROT,379,4,SALAMANCA,31,121,0.32,0.53
2025,6,SERRANO II,433,ROT,379,4,SALAMANCA,30,126,0.33299999999999996,0.5479999999999999
2025,7,SERRANO II,433,ROT,379,4,SALAMANCA,31,111,0.293,0.491
2025,8,SERRANO II,433,ROT,379,4,SALAMANCA,31,67,0.177,0.265
2025,9,SERRANO II,433,ROT,379,4,SALAMANCA,30,141,0.37200000000000005,0.61
2025,10,SERRANO II,433,ROT,379,4,SALAMANCA,31,140,0.369,0.613
2025,11,SERRANO II,433,ROT,379,4,SALAMANCA,30,143,0.376,0.605
2025,12,SERRANO II,433,ROT,379,4,SALAMANCA,31,138,0.364,0.583
2025,1,SERRANO III,434,ROT,261,4,SALAMANCA,31,105,0.402,0.647
2025,2,SERRANO III,434,ROT,261,4,SALAMANCA,28,114,0.435,0.698
2025,3,SERRANO III,434,ROT,261,4,SALAMANCA,31,105,0.402,0.647
2025,4,SERRANO III,434,ROT,261,4,SALAMANCA,30,106,0.40700000000000003,0.6509999999999999
2025,5,SERRANO III,434,ROT,261,4,SALAMANCA,31,115,0.441,0.696
2025,6,SERRANO III,434,ROT,261,4,SALAMANCA,30,118,0.45299999999999996,0.708
2025,7,SERRANO III,434,ROT,261,4,SALAMANCA,31,98,0.376,0.584
2025,8,SERRANO III,434,ROT,261,4,SALAMANCA,31,55,0.21100000000000002,0.297
2025,9,SERRANO III,434,ROT,261,4,SALAMANCA,30,117,0.45,0.726
2025,10,SERRANO III,434,ROT,261,4,SALAMANCA,31,138,0.528,0.847
2025,11,SERRANO III,434,ROT,261,4,SALAMANCA,30,130,0.499,0.785
2025,12,SERRANO III,434,ROT,261,4,SALAMANCA,31,132,0.508,0.7859999999999999
2025,1,SEVILLA,114,ROT,393,1,CENTRO,31,40,0.102,0.183
2025,2,SEVILLA,114,ROT,393,1,CENTRO,28,42,0.107,0.191
2025,3,SEVILLA,114,ROT,393,1,CENTRO,31,41,0.10400000000000001,0.185
2025,4,SEVILLA,114,ROT,393,1,CENTRO,30,38,0.09699999999999999,0.171
2025,5,SEVILLA,114,ROT,393,1,CENTRO,31,40,0.102,0.17800000000000002
2025,6,SEVILLA,114,ROT,393,1,CENTRO,30,40,0.102,0.179
2025,7,SEVILLA,114,ROT,393,1,CENTRO,31,38,0.09699999999999999,0.168
2025,8,SEVILLA,114,ROT,393,1,CENTRO,31,31,0.078,0.132
2025,9,SEVILLA,114,ROT,393,1,CENTRO,30,25,0.062,0.109
2025,10,SEVILLA,114,ROT,393,1,CENTRO,31,27,0.068,0.11599999999999999
2025,11,SEVILLA,114,ROT,393,1,CENTRO,30,26,0.067,0.11900000000000001
2025,12,SEVILLA,114,ROT,393,1,CENTRO,31,29,0.075,0.133
2025,1,VELÁZQUEZ JORGE JUAN,423,ROT,263,4,SALAMANCA,31,108,0.41,0.659
2025,2,VELÁZQUEZ JORGE JUAN,423,ROT,263,4,SALAMANCA,28,110,0.419,0.6829999999999999
2025,3,VELÁZQUEZ JORGE JUAN,423,ROT,263,4,SALAMANCA,31,107,0.406,0.6579999999999999
2025,4,VELÁZQUEZ JORGE JUAN,423,ROT,263,4,SALAMANCA,30,98,0.373,0.5920000000000001
2025,5,VELÁZQUEZ JORGE JUAN,423,ROT,263,4,SALAMANCA,31,111,0.423,0.675
2025,6,VELÁZQUEZ JORGE JUAN,423,ROT,263,4,SALAMANCA,11,142,0.539,0.815
2025,1,VERDAGUER Y GARCÍA,1524,ROT,83,15,CIUDAD LINEAL,31,23,0.282,0.185
2025,2,VERDAGUER Y GARCÍA,1524,ROT,83,15,CIUDAD LINEAL,28,23,0.271,0.185
2025,3,VERDAGUER Y GARCÍA,1524,ROT,83,15,CIUDAD LINEAL,31,24,0.294,0.19
2025,4,VERDAGUER Y GARCÍA,1524,ROT,83,15,CIUDAD LINEAL,30,17,0.207,0.151
2025,5,VERDAGUER Y GARCÍA,1524,ROT,83,15,CIUDAD LINEAL,31,21,0.249,0.168
2025,6,VERDAGUER Y GARCÍA,1524,ROT,83,15,CIUDAD LINEAL,30,17,0.20800000000000002,0.13699999999999998
2025,7,VERDAGUER Y GARCÍA,1524,ROT,83,15,CIUDAD LINEAL,31,17,0.203,0.15
2025,8,VERDAGUER Y GARCÍA,1524,ROT,83,15,CIUDAD LINEAL,31,12,0.14300000000000002,0.11
2025,9,VERDAGUER Y GARCÍA,1524,ROT,83,15,CIUDAD LINEAL,30,15,0.179,0.11900000000000001
2025,10,VERDAGUER Y GARCÍA,1524,ROT,83,15,CIUDAD LINEAL,31,17,0.20800000000000002,0.131
2025,11,VERDAGUER Y GARCÍA,1524,ROT,83,15,CIUDAD LINEAL,30,19,0.23199999999999998,0.141
2025,12,VERDAGUER Y GARCÍA,1524,ROT,83,15,CIUDAD LINEAL,31,20,0.23600000000000002,0.14
2025,1,VILLA DE PARÍS,5020,ROT,179,1,CENTRO,31,124,0.6940000000000001,0.8240000000000001
2025,2,VILLA DE PARÍS,5020,ROT,179,1,CENTRO,28,121,0.677,0.818
2025,3,VILLA DE PARÍS,5020,ROT,179,1,CENTRO,31,121,0.6759999999999999,0.81
2025,4,VILLA DE PARÍS,5020,ROT,179,1,CENTRO,30,120,0.6679999999999999,0.802
2025,5,VILLA DE PARÍS,5020,ROT,179,1,CENTRO,31,124,0.691,0.838
2025,6,VILLA DE PARÍS,5020,ROT,179,1,CENTRO,30,120,0.669,0.8
2025,7,VILLA DE PARÍS,5020,ROT,179,1,CENTRO,28,114,0.636,0.7559999999999999
2025,8,VILLA DE PARÍS,5020,ROT,179,1,CENTRO,31,95,0.529,0.601
2025,9,VILLA DE PARÍS,5020,ROT,179,1,CENTRO,30,123,0.6890000000000001,0.821
2025,10,VILLA DE PARÍS,5020,ROT,179,1,CENTRO,31,122,0.68,0.825
2025,11,VILLA DE PARÍS,5020,ROT,179,1,CENTRO,29,126,0.703,0.852
2025,12,VILLA DE PARÍS,5020,ROT,179,1,CENTRO,30,115,0.642,0.762
2024,1,ALMAGRO,5000,ROT,453,7,CHAMBERI,31,189,0.41700000000000004,0.561
2024,2,ALMAGRO,5000,ROT,453,7,CHAMBERI,28,201,0.44299999999999995,0.613
2024,3,ALMAGRO,5000,ROT,453,7,CHAMBERI,30,181,0.4,0.524
2024,4,ALMAGRO,5000,ROT,453,7,CHAMBERI,30,196,0.43200000000000005,0.5870000000000001
2024,5,ALMAGRO,5000,ROT,453,7,CHAMBERI,31,191,0.42200000000000004,0.555
2024,6,ALMAGRO,5000,ROT,453,7,CHAMBERI,20,176,0.389,0.522
2024,7,ALMAGRO,5000,ROT,453,7,CHAMBERI,31,162,0.358,0.46399999999999997
2024,8,ALMAGRO,5000,ROT,453,7,CHAMBERI,31,76,0.16699999999999998,0.2
2024,9,ALMAGRO,5000,ROT,453,7,CHAMBERI,29,167,0.37,0.504
2024,10,ALMAGRO,5000,ROT,453,7,CHAMBERI,31,188,0.415,0.5710000000000001
2024,11,ALMAGRO,5000,ROT,453,7,CHAMBERI,30,199,0.439,0.594
2024,12,ALMAGRO,5000,ROT,453,7,CHAMBERI,30,167,0.369,0.49200000000000005
2024,1,ARQUITECTO RIBERA,111,ROT,318,1,CENTRO,31,144,0.45299999999999996,0.657
2024,2,ARQUITECTO RIBERA,111,ROT,318,1,CENTRO,29,155,0.48700000000000004,0.7070000000000001
2024,3,ARQUITECTO RIBERA,111,ROT,318,1,CENTRO,31,137,0.43200000000000005,0.606
2024,4,ARQUITECTO RIBERA,111,ROT,318,1,CENTRO,30,152,0.479,0.669
2024,5,ARQUITECTO RIBERA,111,ROT,318,1,CENTRO,31,137,0.431,0.593
2024,6,ARQUITECTO RIBERA,111,ROT,318,1,CENTRO,30,140,0.439,0.609
2024,7,ARQUITECTO RIBERA,111,ROT,318,1,CENTRO,31,117,0.366,0.508
2024,8,ARQUITECTO RIBERA,111,ROT,318,1,CENTRO,31,79,0.249,0.321
2024,9,ARQUITECTO RIBERA,111,ROT,318,1,CENTRO,30,137,0.43,0.599
2024,10,ARQUITECTO RIBERA,111,ROT,318,1,CENTRO,31,157,0.494,0.693
2024,11,ARQUITECTO RIBERA,111,ROT,318,1,CENTRO,30,165,0.518,0.715
2024,12,ARQUITECTO RIBERA,111,ROT,318,1,CENTRO,31,161,0.505,0.6890000000000001
2024,1,AVENIDA DE AMÉRICA,519,ROT,265,5,CHAMARTIN,31,101,0.38,0.465
2024,2,AVENIDA DE AMÉRICA,519,ROT,265,5,CHAMARTIN,29,100,0.379,0.456
2024,3,AVENIDA DE AMÉRICA,519,ROT,265,5,CHAMARTIN,31,98,0.368,0.439
2024,4,AVENIDA DE AMÉRICA,519,ROT,265,5,CHAMARTIN,30,108,0.408,0.508
2024,5,AVENIDA DE AMÉRICA,519,ROT,265,5,CHAMARTIN,31,108,0.40700000000000003,0.499
2024,6,AVENIDA DE AMÉRICA,519,ROT,265,5,CHAMARTIN,30,105,0.39799999999999996,0.48200000000000004
2024,7,AVENIDA DE AMÉRICA,519,ROT,265,5,CHAMARTIN,31,96,0.363,0.444
2024,8,AVENIDA DE AMÉRICA,519,ROT,265,5,CHAMARTIN,31,80,0.303,0.365
2024,9,AVENIDA DE AMÉRICA,519,ROT,265,5,CHAMARTIN,30,110,0.41700000000000004,0.502
2024,10,AVENIDA DE AMÉRICA,519,ROT,265,5,CHAMARTIN,31,108,0.409,0.498
2024,11,AVENIDA DE AMÉRICA,519,ROT,265,5,CHAMARTIN,30,110,0.41600000000000004,0.5
2024,12,AVENIDA DE AMÉRICA,519,ROT,265,5,CHAMARTIN,31,111,0.41700000000000004,0.502
2024,1,AVENIDA DE PORTUGAL,1022,ROT,428,10,LATINA,31,154,0.359,0.495
2024,2,AVENIDA DE PORTUGAL,1022,ROT,428,10,LATINA,28,169,0.395,0.5539999999999999
2024,3,AVENIDA DE PORTUGAL,1022,ROT,428,10,LATINA,30,144,0.336,0.455
2024,4,AVENIDA DE PORTUGAL,1022,ROT,428,10,LATINA,30,168,0.392,0.547
2024,5,AVENIDA DE PORTUGAL,1022,ROT,428,10,LATINA,31,175,0.41,0.536
2024,6,AVENIDA DE PORTUGAL,1022,ROT,428,10,LATINA,20,163,0.382,0.513
2024,7,AVENIDA DE PORTUGAL,1022,ROT,428,10,LATINA,31,127,0.298,0.38799999999999996
2024,8,AVENIDA DE PORTUGAL,1022,ROT,428,10,LATINA,31,112,0.263,0.33
2024,9,AVENIDA DE PORTUGAL,1022,ROT,428,10,LATINA,29,168,0.39299999999999996,0.525
2024,10,AVENIDA DE PORTUGAL,1022,ROT,428,10,LATINA,31,162,0.377,0.525
2024,11,AVENIDA DE PORTUGAL,1022,ROT,428,10,LATINA,30,175,0.408,0.546
2024,12,AVENIDA DE PORTUGAL,1022,ROT,428,10,LATINA,30,204,0.47700000000000004,0.614
2024,1,BRASIL,602,ROT,237,6,TETUAN,31,4,0.015,0.027000000000000003
2024,2,BRASIL,602,ROT,237,6,TETUAN,29,4,0.015,0.027999999999999997
2024,3,BRASIL,602,ROT,237,6,TETUAN,31,3,0.013999999999999999,0.026000000000000002
2024,4,BRASIL,602,ROT,237,6,TETUAN,30,4,0.015,0.027000000000000003
2024,5,BRASIL,602,ROT,237,6,TETUAN,31,3,0.013999999999999999,0.026000000000000002
2024,6,BRASIL,602,ROT,237,6,TETUAN,30,3,0.013999999999999999,0.024
2024,7,BRASIL,602,ROT,237,6,TETUAN,31,3,0.013000000000000001,0.022000000000000002
2024,8,BRASIL,602,ROT,237,6,TETUAN,31,1,0.005,0.008
2024,9,BRASIL,602,ROT,237,6,TETUAN,30,4,0.017,0.028999999999999998
2024,10,BRASIL,602,ROT,237,6,TETUAN,31,4,0.018000000000000002,0.033
2024,11,BRASIL,602,ROT,237,6,TETUAN,30,4,0.017,0.03
2024,12,BRASIL,602,ROT,237,6,TETUAN,31,4,0.017,0.031
2024,1,CASINO DE LA REINA,122,ROT,131,1,CENTRO,31,74,0.5670000000000001,0.654
2024,2,CASINO DE LA REINA,122,ROT,131,1,CENTRO,29,74,0.5660000000000001,0.648
2024,3,CASINO DE LA REINA,122,ROT,131,1,CENTRO,31,73,0.56,0.632
2024,4,CASINO DE LA REINA,122,ROT,131,1,CENTRO,30,79,0.605,0.69
2024,5,CASINO DE LA REINA,122,ROT,131,1,CENTRO,31,83,0.637,0.7170000000000001
2024,6,CASINO DE LA REINA,122,ROT,131,1,CENTRO,30,84,0.645,0.728
2024,7,CASINO DE LA REINA,122,ROT,131,1,CENTRO,31,73,0.5589999999999999,0.627
2024,8,CASINO DE LA REINA,122,ROT,131,1,CENTRO,31,64,0.48700000000000004,0.532
2024,9,CASINO DE LA REINA,122,ROT,131,1,CENTRO,30,85,0.648,0.726
2024,10,CASINO DE LA REINA,122,ROT,131,1,CENTRO,31,86,0.653,0.738
2024,11,CASINO DE LA REINA,122,ROT,131,1,CENTRO,30,89,0.6779999999999999,0.7709999999999999
2024,12,CASINO DE LA REINA,122,ROT,131,1,CENTRO,31,90,0.687,0.782
2024,1,CORAZÓN DE MARÍA II,511,ROT,320,5,CHAMARTIN,31,2,0.006999999999999999,0.013000000000000001
2024,2,CORAZÓN DE MARÍA II,511,ROT,320,5,CHAMARTIN,29,2,0.006999999999999999,0.013000000000000001
2024,3,CORAZÓN DE MARÍA II,511,ROT,320,5,CHAMARTIN,31,2,0.006,0.011000000000000001
2024,4,CORAZÓN DE MARÍA II,511,ROT,320,5,CHAMARTIN,30,2,0.006999999999999999,0.013000000000000001
2024,5,CORAZÓN DE MARÍA II,511,ROT,320,5,CHAMARTIN,31,2,0.006999999999999999,0.012
2024,6,CORAZÓN DE MARÍA II,511,ROT,320,5,CHAMARTIN,30,2,0.006,0.011000000000000001
2024,7,CORAZÓN DE MARÍA II,511,ROT,320,5,CHAMARTIN,31,2,0.005,0.009000000000000001
2024,8,CORAZÓN DE MARÍA II,511,ROT,320,5,CHAMARTIN,30,1,0.002,0.004
2024,9,CORAZÓN DE MARÍA II,511,ROT,320,5,CHAMARTIN,30,2,0.006,0.012
2024,10,CORAZÓN DE MARÍA II,511,ROT,320,5,CHAMARTIN,31,2,0.006999999999999999,0.012
2024,11,CORAZÓN DE MARÍA II,511,ROT,320,5,CHAMARTIN,30,2,0.006999999999999999,0.013000000000000001
2024,12,CORAZÓN DE MARÍA II,511,ROT,320,5,CHAMARTIN,31,2,0.006999999999999999,0.012
2024,1,CORONA BOREAL,911,ROT,125,9,MONCLOA-ARAVACA,31,8,0.061,0.12
2024,2,CORONA BOREAL,911,ROT,125,9,MONCLOA-ARAVACA,29,7,0.057,0.114
2024,3,CORONA BOREAL,911,ROT,125,9,MONCLOA-ARAVACA,31,6,0.046,0.091
2024,4,CORONA BOREAL,911,ROT,125,9,MONCLOA-ARAVACA,30,8,0.064,0.126
2024,5,CORONA BOREAL,911,ROT,125,9,MONCLOA-ARAVACA,31,8,0.061,0.121
2024,6,CORONA BOREAL,911,ROT,125,9,MONCLOA-ARAVACA,30,8,0.061,0.12
2024,7,CORONA BOREAL,911,ROT,125,9,MONCLOA-ARAVACA,31,6,0.047,0.09300000000000001
2024,8,CORONA BOREAL,911,ROT,125,9,MONCLOA-ARAVACA,29,2,0.013999999999999999,0.027000000000000003
2024,9,CORONA BOREAL,911,ROT,125,9,MONCLOA-ARAVACA,30,7,0.057,0.113
2024,10,CORONA BOREAL,911,ROT,125,9,MONCLOA-ARAVACA,31,7,0.059000000000000004,0.11599999999999999
2024,11,CORONA BOREAL,911,ROT,125,9,MONCLOA-ARAVACA,30,7,0.055,0.109
2024,12,CORONA BOREAL,911,ROT,125,9,MONCLOA-ARAVACA,31,7,0.054000000000000006,0.107
2024,1,DAOÍZ Y VELARDE,319,ROT,235,3,RETIRO,31,104,0.44,0.532
2024,2,DAOÍZ Y VELARDE,319,ROT,235,3,RETIRO,29,110,0.469,0.57
2024,3,DAOÍZ Y VELARDE,319,ROT,235,3,RETIRO,31,101,0.43,0.509
2024,4,DAOÍZ Y VELARDE,319,ROT,235,3,RETIRO,30,103,0.43700000000000006,0.531
2024,5,DAOÍZ Y VELARDE,319,ROT,235,3,RETIRO,31,105,0.447,0.5429999999999999
2024,6,DAOÍZ Y VELARDE,319,ROT,235,3,RETIRO,30,117,0.498,0.605
2024,7,DAOÍZ Y VELARDE,319,ROT,235,3,RETIRO,31,108,0.45899999999999996,0.551
2024,8,DAOÍZ Y VELARDE,319,ROT,235,3,RETIRO,31,94,0.402,0.461
2024,9,DAOÍZ Y VELARDE,319,ROT,235,3,RETIRO,30,109,0.462,0.5479999999999999
2024,10,DAOÍZ Y VELARDE,319,ROT,235,3,RETIRO,31,107,0.457,0.556
2024,11,DAOÍZ Y VELARDE,319,ROT,235,3,RETIRO,30,112,0.475,0.5710000000000001
2024,12,DAOÍZ Y VELARDE,319,ROT,235,3,RETIRO,31,130,0.555,0.659
2024,1,DESCALZAS,5003,ROT,400,1,CENTRO,31,95,0.23800000000000002,0.326
2024,2,DESCALZAS,5003,ROT,400,1,CENTRO,29,93,0.23199999999999998,0.304
2024,3,DESCALZAS,5003,ROT,400,1,CENTRO,31,87,0.218,0.287
2024,4,DESCALZAS,5003,ROT,400,1,CENTRO,30,92,0.23,0.309
2024,5,DESCALZAS,5003,ROT,400,1,CENTRO,31,85,0.213,0.287
2024,6,DESCALZAS,5003,ROT,400,1,CENTRO,30,98,0.244,0.319
2024,7,DESCALZAS,5003,ROT,400,1,CENTRO,31,85,0.213,0.273
2024,8,DESCALZAS,5003,ROT,400,1,CENTRO,31,86,0.215,0.263
2024,9,DESCALZAS,5003,ROT,400,1,CENTRO,30,98,0.245,0.32799999999999996
2024,10,DESCALZAS,5003,ROT,400,1,CENTRO,31,101,0.253,0.349
2024,11,DESCALZAS,5003,ROT,400,1,CENTRO,30,121,0.302,0.426
2024,12,DESCALZAS,5003,ROT,400,1,CENTRO,31,161,0.40299999999999997,0.584
2024,1,DÍAZ PORLIER,416,ROT,203,4,SALAMANCA,31,96,0.47200000000000003,0.703
2024,2,DÍAZ PORLIER,416,ROT,203,4,SALAMANCA,29,102,0.504,0.757
2024,3,DÍAZ PORLIER,416,ROT,203,4,SALAMANCA,31,86,0.425,0.632
2024,4,DÍAZ PORLIER,416,ROT,203,4,SALAMANCA,30,100,0.49,0.7390000000000001
2024,5,DÍAZ PORLIER,416,ROT,203,4,SALAMANCA,31,94,0.46299999999999997,0.6920000000000001
2024,6,DÍAZ PORLIER,416,ROT,203,4,SALAMANCA,30,92,0.45399999999999996,0.685
2024,7,DÍAZ PORLIER,416,ROT,203,4,SALAMANCA,31,77,0.379,0.584
2024,8,DÍAZ PORLIER,416,ROT,203,4,SALAMANCA,31,41,0.204,0.303
2024,9,DÍAZ PORLIER,416,ROT,203,4,SALAMANCA,30,88,0.431,0.655
2024,10,DÍAZ PORLIER,416,ROT,203,4,SALAMANCA,31,99,0.49,0.754
2024,11,DÍAZ PORLIER,416,ROT,203,4,SALAMANCA,30,103,0.507,0.752
2024,12,DÍAZ PORLIER,416,ROT,203,4,SALAMANCA,31,91,0.45,0.6659999999999999
2024,1,ENCUENTRO,1419,ROT,90,14,MORATALAZ,31,1,0.008,0.01
2024,2,ENCUENTRO,1419,ROT,90,14,MORATALAZ,29,1,0.01,0.013000000000000001
2024,3,ENCUENTRO,1419,ROT,90,14,MORATALAZ,31,1,0.008,0.01
2024,4,ENCUENTRO,1419,ROT,90,14,MORATALAZ,30,1,0.006999999999999999,0.009000000000000001
2024,5,ENCUENTRO,1419,ROT,90,14,MORATALAZ,31,1,0.006999999999999999,0.009000000000000001
2024,6,ENCUENTRO,1419,ROT,90,14,MORATALAZ,30,1,0.006,0.008
2024,7,ENCUENTRO,1419,ROT,90,14,MORATALAZ,31,0,0.002,0.003
2024,8,ENCUENTRO,1419,ROT,90,14,MORATALAZ,17,0,0.002,0.002
2024,9,ENCUENTRO,1419,ROT,90,14,MORATALAZ,30,0,0.004,0.005
2024,10,ENCUENTRO,1419,ROT,90,14,MORATALAZ,31,1,0.006,0.008
2024,11,ENCUENTRO,1419,ROT,90,14,MORATALAZ,30,1,0.006,0.008
2024,12,ENCUENTRO,1419,ROT,90,14,MORATALAZ,31,1,0.006999999999999999,0.01
2024,1,FELIPE II,422,ROT,1175,4,SALAMANCA,31,115,0.098,0.18600000000000003
2024,2,FELIPE II,422,ROT,1175,4,SALAMANCA,29,94,0.08,0.152
2024,3,FELIPE II,422,ROT,1175,4,SALAMANCA,31,86,0.073,0.139
2024,4,FELIPE II,422,ROT,1175,4,SALAMANCA,30,94,0.08,0.15
2024,5,FELIPE II,422,ROT,1175,4,SALAMANCA,31,94,0.08,0.15
2024,6,FELIPE II,422,ROT,1175,4,SALAMANCA,30,100,0.085,0.159
2024,7,FELIPE II,422,ROT,1175,4,SALAMANCA,31,94,0.08,0.149
2024,8,FELIPE II,422,ROT,1175,4,SALAMANCA,31,63,0.053,0.10099999999999999
2024,9,FELIPE II,422,ROT,1175,4,SALAMANCA,30,93,0.079,0.15
2024,10,FELIPE II,422,ROT,1175,4,SALAMANCA,31,100,0.085,0.161
2024,11,FELIPE II,422,ROT,1175,4,SALAMANCA,30,103,0.08800000000000001,0.166
2024,12,FELIPE II,422,ROT,1175,4,SALAMANCA,31,130,0.111,0.20800000000000002
2024,1,FERNÁNDEZ SHAW,5005,ROT,243,3,RETIRO,31,40,0.163,0.23800000000000002
2024,2,FERNÁNDEZ SHAW,5005,ROT,243,3,RETIRO,29,38,0.158,0.242
2024,3,FERNÁNDEZ SHAW,5005,ROT,243,3,RETIRO,31,32,0.132,0.19399999999999998
2024,4,FERNÁNDEZ SHAW,5005,ROT,243,3,RETIRO,30,40,0.165,0.28800000000000003
2024,5,FERNÁNDEZ SHAW,5005,ROT,243,3,RETIRO,31,35,0.14300000000000002,0.247
2024,6,FERNÁNDEZ SHAW,5005,ROT,243,3,RETIRO,30,35,0.14300000000000002,0.25
2024,7,FERNÁNDEZ SHAW,5005,ROT,243,3,RETIRO,31,38,0.154,0.222
2024,8,FERNÁNDEZ SHAW,5005,ROT,243,3,RETIRO,31,35,0.142,0.129
2024,9,FERNÁNDEZ SHAW,5005,ROT,243,3,RETIRO,30,38,0.158,0.193
2024,10,FERNÁNDEZ SHAW,5005,ROT,243,3,RETIRO,31,41,0.171,0.201
2024,11,FERNÁNDEZ SHAW,5005,ROT,243,3,RETIRO,30,39,0.16,0.17
2024,12,FERNÁNDEZ SHAW,5005,ROT,243,3,RETIRO,31,33,0.138,0.16
2024,1,FUENCARRAL,714,ROT,428,7,CHAMBERI,31,156,0.364,0.456
2024,2,FUENCARRAL,714,ROT,428,7,CHAMBERI,28,153,0.35700000000000004,0.447
2024,3,FUENCARRAL,714,ROT,428,7,CHAMBERI,30,143,0.33299999999999996,0.41200000000000003
2024,4,FUENCARRAL,714,ROT,428,7,CHAMBERI,30,156,0.363,0.45399999999999996
2024,5,FUENCARRAL,714,ROT,428,7,CHAMBERI,31,144,0.335,0.415
2024,6,FUENCARRAL,714,ROT,428,7,CHAMBERI,20,145,0.33799999999999997,0.413
2024,7,FUENCARRAL,714,ROT,428,7,CHAMBERI,31,139,0.325,0.386
2024,8,FUENCARRAL,714,ROT,428,7,CHAMBERI,31,100,0.23399999999999999,0.27
2024,9,FUENCARRAL,714,ROT,428,7,CHAMBERI,29,139,0.325,0.4
2024,10,FUENCARRAL,714,ROT,428,7,CHAMBERI,31,165,0.386,0.47600000000000003
2024,11,FUENCARRAL,714,ROT,428,7,CHAMBERI,30,205,0.479,0.589
2024,12,FUENCARRAL,714,ROT,428,7,CHAMBERI,30,174,0.40700000000000003,0.5
2024,1,HERNANI,617,ROT,115,6,TETUAN,31,54,0.46799999999999997,0.831
2024,2,HERNANI,617,ROT,115,6,TETUAN,29,50,0.43799999999999994,0.769
2024,3,HERNANI,617,ROT,115,6,TETUAN,31,46,0.4,0.6940000000000001
2024,4,HERNANI,617,ROT,115,6,TETUAN,30,54,0.473,0.8059999999999999
2024,5,HERNANI,617,ROT,115,6,TETUAN,31,51,0.446,0.752
2024,6,HERNANI,617,ROT,115,6,TETUAN,30,54,0.46799999999999997,0.7929999999999999
2024,7,HERNANI,617,ROT,115,6,TETUAN,31,49,0.425,0.7190000000000001
2024,8,HERNANI,617,ROT,115,6,TETUAN,31,23,0.201,0.355
2024,9,HERNANI,617,ROT,115,6,TETUAN,30,57,0.49200000000000005,0.8170000000000001
2024,10,HERNANI,617,ROT,115,6,TETUAN,31,60,0.524,0.882
2024,11,HERNANI,617,ROT,115,6,TETUAN,30,223,1.942,3.697
2024,12,HERNANI,617,ROT,115,6,TETUAN,31,65,0.5670000000000001,0.924
2024,1,JACINTO BENAVENTE,110,ROT,387,1,CENTRO,31,241,0.623,0.759
2024,2,JACINTO BENAVENTE,110,ROT,387,1,CENTRO,28,232,0.598,0.73
2024,3,JACINTO BENAVENTE,110,ROT,387,1,CENTRO,30,241,0.623,0.745
2024,4,JACINTO BENAVENTE,110,ROT,387,1,CENTRO,30,250,0.6459999999999999,0.778
2024,5,JACINTO BENAVENTE,110,ROT,387,1,CENTRO,31,235,0.606,0.718
2024,6,JACINTO BENAVENTE,110,ROT,387,1,CENTRO,21,230,0.594,0.711
2024,7,JACINTO BENAVENTE,110,ROT,387,1,CENTRO,31,230,0.595,0.684
2024,8,JACINTO BENAVENTE,110,ROT,387,1,CENTRO,31,214,0.5529999999999999,0.63
2024,9,JACINTO BENAVENTE,110,ROT,387,1,CENTRO,29,211,0.544,0.645
2024,10,JACINTO BENAVENTE,110,ROT,387,1,CENTRO,31,250,0.645,0.763
2024,11,JACINTO BENAVENTE,110,ROT,387,1,CENTRO,30,277,0.716,0.872
2024,12,JACINTO BENAVENTE,110,ROT,387,1,CENTRO,30,284,0.735,0.885
2024,1,JOSÉ CASTÁN TOBEÑAS,604,ROT,226,6,TETUAN,31,34,0.149,0.24600000000000002
2024,2,JOSÉ CASTÁN TOBEÑAS,604,ROT,226,6,TETUAN,29,36,0.158,0.264
2024,3,JOSÉ CASTÁN TOBEÑAS,604,ROT,226,6,TETUAN,31,32,0.141,0.226
2024,4,JOSÉ CASTÁN TOBEÑAS,604,ROT,226,6,TETUAN,30,36,0.158,0.259
2024,5,JOSÉ CASTÁN TOBEÑAS,604,ROT,226,6,TETUAN,31,36,0.158,0.248
2024,6,JOSÉ CASTÁN TOBEÑAS,604,ROT,226,6,TETUAN,30,34,0.15,0.242
2024,7,JOSÉ CASTÁN TOBEÑAS,604,ROT,226,6,TETUAN,31,25,0.11,0.179
2024,8,JOSÉ CASTÁN TOBEÑAS,604,ROT,226,6,TETUAN,31,11,0.049,0.066
2024,9,JOSÉ CASTÁN TOBEÑAS,604,ROT,226,6,TETUAN,30,34,0.15,0.235
2024,10,JOSÉ CASTÁN TOBEÑAS,604,ROT,226,6,TETUAN,31,39,0.174,0.278
2024,11,JOSÉ CASTÁN TOBEÑAS,604,ROT,226,6,TETUAN,29,39,0.17300000000000001,0.28
2024,12,JOSÉ CASTÁN TOBEÑAS,604,ROT,226,6,TETUAN,31,38,0.16699999999999998,0.262
2024,1,LUNA TUDESCOS,5006,ROT,481,1,CENTRO,31,121,0.252,0.353
2024,2,LUNA TUDESCOS,5006,ROT,481,1,CENTRO,29,242,0.503,0.629
2024,3,LUNA TUDESCOS,5006,ROT,481,1,CENTRO,31,202,0.419,0.535
2024,1,MARQUÉS DE SALAMANCA,420,ROT,364,4,SALAMANCA,31,90,0.247,0.365
2024,2,MARQUÉS DE SALAMANCA,420,ROT,364,4,SALAMANCA,28,121,0.33399999999999996,0.473
2024,3,MARQUÉS DE SALAMANCA,420,ROT,364,4,SALAMANCA,30,72,0.198,0.298
2024,4,MARQUÉS DE SALAMANCA,420,ROT,364,4,SALAMANCA,30,114,0.312,0.47700000000000004
2024,5,MARQUÉS DE SALAMANCA,420,ROT,364,4,SALAMANCA,31,114,0.312,0.461
2024,6,MARQUÉS DE SALAMANCA,420,ROT,364,4,SALAMANCA,21,106,0.29100000000000004,0.45
2024,7,MARQUÉS DE SALAMANCA,420,ROT,364,4,SALAMANCA,31,96,0.263,0.39399999999999996
2024,8,MARQUÉS DE SALAMANCA,420,ROT,364,4,SALAMANCA,31,45,0.12300000000000001,0.175
2024,9,MARQUÉS DE SALAMANCA,420,ROT,364,4,SALAMANCA,29,98,0.27,0.42
2024,10,MARQUÉS DE SALAMANCA,420,ROT,364,4,SALAMANCA,31,105,0.287,0.46799999999999997
2024,11,MARQUÉS DE SALAMANCA,420,ROT,364,4,SALAMANCA,30,107,0.293,0.462
2024,12,MARQUÉS DE SALAMANCA,420,ROT,364,4,SALAMANCA,30,100,0.275,0.413
2024,1,MARQUÉS DE URQUIJO,5007,ROT,436,9,MONCLOA-ARAVACA,31,51,0.11599999999999999,0.191
2024,2,MARQUÉS DE URQUIJO,5007,ROT,436,9,MONCLOA-ARAVACA,29,74,0.17,0.257
2024,3,MARQUÉS DE URQUIJO,5007,ROT,436,9,MONCLOA-ARAVACA,31,59,0.136,0.212
2024,4,MARQUÉS DE URQUIJO,5007,ROT,436,9,MONCLOA-ARAVACA,30,81,0.185,0.29
2024,5,MARQUÉS DE URQUIJO,5007,ROT,436,9,MONCLOA-ARAVACA,31,72,0.16399999999999998,0.253
2024,6,MARQUÉS DE URQUIJO,5007,ROT,436,9,MONCLOA-ARAVACA,30,62,0.141,0.222
2024,7,MARQUÉS DE URQUIJO,5007,ROT,436,9,MONCLOA-ARAVACA,31,56,0.128,0.192
2024,8,MARQUÉS DE URQUIJO,5007,ROT,436,9,MONCLOA-ARAVACA,31,23,0.052000000000000005,0.073
2024,9,MARQUÉS DE URQUIJO,5007,ROT,436,9,MONCLOA-ARAVACA,30,64,0.146,0.231
2024,10,MARQUÉS DE URQUIJO,5007,ROT,436,9,MONCLOA-ARAVACA,31,76,0.17300000000000001,0.273
2024,11,MARQUÉS DE URQUIJO,5007,ROT,436,9,MONCLOA-ARAVACA,30,78,0.17800000000000002,0.273
2024,12,MARQUÉS DE URQUIJO,5007,ROT,436,9,MONCLOA-ARAVACA,31,71,0.163,0.253
2024,1,MIGUEL YUSTE,2005,ROT,250,20,SAN BLAS-CANILLEJAS,22,3,0.011000000000000001,0.016
2024,2,MIGUEL YUSTE,2005,ROT,250,20,SAN BLAS-CANILLEJAS,21,3,0.012,0.017
2024,3,MIGUEL YUSTE,2005,ROT,250,20,SAN BLAS-CANILLEJAS,19,3,0.01,0.013999999999999999
2024,4,MIGUEL YUSTE,2005,ROT,250,20,SAN BLAS-CANILLEJAS,22,3,0.011000000000000001,0.016
2024,5,MIGUEL YUSTE,2005,ROT,250,20,SAN BLAS-CANILLEJAS,20,3,0.012,0.016
2024,6,MIGUEL YUSTE,2005,ROT,250,20,SAN BLAS-CANILLEJAS,20,3,0.012,0.017
2024,7,MIGUEL YUSTE,2005,ROT,250,20,SAN BLAS-CANILLEJAS,21,2,0.01,0.013999999999999999
2024,8,MIGUEL YUSTE,2005,ROT,250,20,SAN BLAS-CANILLEJAS,20,1,0.005,0.008
2024,9,MIGUEL YUSTE,2005,ROT,250,20,SAN BLAS-CANILLEJAS,20,3,0.011000000000000001,0.015
2024,10,MIGUEL YUSTE,2005,ROT,250,20,SAN BLAS-CANILLEJAS,23,3,0.011000000000000001,0.015
2024,11,MIGUEL YUSTE,2005,ROT,250,20,SAN BLAS-CANILLEJAS,20,3,0.01,0.013999999999999999
2024,12,MIGUEL YUSTE,2005,ROT,250,20,SAN BLAS-CANILLEJAS,18,3,0.01,0.013999999999999999
2024,1,MONTALBÁN,5009,ROT,130,3,RETIRO,31,71,0.545,0.8290000000000001
2024,2,MONTALBÁN,5009,ROT,130,3,RETIRO,28,74,0.5670000000000001,0.8590000000000001
2024,3,MONTALBÁN,5009,ROT,130,3,RETIRO,30,72,0.551,0.8240000000000001
2024,4,MONTALBÁN,5009,ROT,130,3,RETIRO,30,78,0.601,0.9129999999999999
2024,5,MONTALBÁN,5009,ROT,130,3,RETIRO,31,70,0.541,0.8059999999999999
2024,6,MONTALBÁN,5009,ROT,130,3,RETIRO,20,69,0.529,0.7709999999999999
2024,7,MONTALBÁN,5009,ROT,130,3,RETIRO,31,50,0.385,0.536
2024,8,MONTALBÁN,5009,ROT,130,3,RETIRO,31,39,0.298,0.38799999999999996
2024,9,MONTALBÁN,5009,ROT,130,3,RETIRO,29,53,0.41100000000000003,0.631
2024,10,MONTALBÁN,5009,ROT,130,3,RETIRO,31,58,0.444,0.6970000000000001
2024,11,MONTALBÁN,5009,ROT,130,3,RETIRO,30,67,0.514,0.799
2024,12,MONTALBÁN,5009,ROT,130,3,RETIRO,30,66,0.511,0.76
2024,1,MOSTENSES,5010,ROT,362,1,CENTRO,31,143,0.396,0.469
2024,2,MOSTENSES,5010,ROT,362,1,CENTRO,29,156,0.43,0.503
2024,3,MOSTENSES,5010,ROT,362,1,CENTRO,31,140,0.38799999999999996,0.451
2024,4,MOSTENSES,5010,ROT,362,1,CENTRO,30,132,0.366,0.442
2024,5,MOSTENSES,5010,ROT,362,1,CENTRO,31,131,0.361,0.42700000000000005
2024,6,MOSTENSES,5010,ROT,362,1,CENTRO,30,152,0.42100000000000004,0.498
2024,7,MOSTENSES,5010,ROT,362,1,CENTRO,31,149,0.41200000000000003,0.49
2024,8,MOSTENSES,5010,ROT,362,1,CENTRO,31,194,0.536,0.599
2024,9,MOSTENSES,5010,ROT,362,1,CENTRO,30,207,0.5710000000000001,0.674
2024,10,MOSTENSES,5010,ROT,362,1,CENTRO,31,211,0.5820000000000001,0.708
2024,11,MOSTENSES,5010,ROT,362,1,CENTRO,30,211,0.5820000000000001,0.706
2024,12,MOSTENSES,5010,ROT,362,1,CENTRO,31,242,0.669,0.8029999999999999
2024,1,MUSEO DE LA CIUDAD,5011,ROT,149,5,CHAMARTIN,31,2,0.013999999999999999,0.027999999999999997
2024,2,MUSEO DE LA CIUDAD,5011,ROT,149,5,CHAMARTIN,29,3,0.017,0.033
2024,3,MUSEO DE LA CIUDAD,5011,ROT,149,5,CHAMARTIN,30,2,0.012,0.023
2024,4,MUSEO DE LA CIUDAD,5011,ROT,149,5,CHAMARTIN,30,2,0.011000000000000001,0.023
2024,5,MUSEO DE LA CIUDAD,5011,ROT,149,5,CHAMARTIN,31,2,0.012,0.023
2024,6,MUSEO DE LA CIUDAD,5011,ROT,149,5,CHAMARTIN,30,2,0.013000000000000001,0.024
2024,7,MUSEO DE LA CIUDAD,5011,ROT,149,5,CHAMARTIN,31,1,0.005,0.01
2024,8,MUSEO DE LA CIUDAD,5011,ROT,149,5,CHAMARTIN,31,0,0.002,0.003
2024,9,MUSEO DE LA CIUDAD,5011,ROT,149,5,CHAMARTIN,30,1,0.008,0.015
2024,10,MUSEO DE LA CIUDAD,5011,ROT,149,5,CHAMARTIN,31,2,0.013999999999999999,0.027000000000000003
2024,11,MUSEO DE LA CIUDAD,5011,ROT,149,5,CHAMARTIN,17,2,0.013999999999999999,0.026000000000000002
2024,1,OLAVIDE,5012,ROT,375,7,CHAMBERI,31,224,0.598,0.7020000000000001
2024,2,OLAVIDE,5012,ROT,375,7,CHAMBERI,28,226,0.602,0.7040000000000001
2024,3,OLAVIDE,5012,ROT,375,7,CHAMBERI,30,218,0.5820000000000001,0.6729999999999999
2024,4,OLAVIDE,5012,ROT,375,7,CHAMBERI,30,236,0.628,0.737
2024,5,OLAVIDE,5012,ROT,375,7,CHAMBERI,31,219,0.584,0.6709999999999999
2024,6,OLAVIDE,5012,ROT,375,7,CHAMBERI,20,215,0.574,0.653
2024,7,OLAVIDE,5012,ROT,375,7,CHAMBERI,31,192,0.512,0.5770000000000001
2024,8,OLAVIDE,5012,ROT,375,7,CHAMBERI,31,157,0.42,0.462
2024,9,OLAVIDE,5012,ROT,375,7,CHAMBERI,29,218,0.581,0.662
2024,10,OLAVIDE,5012,ROT,375,7,CHAMBERI,31,252,0.672,0.7609999999999999
2024,11,OLAVIDE,5012,ROT,375,7,CHAMBERI,30,250,0.667,0.769
2024,12,OLAVIDE,5012,ROT,375,7,CHAMBERI,30,227,0.605,0.6890000000000001
2024,1,ORENSE,610,ROT,144,6,TETUAN,31,55,0.38,0.466
2024,2,ORENSE,610,ROT,144,6,TETUAN,28,56,0.392,0.49
2024,3,ORENSE,610,ROT,144,6,TETUAN,30,57,0.395,0.47
2024,4,ORENSE,610,ROT,144,6,TETUAN,30,55,0.38299999999999995,0.47700000000000004
2024,5,ORENSE,610,ROT,144,6,TETUAN,31,61,0.42100000000000004,0.494
2024,6,ORENSE,610,ROT,144,6,TETUAN,20,62,0.43,0.493
2024,7,ORENSE,610,ROT,144,6,TETUAN,31,66,0.456,0.526
2024,8,ORENSE,610,ROT,144,6,TETUAN,31,57,0.397,0.435
2024,9,ORENSE,610,ROT,144,6,TETUAN,29,69,0.48100000000000004,0.552
2024,10,ORENSE,610,ROT,144,6,TETUAN,31,53,0.366,0.444
2024,11,ORENSE,610,ROT,144,6,TETUAN,30,61,0.424,0.508
2024,12,ORENSE,610,ROT,144,6,TETUAN,30,52,0.363,0.433
2024,1,PEDRO ZEROLO,101,ROT,113,1,CENTRO,31,85,0.755,0.953
2024,2,PEDRO ZEROLO,101,ROT,113,1,CENTRO,28,84,0.747,0.9309999999999999
2024,3,PEDRO ZEROLO,101,ROT,113,1,CENTRO,30,79,0.703,0.87
2024,4,PEDRO ZEROLO,101,ROT,113,1,CENTRO,30,83,0.736,0.9309999999999999
2024,5,PEDRO ZEROLO,101,ROT,113,1,CENTRO,31,81,0.7170000000000001,0.8740000000000001
2024,6,PEDRO ZEROLO,101,ROT,113,1,CENTRO,20,79,0.701,0.8690000000000001
2024,7,PEDRO ZEROLO,101,ROT,113,1,CENTRO,31,71,0.626,0.762
2024,8,PEDRO ZEROLO,101,ROT,113,1,CENTRO,31,82,0.728,0.86
2024,9,PEDRO ZEROLO,101,ROT,113,1,CENTRO,29,82,0.721,0.866
2024,10,PEDRO ZEROLO,101,ROT,113,1,CENTRO,31,87,0.767,0.9079999999999999
2024,11,PEDRO ZEROLO,101,ROT,113,1,CENTRO,30,91,0.8059999999999999,0.9740000000000001
2024,12,PEDRO ZEROLO,101,ROT,113,1,CENTRO,30,84,0.742,0.91
2024,1,PLAZA DE COLÓN,5001,ROT,612,1,CENTRO,31,283,0.462,0.693
2024,2,PLAZA DE COLÓN,5001,ROT,612,1,CENTRO,29,275,0.45,0.684
2024,3,PLAZA DE COLÓN,5001,ROT,612,1,CENTRO,31,240,0.39299999999999996,0.586
2024,4,PLAZA DE COLÓN,5001,ROT,612,1,CENTRO,30,279,0.456,0.696
2024,5,PLAZA DE COLÓN,5001,ROT,612,1,CENTRO,31,254,0.41600000000000004,0.63
2024,6,PLAZA DE COLÓN,5001,ROT,612,1,CENTRO,30,254,0.415,0.627
2024,7,PLAZA DE COLÓN,5001,ROT,612,1,CENTRO,31,226,0.37,0.546
2024,8,PLAZA DE COLÓN,5001,ROT,612,1,CENTRO,31,115,0.18899999999999997,0.252
2024,9,PLAZA DE COLÓN,5001,ROT,612,1,CENTRO,30,236,0.386,0.5920000000000001
2024,10,PLAZA DE COLÓN,5001,ROT,612,1,CENTRO,31,272,0.444,0.6829999999999999
2024,11,PLAZA DE COLÓN,5001,ROT,612,1,CENTRO,30,273,0.447,0.6779999999999999
2024,12,PLAZA DE COLÓN,5001,ROT,612,1,CENTRO,31,285,0.465,0.6970000000000001
2024,1,PLAZA DE ESPAÑA,5004,ROT,824,1,CENTRO,31,578,0.701,0.838
2024,2,PLAZA DE ESPAÑA,5004,ROT,824,1,CENTRO,28,672,0.815,0.953
2024,3,PLAZA DE ESPAÑA,5004,ROT,824,1,CENTRO,30,684,0.83,0.948
2024,4,PLAZA DE ESPAÑA,5004,ROT,824,1,CENTRO,30,719,0.872,1.01
2024,5,PLAZA DE ESPAÑA,5004,ROT,824,1,CENTRO,31,701,0.85,0.973
2024,6,PLAZA DE ESPAÑA,5004,ROT,824,1,CENTRO,20,671,0.8140000000000001,0.917
2024,7,PLAZA DE ESPAÑA,5004,ROT,824,1,CENTRO,31,655,0.795,0.88
2024,8,PLAZA DE ESPAÑA,5004,ROT,824,1,CENTRO,31,726,0.8809999999999999,0.965
2024,9,PLAZA DE ESPAÑA,5004,ROT,824,1,CENTRO,29,700,0.85,0.9690000000000001
2024,10,PLAZA DE ESPAÑA,5004,ROT,824,1,CENTRO,31,719,0.873,0.985
2024,11,PLAZA DE ESPAÑA,5004,ROT,824,1,CENTRO,30,743,0.902,1.034
2024,12,PLAZA DE ESPAÑA,5004,ROT,824,1,CENTRO,30,679,0.8240000000000001,0.956
2024,1,PLAZA DE ORIENTE,107,ROT,212,1,CENTRO,31,23,0.107,0.203
2024,2,PLAZA DE ORIENTE,107,ROT,212,1,CENTRO,29,22,0.105,0.198
2024,3,PLAZA DE ORIENTE,107,ROT,212,1,CENTRO,31,23,0.107,0.19899999999999998
2024,4,PLAZA DE ORIENTE,107,ROT,212,1,CENTRO,30,22,0.10400000000000001,0.19399999999999998
2024,5,PLAZA DE ORIENTE,107,ROT,212,1,CENTRO,31,32,0.149,0.278
2024,6,PLAZA DE ORIENTE,107,ROT,212,1,CENTRO,30,22,0.10400000000000001,0.193
2024,7,PLAZA DE ORIENTE,107,ROT,212,1,CENTRO,31,20,0.095,0.175
2024,8,PLAZA DE ORIENTE,107,ROT,212,1,CENTRO,31,13,0.059000000000000004,0.10800000000000001
2024,9,PLAZA DE ORIENTE,107,ROT,212,1,CENTRO,30,27,0.128,0.243
2024,10,PLAZA DE ORIENTE,107,ROT,212,1,CENTRO,31,25,0.11699999999999999,0.22
2024,11,PLAZA DE ORIENTE,107,ROT,212,1,CENTRO,30,28,0.132,0.25
2024,12,PLAZA DE ORIENTE,107,ROT,212,1,CENTRO,31,31,0.146,0.276
2024,1,PLAZA DE SANTA ANA,5018,ROT,328,1,CENTRO,31,129,0.39299999999999996,0.495
2024,2,PLAZA DE SANTA ANA,5018,ROT,328,1,CENTRO,29,166,0.506,0.596
2024,3,PLAZA DE SANTA ANA,5018,ROT,328,1,CENTRO,31,134,0.41,0.494
2024,4,PLAZA DE SANTA ANA,5018,ROT,328,1,CENTRO,30,128,0.391,0.49
2024,1,PLAZA DE SANTO DOMINGO,105,ROT,333,1,CENTRO,31,12,0.037000000000000005,0.064
2024,2,PLAZA DE SANTO DOMINGO,105,ROT,333,1,CENTRO,29,13,0.038,0.065
2024,3,PLAZA DE SANTO DOMINGO,105,ROT,333,1,CENTRO,31,12,0.037000000000000005,0.064
2024,4,PLAZA DE SANTO DOMINGO,105,ROT,333,1,CENTRO,30,13,0.039,0.065
2024,5,PLAZA DE SANTO DOMINGO,105,ROT,333,1,CENTRO,31,13,0.039,0.065
2024,6,PLAZA DE SANTO DOMINGO,105,ROT,333,1,CENTRO,30,15,0.044000000000000004,0.073
2024,7,PLAZA DE SANTO DOMINGO,105,ROT,333,1,CENTRO,31,14,0.040999999999999995,0.067
2024,8,PLAZA DE SANTO DOMINGO,105,ROT,333,1,CENTRO,31,15,0.046,0.07400000000000001
2024,9,PLAZA DE SANTO DOMINGO,105,ROT,333,1,CENTRO,30,21,0.063,0.10400000000000001
2024,10,PLAZA DE SANTO DOMINGO,105,ROT,333,1,CENTRO,31,22,0.066,0.11199999999999999
2024,11,PLAZA DE SANTO DOMINGO,105,ROT,333,1,CENTRO,30,25,0.075,0.126
2024,12,PLAZA DE SANTO DOMINGO,105,ROT,333,1,CENTRO,31,27,0.08,0.138
2024,1,PLAZA DEL REY,5014,ROT,155,1,CENTRO,31,8,0.054000000000000006,0.096
2024,2,PLAZA DEL REY,5014,ROT,155,1,CENTRO,29,9,0.055,0.096
2024,3,PLAZA DEL REY,5014,ROT,155,1,CENTRO,31,8,0.053,0.09300000000000001
2024,4,PLAZA DEL REY,5014,ROT,155,1,CENTRO,30,8,0.052000000000000005,0.092
2024,5,PLAZA DEL REY,5014,ROT,155,1,CENTRO,31,8,0.05,0.087
2024,6,PLAZA DEL REY,5014,ROT,155,1,CENTRO,30,8,0.052000000000000005,0.091
2024,7,PLAZA DEL REY,5014,ROT,155,1,CENTRO,31,6,0.038,0.065
2024,8,PLAZA DEL REY,5014,ROT,155,1,CENTRO,31,4,0.026000000000000002,0.042
2024,9,PLAZA DEL REY,5014,ROT,155,1,CENTRO,30,7,0.047,0.081
2024,10,PLAZA DEL REY,5014,ROT,155,1,CENTRO,31,9,0.057,0.099
2024,11,PLAZA DEL REY,5014,ROT,155,1,CENTRO,30,9,0.057,0.09699999999999999
2024,12,PLAZA DEL REY,5014,ROT,155,1,CENTRO,31,8,0.053,0.09
2024,1,PLAZA MAYOR,5008,ROT,690,1,CENTRO,31,418,0.605,0.727
2024,2,PLAZA MAYOR,5008,ROT,690,1,CENTRO,28,407,0.591,0.7070000000000001
2024,3,PLAZA MAYOR,5008,ROT,690,1,CENTRO,30,398,0.5760000000000001,0.6809999999999999
2024,4,PLAZA MAYOR,5008,ROT,690,1,CENTRO,30,402,0.5820000000000001,0.696
2024,5,PLAZA MAYOR,5008,ROT,690,1,CENTRO,31,383,0.556,0.653
2024,6,PLAZA MAYOR,5008,ROT,690,1,CENTRO,20,377,0.546,0.636
2024,7,PLAZA MAYOR,5008,ROT,690,1,CENTRO,31,396,0.574,0.6629999999999999
2024,8,PLAZA MAYOR,5008,ROT,690,1,CENTRO,31,401,0.5820000000000001,0.6629999999999999
2024,9,PLAZA MAYOR,5008,ROT,690,1,CENTRO,29,385,0.5579999999999999,0.66
2024,10,PLAZA MAYOR,5008,ROT,690,1,CENTRO,31,410,0.594,0.6990000000000001
2024,11,PLAZA MAYOR,5008,ROT,690,1,CENTRO,30,459,0.665,0.802
2024,12,PLAZA MAYOR,5008,ROT,690,1,CENTRO,30,485,0.703,0.855
2024,1,PRESIDENTE CARMONA,618,ROT,127,6,TETUAN,31,8,0.066,0.08
2024,2,PRESIDENTE CARMONA,618,ROT,127,6,TETUAN,29,9,0.069,0.084
2024,3,PRESIDENTE CARMONA,618,ROT,127,6,TETUAN,31,9,0.068,0.08
2024,4,PRESIDENTE CARMONA,618,ROT,127,6,TETUAN,30,8,0.066,0.077
2024,5,PRESIDENTE CARMONA,618,ROT,127,6,TETUAN,31,7,0.057999999999999996,0.065
2024,6,PRESIDENTE CARMONA,618,ROT,127,6,TETUAN,30,8,0.062,0.07400000000000001
2024,7,PRESIDENTE CARMONA,618,ROT,127,6,TETUAN,31,7,0.055999999999999994,0.062
2024,8,PRESIDENTE CARMONA,618,ROT,127,6,TETUAN,31,3,0.025,0.027999999999999997
2024,9,PRESIDENTE CARMONA,618,ROT,127,6,TETUAN,30,8,0.059000000000000004,0.066
2024,10,PRESIDENTE CARMONA,618,ROT,127,6,TETUAN,31,8,0.059000000000000004,0.067
2024,11,PRESIDENTE CARMONA,618,ROT,127,6,TETUAN,30,7,0.057,0.064
2024,12,PRESIDENTE CARMONA,618,ROT,127,6,TETUAN,31,7,0.057999999999999996,0.066
2024,1,PRíNCIPE DE VERGARA (AUDITORIO),5015,ROT,366,5,CHAMARTIN,31,7,0.019,0.036000000000000004
2024,2,PRíNCIPE DE VERGARA (AUDITORIO),5015,ROT,366,5,CHAMARTIN,29,8,0.023,0.040999999999999995
2024,3,PRíNCIPE DE VERGARA (AUDITORIO),5015,ROT,366,5,CHAMARTIN,31,6,0.017,0.031
2024,4,PRíNCIPE DE VERGARA (AUDITORIO),5015,ROT,366,5,CHAMARTIN,30,6,0.015,0.03
2024,5,PRíNCIPE DE VERGARA (AUDITORIO),5015,ROT,366,5,CHAMARTIN,31,6,0.017,0.032
2024,6,PRíNCIPE DE VERGARA (AUDITORIO),5015,ROT,366,5,CHAMARTIN,30,6,0.016,0.03
2024,7,PRíNCIPE DE VERGARA (AUDITORIO),5015,ROT,366,5,CHAMARTIN,30,2,0.005,0.009000000000000001
2024,8,PRíNCIPE DE VERGARA (AUDITORIO),5015,ROT,366,5,CHAMARTIN,29,0,0.001,0.002
2024,9,PRíNCIPE DE VERGARA (AUDITORIO),5015,ROT,366,5,CHAMARTIN,30,3,0.009000000000000001,0.017
2024,10,PRíNCIPE DE VERGARA (AUDITORIO),5015,ROT,366,5,CHAMARTIN,31,7,0.019,0.034
2024,1,PUERTA DE TOLEDO,5016,ROT,240,1,CENTRO,31,17,0.069,0.115
2024,2,PUERTA DE TOLEDO,5016,ROT,240,1,CENTRO,29,18,0.076,0.126
2024,3,PUERTA DE TOLEDO,5016,ROT,240,1,CENTRO,31,17,0.07200000000000001,0.121
2024,4,PUERTA DE TOLEDO,5016,ROT,240,1,CENTRO,30,16,0.068,0.11199999999999999
2024,5,PUERTA DE TOLEDO,5016,ROT,240,1,CENTRO,31,16,0.066,0.11
2024,6,PUERTA DE TOLEDO,5016,ROT,240,1,CENTRO,30,18,0.07400000000000001,0.124
2024,7,PUERTA DE TOLEDO,5016,ROT,240,1,CENTRO,31,13,0.054000000000000006,0.09
2024,8,PUERTA DE TOLEDO,5016,ROT,240,1,CENTRO,31,7,0.03,0.048
2024,9,PUERTA DE TOLEDO,5016,ROT,240,1,CENTRO,30,17,0.071,0.11699999999999999
2024,10,PUERTA DE TOLEDO,5016,ROT,240,1,CENTRO,31,17,0.07,0.11599999999999999
2024,11,PUERTA DE TOLEDO,5016,ROT,240,1,CENTRO,30,109,0.45399999999999996,0.54
2024,12,PUERTA DE TOLEDO,5016,ROT,240,1,CENTRO,31,22,0.09300000000000001,0.155
2024,1,REPÚBLICA DOMINICANA,512,ROT,210,5,CHAMARTIN,31,20,0.09300000000000001,0.141
2024,2,REPÚBLICA DOMINICANA,512,ROT,210,5,CHAMARTIN,29,18,0.08800000000000001,0.132
2024,3,REPÚBLICA DOMINICANA,512,ROT,210,5,CHAMARTIN,31,15,0.073,0.111
2024,4,REPÚBLICA DOMINICANA,512,ROT,210,5,CHAMARTIN,30,17,0.083,0.121
2024,5,REPÚBLICA DOMINICANA,512,ROT,210,5,CHAMARTIN,31,18,0.087,0.11900000000000001
2024,6,REPÚBLICA DOMINICANA,512,ROT,210,5,CHAMARTIN,30,21,0.099,0.13699999999999998
2024,7,REPÚBLICA DOMINICANA,512,ROT,210,5,CHAMARTIN,31,19,0.091,0.125
2024,8,REPÚBLICA DOMINICANA,512,ROT,210,5,CHAMARTIN,31,8,0.036000000000000004,0.049
2024,9,REPÚBLICA DOMINICANA,512,ROT,210,5,CHAMARTIN,30,19,0.091,0.127
2024,10,REPÚBLICA DOMINICANA,512,ROT,210,5,CHAMARTIN,31,20,0.09699999999999999,0.142
2024,11,REPÚBLICA DOMINICANA,512,ROT,210,5,CHAMARTIN,30,22,0.10400000000000001,0.151
2024,12,REPÚBLICA DOMINICANA,512,ROT,210,5,CHAMARTIN,31,23,0.109,0.156
2024,1,REYES MAGOS,311,ROT,324,3,RETIRO,31,170,0.524,0.579
2024,2,REYES MAGOS,311,ROT,324,3,RETIRO,29,128,0.396,0.43700000000000006
2024,3,REYES MAGOS,311,ROT,324,3,RETIRO,31,96,0.297,0.327
2024,4,REYES MAGOS,311,ROT,324,3,RETIRO,30,89,0.27399999999999997,0.303
2024,5,REYES MAGOS,311,ROT,324,3,RETIRO,31,87,0.26899999999999996,0.295
2024,6,REYES MAGOS,311,ROT,324,3,RETIRO,30,100,0.307,0.35700000000000004
2024,7,REYES MAGOS,311,ROT,324,3,RETIRO,31,80,0.248,0.271
2024,8,REYES MAGOS,311,ROT,324,3,RETIRO,31,64,0.196,0.218
2024,9,REYES MAGOS,311,ROT,324,3,RETIRO,30,94,0.29,0.326
2024,10,REYES MAGOS,311,ROT,324,3,RETIRO,31,107,0.331,0.377
2024,11,REYES MAGOS,311,ROT,324,3,RETIRO,30,112,0.34600000000000003,0.39
2024,1,SAN CAYETANO,427,ROT,222,4,SALAMANCA,31,4,0.019,0.036000000000000004
2024,2,SAN CAYETANO,427,ROT,222,4,SALAMANCA,29,7,0.031,0.055
2024,3,SAN CAYETANO,427,ROT,222,4,SALAMANCA,31,5,0.021,0.037000000000000005
2024,4,SAN CAYETANO,427,ROT,222,4,SALAMANCA,30,5,0.021,0.038
2024,5,SAN CAYETANO,427,ROT,222,4,SALAMANCA,31,6,0.027999999999999997,0.052000000000000005
2024,6,SAN CAYETANO,427,ROT,222,4,SALAMANCA,30,4,0.019,0.034
2024,7,SAN CAYETANO,427,ROT,222,4,SALAMANCA,31,3,0.013999999999999999,0.024
2024,8,SAN CAYETANO,427,ROT,222,4,SALAMANCA,31,2,0.006999999999999999,0.012
2024,9,SAN CAYETANO,427,ROT,222,4,SALAMANCA,30,4,0.017,0.031
2024,10,SAN CAYETANO,427,ROT,222,4,SALAMANCA,31,5,0.022000000000000002,0.040999999999999995
2024,11,SAN CAYETANO,427,ROT,222,4,SALAMANCA,30,4,0.02,0.037000000000000005
2024,12,SAN CAYETANO,427,ROT,222,4,SALAMANCA,31,4,0.019,0.034
2024,1,SAN GERMÁN II,613,ROT,419,6,TETUAN,31,25,0.059000000000000004,0.09
2024,2,SAN GERMÁN II,613,ROT,419,6,TETUAN,29,30,0.071,0.09699999999999999
2024,3,SAN GERMÁN II,613,ROT,419,6,TETUAN,31,33,0.08,0.099
2024,4,SAN GERMÁN II,613,ROT,419,6,TETUAN,30,25,0.059000000000000004,0.08
2024,5,SAN GERMÁN II,613,ROT,419,6,TETUAN,31,30,0.071,0.08900000000000001
2024,6,SAN GERMÁN II,613,ROT,419,6,TETUAN,30,22,0.052000000000000005,0.07200000000000001
2024,7,SAN GERMÁN II,613,ROT,419,6,TETUAN,31,16,0.038,0.055999999999999994
2024,8,SAN GERMÁN II,613,ROT,419,6,TETUAN,31,8,0.019,0.027999999999999997
2024,9,SAN GERMÁN II,613,ROT,419,6,TETUAN,30,29,0.07,0.079
2024,10,SAN GERMÁN II,613,ROT,419,6,TETUAN,31,33,0.079,0.099
2024,11,SAN GERMÁN II,613,ROT,419,6,TETUAN,30,25,0.06,0.087
2024,12,SAN GERMÁN II,613,ROT,419,6,TETUAN,31,28,0.067,0.099
2024,1,SÁNCHEZ BUSTILLO,104,ROT,132,1,CENTRO,31,19,0.14300000000000002,0.23399999999999999
2024,2,SÁNCHEZ BUSTILLO,104,ROT,132,1,CENTRO,29,20,0.155,0.25
2024,3,SÁNCHEZ BUSTILLO,104,ROT,132,1,CENTRO,31,20,0.149,0.23600000000000002
2024,4,SÁNCHEZ BUSTILLO,104,ROT,132,1,CENTRO,30,21,0.158,0.256
2024,5,SÁNCHEZ BUSTILLO,104,ROT,132,1,CENTRO,31,20,0.153,0.24600000000000002
2024,6,SÁNCHEZ BUSTILLO,104,ROT,132,1,CENTRO,30,21,0.159,0.256
2024,7,SÁNCHEZ BUSTILLO,104,ROT,132,1,CENTRO,31,15,0.11599999999999999,0.18100000000000002
2024,8,SÁNCHEZ BUSTILLO,104,ROT,132,1,CENTRO,31,12,0.094,0.145
2024,9,SÁNCHEZ BUSTILLO,104,ROT,132,1,CENTRO,30,18,0.138,0.215
2024,10,SÁNCHEZ BUSTILLO,104,ROT,132,1,CENTRO,31,22,0.168,0.27
2024,11,SÁNCHEZ BUSTILLO,104,ROT,132,1,CENTRO,30,22,0.168,0.26
2024,12,SÁNCHEZ BUSTILLO,104,ROT,132,1,CENTRO,31,19,0.146,0.22399999999999998
2024,1,SERRANO I,432,ROT,307,4,SALAMANCA,31,100,0.327,0.512
2024,2,SERRANO I,432,ROT,307,4,SALAMANCA,29,100,0.326,0.512
2024,3,SERRANO I,432,ROT,307,4,SALAMANCA,31,85,0.276,0.423
2024,4,SERRANO I,432,ROT,307,4,SALAMANCA,30,106,0.345,0.541
2024,5,SERRANO I,432,ROT,307,4,SALAMANCA,31,95,0.31,0.483
2024,6,SERRANO I,432,ROT,307,4,SALAMANCA,30,102,0.331,0.514
2024,7,SERRANO I,432,ROT,307,4,SALAMANCA,31,89,0.289,0.441
2024,8,SERRANO I,432,ROT,307,4,SALAMANCA,31,42,0.135,0.179
2024,9,SERRANO I,432,ROT,307,4,SALAMANCA,30,100,0.324,0.501
2024,10,SERRANO I,432,ROT,307,4,SALAMANCA,31,108,0.35200000000000004,0.5589999999999999
2024,11,SERRANO I,432,ROT,307,4,SALAMANCA,30,105,0.344,0.531
2024,12,SERRANO I,432,ROT,307,4,SALAMANCA,31,104,0.34,0.507
2024,1,SERRANO II,433,ROT,379,4,SALAMANCA,31,121,0.318,0.535
2024,2,SERRANO II,433,ROT,379,4,SALAMANCA,29,125,0.33,0.547
2024,3,SERRANO II,433,ROT,379,4,SALAMANCA,31,104,0.275,0.45899999999999996
2024,4,SERRANO II,433,ROT,379,4,SALAMANCA,30,128,0.337,0.5760000000000001
2024,5,SERRANO II,433,ROT,379,4,SALAMANCA,31,120,0.316,0.53
2024,6,SERRANO II,433,ROT,379,4,SALAMANCA,30,124,0.327,0.5489999999999999
2024,7,SERRANO II,433,ROT,379,4,SALAMANCA,31,111,0.292,0.485
2024,8,SERRANO II,433,ROT,379,4,SALAMANCA,31,55,0.145,0.225
2024,9,SERRANO II,433,ROT,379,4,SALAMANCA,30,114,0.302,0.52
2024,10,SERRANO II,433,ROT,379,4,SALAMANCA,31,130,0.342,0.585
2024,11,SERRANO II,433,ROT,379,4,SALAMANCA,30,137,0.36200000000000004,0.5920000000000001
2024,12,SERRANO II,433,ROT,379,4,SALAMANCA,31,130,0.34299999999999997,0.562
2024,1,SERRANO III,434,ROT,261,4,SALAMANCA,31,106,0.408,0.6659999999999999
2024,2,SERRANO III,434,ROT,261,4,SALAMANCA,29,110,0.42100000000000004,0.674
2024,3,SERRANO III,434,ROT,261,4,SALAMANCA,31,100,0.382,0.608
2024,4,SERRANO III,434,ROT,261,4,SALAMANCA,30,117,0.449,0.73
2024,5,SERRANO III,434,ROT,261,4,SALAMANCA,31,106,0.40700000000000003,0.66
2024,6,SERRANO III,434,ROT,261,4,SALAMANCA,30,121,0.46399999999999997,0.74
2024,7,SERRANO III,434,ROT,261,4,SALAMANCA,31,92,0.35100000000000003,0.544
2024,8,SERRANO III,434,ROT,261,4,SALAMANCA,31,45,0.17300000000000001,0.255
2024,9,SERRANO III,434,ROT,261,4,SALAMANCA,30,106,0.406,0.657
2024,10,SERRANO III,434,ROT,261,4,SALAMANCA,31,115,0.442,0.7140000000000001
2024,11,SERRANO III,434,ROT,261,4,SALAMANCA,30,121,0.462,0.73
2024,12,SERRANO III,434,ROT,261,4,SALAMANCA,31,127,0.485,0.753
2024,1,SEVILLA,114,ROT,393,1,CENTRO,31,38,0.098,0.17600000000000002
2024,2,SEVILLA,114,ROT,393,1,CENTRO,29,38,0.098,0.171
2024,3,SEVILLA,114,ROT,393,1,CENTRO,31,36,0.091,0.162
2024,4,SEVILLA,114,ROT,393,1,CENTRO,30,40,0.10300000000000001,0.183
2024,5,SEVILLA,114,ROT,393,1,CENTRO,31,37,0.095,0.168
2024,6,SEVILLA,114,ROT,393,1,CENTRO,30,40,0.102,0.179
2024,7,SEVILLA,114,ROT,393,1,CENTRO,31,34,0.087,0.151
2024,8,SEVILLA,114,ROT,393,1,CENTRO,31,31,0.079,0.131
2024,9,SEVILLA,114,ROT,393,1,CENTRO,30,42,0.107,0.187
2024,10,SEVILLA,114,ROT,393,1,CENTRO,31,44,0.111,0.198
2024,11,SEVILLA,114,ROT,393,1,CENTRO,30,46,0.11599999999999999,0.207
2024,12,SEVILLA,114,ROT,393,1,CENTRO,31,50,0.127,0.225
2024,1,VELÁZQUEZ AYALA,424,ROT,444,4,SALAMANCA,31,138,0.31,0.493
2024,2,VELÁZQUEZ AYALA,424,ROT,444,4,SALAMANCA,29,138,0.311,0.478
2024,3,VELÁZQUEZ AYALA,424,ROT,444,4,SALAMANCA,31,118,0.265,0.408
2024,4,VELÁZQUEZ AYALA,424,ROT,444,4,SALAMANCA,16,134,0.302,0.48
2024,1,VELÁZQUEZ JORGE JUAN,423,ROT,547,4,SALAMANCA,31,204,0.373,0.564
2024,2,VELÁZQUEZ JORGE JUAN,423,ROT,547,4,SALAMANCA,29,211,0.385,0.5720000000000001
2024,3,VELÁZQUEZ JORGE JUAN,423,ROT,547,4,SALAMANCA,31,184,0.336,0.489
2024,4,VELÁZQUEZ JORGE JUAN,423,ROT,547,4,SALAMANCA,30,165,0.302,0.457
2024,5,VELÁZQUEZ JORGE JUAN,423,ROT,547,4,SALAMANCA,31,117,0.213,0.32899999999999996
2024,6,VELÁZQUEZ JORGE JUAN,423,ROT,547,4,SALAMANCA,30,121,0.222,0.344
2024,7,VELÁZQUEZ JORGE JUAN,423,ROT,547,4,SALAMANCA,31,93,0.171,0.27399999999999997
2024,8,VELÁZQUEZ JORGE JUAN,423,ROT,547,4,SALAMANCA,31,45,0.08199999999999999,0.121
2024,9,VELÁZQUEZ JORGE JUAN,423,ROT,547,4,SALAMANCA,30,110,0.2,0.322
2024,10,VELÁZQUEZ JORGE JUAN,423,ROT,547,4,SALAMANCA,31,118,0.215,0.341
2024,11,VELÁZQUEZ JORGE JUAN,423,ROT,547,4,SALAMANCA,30,121,0.222,0.34299999999999997
2024,12,VELÁZQUEZ JORGE JUAN,423,ROT,547,4,SALAMANCA,31,118,0.215,0.324
2024,1,VELÁZQUEZ JUAN BRAVO,5019,ROT,360,4,SALAMANCA,31,85,0.23600000000000002,0.40399999999999997
2024,2,VELÁZQUEZ JUAN BRAVO,5019,ROT,360,4,SALAMANCA,29,93,0.258,0.44
2024,3,VELÁZQUEZ JUAN BRAVO,5019,ROT,360,4,SALAMANCA,28,76,0.21100000000000002,0.366
2024,1,VERDAGUER Y GARCÍA,1524,ROT,83,15,CIUDAD LINEAL,31,19,0.23199999999999998,0.348
2024,2,VERDAGUER Y GARCÍA,1524,ROT,83,15,CIUDAD LINEAL,29,17,0.203,0.297
2024,3,VERDAGUER Y GARCÍA,1524,ROT,83,15,CIUDAD LINEAL,31,17,0.204,0.278
2024,4,VERDAGUER Y GARCÍA,1524,ROT,83,15,CIUDAD LINEAL,30,15,0.182,0.261
2024,5,VERDAGUER Y GARCÍA,1524,ROT,83,15,CIUDAD LINEAL,31,15,0.184,0.228
2024,6,VERDAGUER Y GARCÍA,1524,ROT,83,15,CIUDAD LINEAL,30,14,0.174,0.098
2024,7,VERDAGUER Y GARCÍA,1524,ROT,83,15,CIUDAD LINEAL,31,11,0.139,0.073
2024,8,VERDAGUER Y GARCÍA,1524,ROT,83,15,CIUDAD LINEAL,31,11,0.134,0.10099999999999999
2024,9,VERDAGUER Y GARCÍA,1524,ROT,83,15,CIUDAD LINEAL,30,11,0.138,0.067
2024,10,VERDAGUER Y GARCÍA,1524,ROT,83,15,CIUDAD LINEAL,31,16,0.198,0.107
2024,11,VERDAGUER Y GARCÍA,1524,ROT,83,15,CIUDAD LINEAL,30,15,0.177,0.09699999999999999
2024,12,VERDAGUER Y GARCÍA,1524,ROT,83,15,CIUDAD LINEAL,31,19,0.22699999999999998,0.136
2024,1,VILLA DE PARÍS,5020,ROT,179,1,CENTRO,31,121,0.6759999999999999,0.8190000000000001
2024,2,VILLA DE PARÍS,5020,ROT,179,1,CENTRO,28,127,0.708,0.87
2024,3,VILLA DE PARÍS,5020,ROT,179,1,CENTRO,30,120,0.669,0.799
2024,4,VILLA DE PARÍS,5020,ROT,179,1,CENTRO,30,131,0.7340000000000001,0.893
2024,5,VILLA DE PARÍS,5020,ROT,179,1,CENTRO,31,124,0.695,0.823
2024,6,VILLA DE PARÍS,5020,ROT,179,1,CENTRO,20,121,0.675,0.795
2024,7,VILLA DE PARÍS,5020,ROT,179,1,CENTRO,31,111,0.619,0.7090000000000001
2024,8,VILLA DE PARÍS,5020,ROT,179,1,CENTRO,31,94,0.526,0.58
2024,9,VILLA DE PARÍS,5020,ROT,179,1,CENTRO,29,115,0.645,0.758
2024,10,VILLA DE PARÍS,5020,ROT,179,1,CENTRO,31,122,0.679,0.807
2024,11,VILLA DE PARÍS,5020,ROT,179,1,CENTRO,30,131,0.732,0.8690000000000001
2024,12,VILLA DE PARÍS,5020,ROT,179,1,CENTRO,30,119,0.667,0.774
